ISO-10303-21;
HEADER;
/* Generated by software containing ST-Developer
 * from STEP Tools, Inc. (www.steptools.com) 
 */
/* OPTION: using custom renumber hook */

FILE_DESCRIPTION(
/* description */ ('STEP AP242 Edition 2',
'CAx-IF Rec.Pracs.---Representation and Presentation of Product Manufa
cturing Information (PMI)---4.0---2014-10-13',
'CAx-IF Rec.Pracs.---3D Tessellated Geometry---0.4---2014-09-14','2;1',
'CAx-IF Rec.Pracs.---User Defined Attributes---1.5---2016-08-15'),
/* implementation_level */ '2;1');

FILE_NAME(
/* name */ 'layout changing macropad case',
/* time_stamp */ '2026-09-10T12:01:18Z',
/* author */ (''),
/* organization */ (''),
/* preprocessor_version */ 'ST-DEVELOPER v20',
/* originating_system */ 'ONSHAPE BY PTC INC, 1.220',
/* authorisation */ '  ');

FILE_SCHEMA (('AP242_MANAGED_MODEL_BASED_3D_ENGINEERING_MIM_LF { 1 0 10303 442 3 1 4 }'));
ENDSEC;

DATA;
#10=SHAPE_REPRESENTATION_RELATIONSHIP('','',#73,#13);
#11=SHAPE_REPRESENTATION_RELATIONSHIP('','',#74,#14);
#12=SHAPE_REPRESENTATION_RELATIONSHIP('','',#75,#15);
#13=TESSELLATED_SHAPE_REPRESENTATION('',(#67),#91);
#14=TESSELLATED_SHAPE_REPRESENTATION('',(#68),#92);
#15=TESSELLATED_SHAPE_REPRESENTATION('',(#69),#93);
#16=STYLED_ITEM('',(#22),#61);
#17=STYLED_ITEM('',(#23),#67);
#18=STYLED_ITEM('',(#24),#62);
#19=STYLED_ITEM('',(#25),#68);
#20=STYLED_ITEM('',(#26),#63);
#21=STYLED_ITEM('',(#27),#69);
#22=PRESENTATION_STYLE_ASSIGNMENT((#28));
#23=PRESENTATION_STYLE_ASSIGNMENT((#29));
#24=PRESENTATION_STYLE_ASSIGNMENT((#30));
#25=PRESENTATION_STYLE_ASSIGNMENT((#31));
#26=PRESENTATION_STYLE_ASSIGNMENT((#32));
#27=PRESENTATION_STYLE_ASSIGNMENT((#33));
#28=SURFACE_STYLE_USAGE(.BOTH.,#34);
#29=SURFACE_STYLE_USAGE(.BOTH.,#35);
#30=SURFACE_STYLE_USAGE(.BOTH.,#36);
#31=SURFACE_STYLE_USAGE(.BOTH.,#37);
#32=SURFACE_STYLE_USAGE(.BOTH.,#38);
#33=SURFACE_STYLE_USAGE(.BOTH.,#39);
#34=SURFACE_SIDE_STYLE('',(#40));
#35=SURFACE_SIDE_STYLE('',(#41));
#36=SURFACE_SIDE_STYLE('',(#42));
#37=SURFACE_SIDE_STYLE('',(#43));
#38=SURFACE_SIDE_STYLE('',(#44));
#39=SURFACE_SIDE_STYLE('',(#45));
#40=SURFACE_STYLE_FILL_AREA(#46);
#41=SURFACE_STYLE_FILL_AREA(#47);
#42=SURFACE_STYLE_FILL_AREA(#48);
#43=SURFACE_STYLE_FILL_AREA(#49);
#44=SURFACE_STYLE_FILL_AREA(#50);
#45=SURFACE_STYLE_FILL_AREA(#51);
#46=FILL_AREA_STYLE('',(#52));
#47=FILL_AREA_STYLE('',(#53));
#48=FILL_AREA_STYLE('',(#54));
#49=FILL_AREA_STYLE('',(#55));
#50=FILL_AREA_STYLE('',(#56));
#51=FILL_AREA_STYLE('',(#57));
#52=FILL_AREA_STYLE_COLOUR('',#58);
#53=FILL_AREA_STYLE_COLOUR('',#58);
#54=FILL_AREA_STYLE_COLOUR('',#59);
#55=FILL_AREA_STYLE_COLOUR('',#59);
#56=FILL_AREA_STYLE_COLOUR('',#60);
#57=FILL_AREA_STYLE_COLOUR('',#60);
#58=COLOUR_RGB('',0.231372549019608,0.380392156862745,0.705882352941177);
#59=COLOUR_RGB('',0.615686274509804,0.811764705882353,0.929411764705882);
#60=COLOUR_RGB('',0.647058823529412,0.647058823529412,0.647058823529412);
#61=COMPLEX_TRIANGULATED_FACE('ConvergentBody',#64,4273,((-1.,0.,0.),(0.,
0.,1.),(0.,1.,0.),(-1.,0.,0.),(0.,0.,-1.),(0.,-1.,0.),(0.,-1.,0.),(-1.,
0.,0.),(0.,0.,1.),(0.,-1.,0.),(0.,0.,-1.),(1.,0.,0.),(-1.,0.,0.),(0.,1.,
0.),(0.,0.,-1.),(0.,1.,0.),(0.,0.,-1.),(1.,0.,0.),(0.,0.,1.),(0.,1.,0.),
(1.,0.,0.),(0.,0.,1.),(0.,-1.,0.),(1.,0.,0.),(0.,1.,0.),(0.,0.,-1.),(1.,
0.,0.),(1.,0.,0.),(0.,1.,0.),(0.,0.,1.),(0.,0.,1.),(1.,0.,0.),(0.,-1.,0.),
(0.,0.,1.),(1.,0.,0.),(0.,1.,0.),(1.,0.,0.),(0.,1.,0.),(0.,0.,1.),(0.,1.,
0.),(0.,0.,1.),(-1.,0.,0.),(1.,0.,0.),(0.,0.,1.),(0.,-1.,0.),(0.,0.,1.),
(-1.,0.,0.),(0.,1.,0.),(0.,0.,1.),(0.,-1.,0.),(-1.,0.,0.),(0.,0.,1.),(1.,
0.,0.),(0.,-1.,0.),(0.,1.,0.),(0.,0.,1.),(-1.,0.,0.),(0.,-1.,0.),(1.,0.,
0.),(0.,0.,-1.),(0.,0.,1.),(0.,-1.,0.),(0.,0.,1.),(0.,-1.,0.),(1.,0.,0.),
(0.,-1.,0.),(1.,0.,0.),(0.,0.,1.),(0.,0.,1.),(-1.,0.,0.),(0.,1.,0.),(-1.,
0.,0.),(0.,-1.,0.),(0.,0.,1.),(0.,0.,1.),(-0.998768142759154,0.0496205301204001,
0.),(0.,0.,1.),(-0.999999996374017,8.51584728813242E-5,0.),(0.,0.,1.),(-0.998772364746207,
-0.0495354763706784,0.),(0.,0.,1.),(-0.995347694907593,-0.0963481512128868,
0.),(0.,0.,1.),(-0.989297846966965,-0.145910143535424,0.),(0.,0.,1.),(-0.980814857046434,
-0.194941571238625,0.),(0.,0.,1.),(-0.969609291222418,-0.244658583285278,
0.),(0.,0.,1.),(-0.956542205998667,-0.291593909646966,0.),(0.,0.,1.),(-0.942063535496299,
-0.335434487028709,0.),(0.,0.,1.),(-0.924218768489926,-0.381863415334548,
0.),(0.,0.,1.),(-0.903538876709209,-0.428506123964478,0.),(0.,0.,1.),(-0.881224341337356,
-0.472698276107014,0.),(0.,0.,1.),(-0.857992398533839,-0.513662383339631,
0.),(0.,0.,1.),(-0.832059073762872,-0.554687026861879,0.),(0.,0.,1.),(-0.802831515972335,
-0.596205968572574,0.),(0.,0.,1.),(-0.772195372917666,-0.635385163538264,
0.),(0.,0.,1.),(-0.741294893256017,-0.671179470210874,0.),(0.,0.,1.),(-0.708516743090644,
-0.705694002213584,0.),(0.,0.,1.),(-0.671243699946792,-0.741236733629507,
0.),(0.,0.,1.),(-0.635306310973749,-0.772260248385818,0.),(0.,0.,1.),(-0.594398641763176,
-0.804170538300236,0.),(0.,0.,1.),(-0.55335906150809,-0.832942824596554,
0.),(0.,0.,1.),(-0.515767953666721,-0.856728322147951,0.),(0.,0.,1.),(-0.472684655469428,
-0.881231647459252,0.),(0.,0.,1.),(-0.426094973295595,-0.904678436645987,
0.),(0.,0.,1.),(-0.38192874503183,-0.924191773236708,0.),(0.,0.,1.),(-0.338002827829292,
-0.941145094222672,0.),(0.,0.,1.),(-0.29160130926603,-0.956539950255261,
0.),(0.,0.,1.),(-0.242516985993148,-0.970147159715885,0.),(0.,0.,1.),(-0.19558452833036,
-0.980686847203423,0.),(0.,0.,1.),(-0.14838763534261,-0.988929274355567,
0.),(0.,0.,1.),(-0.0959839636292565,-0.995382880466616,0.),(0.,0.,1.),(-0.0467149305395995,
-0.998908261686067,0.),(0.,0.,1.),(-6.74329446796088E-5,-0.999999997726399,
0.),(0.,0.,1.),(0.0466475711078409,-0.998911409540275,0.),(0.,0.,1.),(0.,
-1.,0.),(0.,1.,0.),(0.,0.,1.),(0.,0.,1.),(-0.999999996346553,-8.54803751454713E-5,
0.),(0.,0.,1.),(-0.998768104105548,-0.0496213081388271,0.),(0.,0.,1.),(-0.998772342104637,
0.0495359328853188,0.),(0.,0.,1.),(-0.995347694907593,0.0963481512128854,
0.),(0.,0.,1.),(0.,0.,1.),(-0.995347619854198,0.0963489265668443,0.),(0.,
0.,1.),(-0.989297572476753,0.145912004617867,0.),(0.,0.,1.),(-0.980814490317555,
0.19494341636258,0.),(0.,0.,1.),(-0.969610022793453,0.244655683969287,0.),
(0.,0.,1.),(-0.956543077915225,0.291591049403902,0.),(0.,0.,1.),(-0.942062204474559,
0.335438225163046,0.),(0.,0.,1.),(-0.924218978590928,0.381862906829586,
0.),(0.,0.,1.),(-0.903540812789374,0.428502041563302,0.),(0.,0.,1.),(-0.881226945669989,
0.472693420966637,0.),(0.,0.,1.),(-0.857992186244902,0.513662737934818,
0.),(0.,0.,1.),(-0.832055788438875,0.554691954985253,0.),(0.,0.,1.),(-0.802831515972319,
0.596205968572596,0.),(0.,0.,1.),(-0.772195372917777,0.63538516353813,0.),
(0.,0.,1.),(-0.741294893256026,0.671179470210865,0.),(0.,0.,1.),(-0.708522439378563,
0.705688283094633,0.),(0.,0.,1.),(-0.671249683134433,0.741231315374575,
0.),(0.,0.,1.),(-0.635292811566877,0.77227135358723,0.),(0.,0.,1.),(-0.594384584562619,
0.804180928419919,0.),(0.,0.,1.),(-0.553366873352062,0.83293763480621,0.),
(0.,0.,1.),(-0.515775988587452,0.856723484910176,0.),(0.,0.,1.),(-0.472693420966766,
0.881226945669919,0.),(0.,0.,1.),(-0.426103972018331,0.904674198278143,
0.),(0.,0.,1.),(-0.381919166213687,0.924195731692504,0.),(0.,0.,1.),(-0.33799307330054,
0.941148597406837,0.),(0.,0.,1.),(-0.291591049403891,0.956543077915228,
0.),(0.,0.,1.),(-0.242517142028723,0.970147120710164,0.),(0.,0.,1.),(-0.195595204894482,
0.980684717848854,0.),(0.,0.,1.),(-0.14839850216737,0.988927643740674,0.),
(0.,0.,1.),(-0.0959949013724222,0.995381825688263,0.),(0.,0.,1.),(-0.0467037950621272,
0.998908782385456,0.),(0.,0.,1.),(-6.73687311806119E-5,0.999999997730727,
0.),(0.,0.,1.),(0.0466364997386257,0.998911926494088,0.),(0.,0.,1.),(1.,
0.,0.),(0.,1.,0.),(1.,0.,0.),(0.,1.,0.),(0.,0.,1.),(0.,0.,1.),(-0.999999996374017,
8.51584728813242E-5,0.),(-0.998772364746207,-0.0495354763706784,0.),(0.,
0.,1.),(0.,0.,1.),(0.999999982797926,-0.000185483550539488,0.),(-0.998768142759154,
0.0496205301204001,0.),(0.,0.,1.),(0.,0.,1.),(-0.998768104105548,-0.0496213081388271,
0.),(-0.999999996346553,-8.54803751454713E-5,0.),(0.,0.,1.),(0.,0.,1.),
(-0.998772342104637,0.0495359328853188,0.),(0.,0.,1.),(0.999999982926733,
0.000184787808547436,0.),(-0.995347694907593,-0.0963481512128868,0.),(0.,
0.,1.),(0.,0.,1.),(0.995518757892474,0.0945642780558553,0.),(0.,0.,1.),
(0.998863622958209,0.0476598649893384,0.),(-0.995347694907593,0.0963481512128854,
0.),(0.,0.,1.),(0.,0.,1.),(0.99548448629341,-0.0949243780550851,0.),(0.,
0.,1.),(0.998876759544862,-0.0473837444822162,0.),(-0.995347882947573,-0.0963462086009805,
0.),(0.,0.,1.),(-0.995347882947573,-0.0963462086009805,0.),(0.,0.,1.),(0.,
0.,1.),(0.995484924346721,0.0949197840200013,0.),(0.,0.,1.),(0.998876677440497,
0.0473854752580677,0.),(-0.995347619854198,0.0963489265668443,0.),(0.,0.,
1.),(0.,0.,1.),(0.995518802366814,-0.094563809854216,0.),(0.,0.,1.),(0.998863759481166,
-0.0476570036316827,0.),(-0.989297846966965,-0.145910143535424,0.),(0.,
0.,1.),(0.,0.,1.),(0.988794036757949,0.149286144273069,0.),(-0.989297846966964,
0.145910143535427,0.),(0.,0.,1.),(-0.989297846966964,0.145910143535427,
0.),(0.,0.,1.),(0.,0.,1.),(-0.989297970910543,-0.145909303172495,0.),(0.,
0.,1.),(-0.989297970910543,-0.145909303172495,0.),(-0.989297572476753,0.145912004617867,
0.),(0.,0.,1.),(0.,0.,1.),(0.988792883907025,-0.14929377996028,0.),(-0.980814857046434,
-0.194941571238625,0.),(0.,0.,1.),(0.,0.,1.),(-0.980814857046434,0.194941571238624,
0.),(0.,0.,1.),(-0.980814857046434,0.194941571238624,0.),(0.,0.,1.),(0.988670742808083,
-0.150100507378603,0.),(-0.980814490317543,-0.194943416362643,0.),(0.,0.,
1.),(-0.980814490317543,-0.194943416362643,0.),(0.,0.,1.),(0.,0.,1.),(0.988671000291,
0.150098811399672,0.),(-0.980814490317555,0.19494341636258,0.),(0.,0.,1.),
(0.,0.,1.),(-0.969609291222418,-0.244658583285278,0.),(0.,0.,1.),(0.969748927867324,
0.244104520441913,0.),(0.,0.,1.),(0.9803349297463,0.197340886587947,0.),
(-0.969610022793453,0.244655683969287,0.),(0.,0.,1.),(-0.969610022793453,
0.244655683969287,0.),(0.,0.,1.),(0.,0.,1.),(0.969748927867325,-0.244104520441905,
0.),(0.,0.,1.),(0.980334929746304,-0.197340886587927,0.),(-0.969610022793519,
-0.244655683969024,0.),(0.,0.,1.),(-0.969610022793519,-0.244655683969024,
0.),(0.,0.,1.),(0.,0.,1.),(0.969748927867324,0.244104520441913,0.),(0.,
0.,1.),(0.980334015616947,0.197345427675311,0.),(-0.969610022793453,0.244655683969287,
0.),(0.,0.,1.),(0.,0.,1.),(0.969752349862117,-0.244090925552144,0.),(0.,
0.,1.),(0.980334015616924,-0.197345427675429,0.),(-0.956542205998667,-0.291593909646966,
0.),(0.,0.,1.),(0.,0.,1.),(-0.956542059313562,0.291594390831117,0.),(0.,
0.,1.),(-0.956542059313562,0.291594390831117,0.),(-0.956543077915224,-0.291591049403904,
0.),(0.,0.,1.),(-0.956543077915224,-0.291591049403904,0.),(0.,0.,1.),(0.,
0.,1.),(-0.956543077915225,0.291591049403902,0.),(-0.942063535496299,-0.335434487028709,
0.),(0.,0.,1.),(0.,0.,1.),(0.943110447623953,0.33247959874637,0.),(0.,0.,
1.),(0.956506769657387,0.291710129408614,0.),(-0.94206236373921,0.335437777875558,
0.),(0.,0.,1.),(-0.94206236373921,0.335437777875558,0.),(0.,0.,1.),(0.,
0.,1.),(0.943110447623953,-0.33247959874637,0.),(0.,0.,1.),(0.956506769657382,
-0.291710129408629,0.),(-0.942062204474558,-0.335438225163048,0.),(0.,0.,
1.),(-0.942062204474558,-0.335438225163048,0.),(0.,0.,1.),(0.,0.,1.),(0.943110447623953,
0.33247959874637,0.),(0.,0.,1.),(0.956506769657387,0.291710129408614,0.),
(-0.942062204474559,0.335438225163046,0.),(0.,0.,1.),(0.,0.,1.),(0.943110447623953,
-0.33247959874637,0.),(0.,0.,1.),(0.95651085903434,-0.291696720155352,0.),
(-0.924218768489926,-0.381863415334548,0.),(0.,0.,1.),(0.,0.,1.),(0.924654674586502,
0.380806686870557,0.),(-0.924218768489929,0.38186341533454,0.),(0.,0.,1.),
(-0.924218768489929,0.38186341533454,0.),(0.,0.,1.),(0.,0.,1.),(0.924654674586399,
-0.380806686870807,0.),(-0.924215527794132,-0.381871258651675,0.),(0.,0.,
1.),(-0.924215527794132,-0.381871258651675,0.),(0.,0.,1.),(0.,0.,1.),(0.924654674586502,
0.380806686870557,0.),(-0.924218978590928,0.381862906829586,0.),(0.,0.,
1.),(0.,0.,1.),(0.924646587281136,-0.380826323445937,0.),(-0.903538876709209,
-0.428506123964478,0.),(0.,0.,1.),(0.,0.,1.),(-0.903538876709213,0.428506123964471,
0.),(0.,0.,1.),(-0.903538876709213,0.428506123964471,0.),(-0.903536940532122,
-0.428510206522379,0.),(0.,0.,1.),(-0.903536940532122,-0.428510206522379,
0.),(0.,0.,1.),(0.,0.,1.),(-0.903540812789374,0.428502041563302,0.),(-0.881224341337356,
-0.472698276107014,0.),(0.,0.,1.),(0.,0.,1.),(0.883258673470409,0.468886037048762,
0.),(0.,0.,1.),(0.903751442268747,0.428057625322993,0.),(-0.881224341337365,
0.472698276106998,0.),(0.,0.,1.),(-0.881224341337365,0.472698276106998,
0.),(0.,0.,1.),(0.,0.,1.),(0.883264643896642,-0.468874790154192,0.),(0.,
0.,1.),(0.903751442268737,-0.428057625323013,0.),(-0.881226945669981,-0.472693420966652,
0.),(0.,0.,1.),(-0.881226945669981,-0.472693420966652,0.),(0.,0.,1.),(0.,
0.,1.),(0.883258123079163,0.468887073840466,0.),(0.,0.,1.),(0.90375639085137,
0.428047177300945,0.),(-0.881226945669989,0.472693420966637,0.),(0.,0.,
1.),(0.,0.,1.),(0.883270064355213,-0.468864578971304,0.),(0.,0.,1.),(0.903747300316191,
-0.428066370053987,0.),(-0.857992398533839,-0.513662383339631,0.),(0.,0.,
1.),(0.,0.,1.),(0.856339105079578,0.516413920330879,0.),(-0.857992398533839,
0.513662383339631,0.),(0.,0.,1.),(-0.857992398533839,0.513662383339631,
0.),(0.,0.,1.),(0.,0.,1.),(0.856345680697816,-0.516403016209427,0.),(-0.857998270729857,
-0.513652574630533,0.),(0.,0.,1.),(-0.857998270729857,-0.513652574630533,
0.),(0.,0.,1.),(0.,0.,1.),(0.668537447068165,0.743678480169744,0.),(0.,
0.,1.),(0.85633976569309,0.516412824872412,0.),(0.,0.,1.),(0.829912902962654,
0.557892976740252,0.),(0.,0.,1.),(0.804898761558035,0.593412153264779,0.),
(0.,0.,1.),(0.771656894514434,0.636039021718274,0.),(0.,0.,1.),(0.743247177148033,
0.66901691582611,0.),(0.,0.,1.),(0.707133675317356,0.707079886032808,0.),
(-0.857992186244902,0.513662737934818,0.),(0.,0.,1.),(0.,0.,1.),(0.856338443240107,
-0.516415017819109,0.),(-0.832059073762872,-0.554687026861879,0.),(0.,0.,
1.),(0.,0.,1.),(-0.832986851431996,0.553292784465341,0.),(0.,0.,1.),(-0.832986851431996,
0.553292784465341,0.),(-0.832990128345165,-0.553287851013833,0.),(0.,0.,
1.),(-0.832990128345165,-0.553287851013833,0.),(0.,0.,1.),(0.,0.,1.),(-0.772271852330877,
-0.635292205286226,0.),(0.,0.,1.),(0.0474332682549356,0.998874409053839,
0.),(0.,0.,1.),(0.636455837754365,0.771313144311951,0.),(0.,0.,1.),(0.594372262177591,
0.804190035970288,0.),(0.,0.,1.),(0.557891450273841,0.829913929098283,0.),
(0.,0.,1.),(0.516415017818761,0.856338443240316,0.),(0.,0.,1.),(0.46882373833321,
0.883291742503729,0.),(0.,0.,1.),(0.428067446668118,0.903746790369426,0.),
(0.,0.,1.),(0.380870177810127,0.924628524140848,0.),(0.,0.,1.),(0.33243321022823,
0.943126799925309,0.),(0.,0.,1.),(0.291697282332391,0.956510687593138,0.),
(0.,0.,1.),(0.244139193741868,0.969740199269408,0.),(0.,0.,1.),(0.197345427675266,
0.980334015616956,0.),(0.,0.,1.),(0.150054194830011,0.988677772893634,0.),
(0.,0.,1.),(0.0949224908728286,0.995484666243784,0.),(-0.832055788438875,
0.554691954985253,0.),(0.,0.,1.),(0.,0.,1.),(-0.802831515972335,-0.596205968572574,
0.),(0.,0.,1.),(0.804907623872777,0.593400132315018,0.),(0.,0.,1.),(0.829913416726109,
0.557892212472979,0.),(-0.802762933855056,0.59629830792014,0.),(0.,0.,1.),
(-0.802762933855056,0.59629830792014,0.),(0.,0.,1.),(0.,0.,1.),(0.804908212530397,
-0.593399333839465,0.),(0.,0.,1.),(0.829905084706486,-0.557904606880352,
0.),(-0.802754749432455,-0.596309325990829,0.),(0.,0.,1.),(-0.802754749432455,
-0.596309325990829,0.),(0.,0.,1.),(0.,0.,1.),(-0.802831515972319,0.596205968572596,
0.),(0.,0.,1.),(0.804916485252089,-0.593388112258261,0.),(0.,0.,1.),(0.829913929098055,
-0.55789145027418,0.),(-0.772195372917666,-0.635385163538264,0.),(0.,0.,
1.),(0.,0.,1.),(0.771656894514434,0.636039021718274,0.),(-0.772275962794711,
0.635287208504548,0.),(0.,0.,1.),(-0.772275962794711,0.635287208504548,
0.),(0.,0.,1.),(0.,0.,1.),(0.771667024394417,-0.636026731719875,0.),(-0.772271852330877,
-0.635292205286226,0.),(0.,0.,1.),(0.,0.,1.),(-0.772195372917777,0.63538516353813,
0.),(0.,0.,1.),(0.771656894514434,-0.636039021718274,0.),(-0.741294893256017,
-0.671179470210874,0.),(0.,0.,1.),(0.,0.,1.),(-0.741236185460154,0.67124430527527,
0.),(0.,0.,1.),(-0.741236185460154,0.67124430527527,0.),(-0.741241055342664,
-0.671238927561932,0.),(0.,0.,1.),(-0.741241055342664,-0.671238927561932,
0.),(0.,0.,1.),(0.,0.,1.),(-0.741294893256026,0.671179470210865,0.),(-0.708516743090644,
-0.705694002213584,0.),(0.,0.,1.),(0.,0.,1.),(0.707316231164413,0.706897269149748,
0.),(0.,0.,1.),(0.740121762344811,0.672472881909458,0.),(-0.707095365489013,
0.707118196699788,0.),(0.,0.,1.),(-0.707095365489013,0.707118196699788,
0.),(0.,0.,1.),(0.,0.,1.),(0.707121224444665,-0.707092337633409,0.),(0.,
0.,1.),(0.743235396509133,-0.669030003345076,0.),(-0.707095365488992,-0.707118196699809,
0.),(0.,0.,1.),(-0.707095365488992,-0.707118196699809,0.),(0.,0.,1.),(0.,
0.,1.),(-0.381863924161186,0.924218558255686,0.),(-0.708522439378563,0.705688283094633,
0.),(0.,0.,1.),(0.,0.,1.),(0.707303033208305,-0.706910474681435,0.),(0.,
0.,1.),(0.74012176234481,-0.672472881909458,0.),(-0.671243699946792,-0.741236733629507,
0.),(0.,0.,1.),(0.,0.,1.),(-0.671243958646503,0.741236499358047,0.),(0.,
0.,1.),(-0.671243958646503,0.741236499358047,0.),(0.,0.,1.),(-0.635306064759294,
0.77226045093612,0.),(0.,0.,1.),(-0.596305324245818,0.802757722028315,0.),
(0.,0.,1.),(0.636440006109911,-0.771326207659779,0.),(0.,0.,1.),(0.668552087044862,
-0.743665319151,0.),(-0.671237716531717,-0.741242152002493,0.),(0.,0.,1.),
(-0.671237716531717,-0.741242152002493,0.),(0.,0.,1.),(0.,0.,1.),(-0.671249683134433,
0.741231315374575,0.),(-0.635306310973749,-0.772260248385818,0.),(0.,0.,
1.),(0.,0.,1.),(0.632350009133843,0.774682816350298,0.),(0.,0.,1.),(0.672201204038121,
0.740368517219432,0.),(-0.635306064759294,0.77226045093612,0.),(0.,0.,1.),
(0.,0.,1.),(-0.635306310973749,-0.772260248385818,0.),(0.,0.,1.),(-0.635306310973749,
-0.772260248385818,0.),(-0.635292811566877,0.77227135358723,0.),(0.,0.,
1.),(0.,0.,1.),(0.632349425190622,-0.774683293005012,0.),(0.,0.,1.),(0.672201955238729,
-0.740367835182776,0.),(-0.594398641763176,-0.804170538300236,0.),(0.,0.,
1.),(0.,0.,1.),(-0.596305324245818,0.802757722028315,0.),(-0.596312340333521,
-0.802752510283187,0.),(0.,0.,1.),(-0.596312340333521,-0.802752510283187,
0.),(0.,0.,1.),(0.,0.,1.),(-0.594384584562619,0.804180928419919,0.),(-0.55335906150809,
-0.832942824596554,0.),(0.,0.,1.),(0.,0.,1.),(0.557736136093574,0.830018314554209,
0.),(0.,0.,1.),(0.594544953223274,0.804062372329868,0.),(-0.553289857050496,
0.832988795894063,0.),(0.,0.,1.),(-0.553289857050496,0.832988795894063,
0.),(0.,0.,1.),(0.,0.,1.),(-0.553297718083654,-0.832983574365919,0.),(0.,
0.,1.),(-0.553297718083654,-0.832983574365919,0.),(-0.553366873352062,0.83293763480621,
0.),(0.,0.,1.),(0.,0.,1.),(0.557736136093502,-0.830018314554258,0.),(0.,
0.,1.),(0.59452851926987,-0.804074523769268,0.),(-0.515767953666721,-0.856728322147951,
0.),(0.,0.,1.),(0.,0.,1.),(-0.51365464089263,0.857997033729991,0.),(0.,
0.,1.),(-0.51365464089263,0.857997033729991,0.),(0.,0.,1.),(0.594339924034873,
-0.804213935901524,0.),(-0.513662737934782,-0.857992186244923,0.),(0.,0.,
1.),(-0.513662737934782,-0.857992186244923,0.),(0.,0.,1.),(0.,0.,1.),(-0.515775988587452,
0.856723484910176,0.),(-0.472684655469428,-0.881231647459252,0.),(0.,0.,
1.),(0.,0.,1.),(0.474060025128425,0.880492528403982,0.),(0.,0.,1.),(0.516570259357164,
0.856244805617921,0.),(-0.472693420966766,0.881226945669919,0.),(0.,0.,
1.),(-0.472693420966766,0.881226945669919,0.),(0.,0.,1.),(0.,0.,1.),(0.516434404668008,
-0.856326751698906,0.),(0.,0.,1.),(0.557891450273833,-0.829913929098289,
0.),(-0.472675889749998,-0.881236349255435,0.),(0.,0.,1.),(-0.472675889749998,
-0.881236349255435,0.),(0.,0.,1.),(0.,0.,1.),(-0.472693420966766,0.881226945669919,
0.),(0.,0.,1.),(0.474060712793481,-0.880492158162545,0.),(0.,0.,1.),(0.516551133134555,
-0.856256344126808,0.),(-0.426094973295595,-0.904678436645987,0.),(0.,0.,
1.),(0.,0.,1.),(-0.428510206522525,0.903536940532053,0.),(0.,0.,1.),(-0.428510206522525,
0.903536940532053,0.),(0.,0.,1.),(0.468864156072182,-0.883270288841824,
0.),(-0.428492231479362,-0.903545465132683,0.),(0.,0.,1.),(-0.428492231479362,
-0.903545465132683,0.),(0.,0.,1.),(0.,0.,1.),(-0.426103972018331,0.904674198278143,
0.),(0.999999982797926,-0.000185483550539488,0.),(0.,0.,1.),(0.,0.,1.),
(0.998863622958209,0.0476598649893384,0.),(0.,0.,1.),(-0.334738195815633,
-0.942311169551807,0.),(0.998876759544862,-0.0473837444822162,0.),(0.,0.,
1.),(0.,0.,1.),(0.998876677440497,0.0473854752580677,0.),(0.999999982926733,
0.000184787808547436,0.),(0.,0.,1.),(0.,0.,1.),(0.998863759481166,-0.0476570036316827,
0.),(0.,0.,1.),(-0.743356521288301,0.66889541952248,0.),(0.995518757892474,
0.0945642780558553,0.),(0.,0.,1.),(0.,0.,1.),(0.99548448629341,-0.0949243780550851,
0.),(0.995484924346721,0.0949197840200013,0.),(0.,0.,1.),(0.,0.,1.),(0.995518802366814,
-0.094563809854216,0.),(-0.38192874503183,-0.924191773236708,0.),(0.,0.,
1.),(0.,0.,1.),(0.380826323445201,0.924646587281439,0.),(0.,0.,1.),(0.428045476946237,
0.903757196190364,0.),(-0.381863924161186,0.924218558255686,0.),(0.,0.,
1.),(0.,0.,1.),(0.38082632344549,-0.924646587281319,0.),(0.,0.,1.),(0.42804547694629,
-0.903757196190339,0.),(-0.381883162394727,-0.924210609265768,0.),(0.,0.,
1.),(-0.381883162394727,-0.924210609265768,0.),(0.,0.,1.),(0.,0.,1.),(-0.381919166213687,
0.924195731692504,0.),(0.,0.,1.),(0.38082632344549,-0.924646587281319,0.),
(0.,0.,1.),(0.428066370053197,-0.903747300316565,0.),(0.988794036757949,
0.149286144273069,0.),(0.,0.,1.),(0.,0.,1.),(0.988670742808083,-0.150100507378603,
0.),(0.988671000291,0.150098811399672,0.),(0.,0.,1.),(0.,0.,1.),(0.988792883907025,
-0.14929377996028,0.),(0.9803349297463,0.197340886587947,0.),(0.,0.,1.),
(0.,0.,1.),(0.980334929746304,-0.197340886587927,0.),(0.980334015616947,
0.197345427675311,0.),(0.,0.,1.),(0.,0.,1.),(0.980334015616924,-0.197345427675429,
0.),(0.969748927867324,0.244104520441913,0.),(0.,0.,1.),(0.,0.,1.),(0.969748927867325,
-0.244104520441905,0.),(0.969748927867324,0.244104520441913,0.),(0.,0.,
1.),(0.,0.,1.),(0.90375639085137,0.428047177300945,0.),(0.,0.,1.),(0.883258123079163,
0.468887073840466,0.),(0.,0.,1.),(0.85633976569309,0.516412824872412,0.),
(0.,0.,1.),(0.829912902962654,0.557892976740252,0.),(0.,0.,1.),(0.804898761558035,
0.593412153264779,0.),(0.,0.,1.),(0.771656894514434,0.636039021718274,0.),
(0.,0.,1.),(0.743247177148033,0.66901691582611,0.),(0.,0.,1.),(0.707133675317356,
0.707079886032808,0.),(0.,0.,1.),(0.668537447068165,0.743678480169744,0.),
(0.,0.,1.),(0.636455837754365,0.771313144311951,0.),(0.,0.,1.),(0.594372262177591,
0.804190035970288,0.),(0.,0.,1.),(0.557891450273841,0.829913929098283,0.),
(0.,0.,1.),(0.516415017818761,0.856338443240316,0.),(0.,0.,1.),(0.46882373833321,
0.883291742503729,0.),(0.,0.,1.),(0.428067446668118,0.903746790369426,0.),
(0.,0.,1.),(0.380870177810127,0.924628524140848,0.),(0.,0.,1.),(0.33243321022823,
0.943126799925309,0.),(0.,0.,1.),(0.291697282332391,0.956510687593138,0.),
(0.,0.,1.),(0.244139193741868,0.969740199269408,0.),(0.,0.,1.),(0.197345427675266,
0.980334015616956,0.),(0.,0.,1.),(0.150054194830011,0.988677772893634,0.),
(0.,0.,1.),(0.0949224908728286,0.995484666243784,0.),(0.,0.,1.),(0.0474332682549356,
0.998874409053839,0.),(0.,0.,1.),(0.000184787808547434,0.999999982926733,
0.),(0.,0.,1.),(-0.0477125141647391,0.998861109460209,0.),(0.,0.,1.),(-0.0953784207156083,
0.995441086585136,0.),(0.,0.,1.),(-0.148863783145828,0.988857711739921,
0.),(0.,0.,1.),(-0.19617124619805,0.980569651868292,0.),(0.,0.,1.),(-0.244152792885301,
0.969736775484104,0.),(0.,0.,1.),(-0.29171069594683,0.956506596877521,0.),
(0.,0.,1.),(-0.334715020938296,0.942319401667118,0.),(0.,0.,1.),(-0.380547602927492,
0.924761332402117,0.),(0.,0.,1.),(-0.425563071644189,0.904928766286476,
0.),(0.,0.,1.),(-0.468846233754224,0.883279802267933,0.),(0.,0.,1.),(-0.516412824872759,
0.85633976569288,0.),(0.,0.,1.),(-0.557892976740278,0.829912902962637,0.),
(0.,0.,1.),(-0.597729270426466,0.801698022496903,0.),(0.,0.,1.),(-0.636221301578604,
0.771506613981777,0.),(0.,0.,1.),(-0.668689605406852,0.743541667709906,
0.),(0.,0.,1.),(-0.706911000870757,0.707302507310631,0.),(0.969752349862117,
-0.244090925552144,0.),(0.,0.,1.),(0.,0.,1.),(0.956506769657387,0.291710129408614,
0.),(0.956506769657382,-0.291710129408629,0.),(0.,0.,1.),(0.,0.,1.),(0.956506769657387,
0.291710129408614,0.),(0.95651085903434,-0.291696720155352,0.),(0.,0.,1.),
(0.,0.,1.),(0.943110447623953,0.33247959874637,0.),(0.943110447623953,-0.33247959874637,
0.),(0.,0.,1.),(0.,0.,1.),(-0.291710413391636,-0.956506683049774,0.),(0.943110447623953,
0.33247959874637,0.),(0.,0.,1.),(0.,0.,1.),(0.943110447623953,-0.33247959874637,
0.),(0.924654674586502,0.380806686870557,0.),(0.,0.,1.),(0.,0.,1.),(0.924654674586399,
-0.380806686870807,0.),(0.,0.,1.),(0.903751442268737,-0.428057625323013,
0.),(0.,0.,1.),(0.883264643896642,-0.468874790154192,0.),(0.,0.,1.),(0.856345680697816,
-0.516403016209427,0.),(0.,0.,1.),(0.829905084706486,-0.557904606880352,
0.),(0.,0.,1.),(0.804908212530397,-0.593399333839465,0.),(0.,0.,1.),(0.771667024394417,
-0.636026731719875,0.),(0.,0.,1.),(0.743235396509133,-0.669030003345076,
0.),(0.,0.,1.),(0.707121224444665,-0.707092337633409,0.),(0.,0.,1.),(0.668552087044862,
-0.743665319151,0.),(0.,0.,1.),(0.636440006109911,-0.771326207659779,0.),
(0.,0.,1.),(0.594339924034873,-0.804213935901524,0.),(0.,0.,1.),(0.557891450273833,
-0.829913929098289,0.),(0.,0.,1.),(0.516434404668008,-0.856326751698906,
0.),(0.,0.,1.),(0.468864156072182,-0.883270288841824,0.),(0.,0.,1.),(0.42804547694629,
-0.903757196190339,0.),(0.,0.,1.),(0.38082632344549,-0.924646587281319,
0.),(0.,0.,1.),(0.332456404963021,-0.943118623927586,0.),(0.,0.,1.),(0.291697001957685,
-0.9565107730961,0.),(0.,0.,1.),(0.244139540893135,-0.969740111871469,0.),
(0.,0.,1.),(0.197345025154457,-0.980334096646029,0.),(0.,0.,1.),(0.150079722452819,
-0.988673898162829,0.),(0.,0.,1.),(0.0949226533346521,-0.995484650752541,
0.),(0.,0.,1.),(0.0474080936904532,-0.998875604193354,0.),(0.,0.,1.),(0.000185139934182837,
-0.999999982861602,0.),(0.,0.,1.),(-0.0476862876767435,-0.998862361873552,
0.),(0.,0.,1.),(-0.0953778798416046,-0.995441138408957,0.),(0.,0.,1.),(-0.148889636099486,
-0.988853819460775,0.),(0.,0.,1.),(-0.196171166694524,-0.980569667773641,
0.),(0.,0.,1.),(-0.244153137823419,-0.969736688638199,0.),(0.924654674586502,
0.380806686870557,0.),(0.,0.,1.),(0.,0.,1.),(0.924646587281136,-0.380826323445937,
0.),(0.903751442268747,0.428057625322993,0.),(0.,0.,1.),(0.,0.,1.),(0.903747300316191,
-0.428066370053987,0.),(0.883258673470409,0.468886037048762,0.),(0.,0.,
1.),(0.,0.,1.),(0.883270064355213,-0.468864578971304,0.),(-0.338002827829292,
-0.941145094222672,0.),(0.,0.,1.),(0.,0.,1.),(-0.335430749044666,0.942064866447812,
0.),(0.,0.,1.),(-0.335450358773131,-0.942057883995977,0.),(-0.335430749044666,
0.942064866447812,0.),(0.,0.,1.),(0.,0.,1.),(-0.242517142028492,-0.970147120710221,
0.),(0.,0.,1.),(-0.291591049403929,-0.956543077915216,0.),(-0.335450358773131,
-0.942057883995977,0.),(0.,0.,1.),(0.,0.,1.),(-0.33799307330054,0.941148597406837,
0.),(0.856339105079578,0.516413920330879,0.),(0.,0.,1.),(0.,0.,1.),(0.856338443240107,
-0.516415017819109,0.),(0.829913416726109,0.557892212472979,0.),(0.,0.,
1.),(0.,0.,1.),(0.829913929098055,-0.55789145027418,0.),(0.804907623872777,
0.593400132315018,0.),(0.,0.,1.),(0.,0.,1.),(0.804916485252089,-0.593388112258261,
0.),(0.771656894514434,0.636039021718274,0.),(0.,0.,1.),(0.,0.,1.),(0.771656894514434,
-0.636039021718274,0.),(-0.29160130926603,-0.956539950255261,0.),(0.,0.,
1.),(0.,0.,1.),(0.332456404963021,0.943118623927586,0.),(-0.291601309266049,
0.956539950255255,0.),(0.,0.,1.),(0.,0.,1.),(-0.195595204894444,-0.980684717848861,
0.),(-0.291601309266049,0.956539950255255,0.),(0.,0.,1.),(0.,0.,1.),(0.332456404963021,
-0.943118623927586,0.),(-0.291591049403929,-0.956543077915216,0.),(0.,0.,
1.),(0.,0.,1.),(-0.291591049403891,0.956543077915228,0.),(0.,0.,1.),(0.33247959874699,
-0.943110447623734,0.),(0.740121762344811,0.672472881909458,0.),(0.,0.,
1.),(0.,0.,1.),(0.74012176234481,-0.672472881909458,0.),(0.707316231164413,
0.706897269149748,0.),(0.,0.,1.),(0.,0.,1.),(0.707303033208305,-0.706910474681435,
0.),(0.672201204038121,0.740368517219432,0.),(0.,0.,1.),(0.,0.,1.),(0.672201955238729,
-0.740367835182776,0.),(-0.242516985993148,-0.970147159715885,0.),(0.,0.,
1.),(0.,0.,1.),(0.244115060061186,0.969746274780844,0.),(0.,0.,1.),(0.291697001958292,
0.956510773095914,0.),(-0.242516985992879,0.970147159715952,0.),(0.,0.,
1.),(0.,0.,1.),(-0.148376768441637,-0.988930904859797,0.),(-0.242516985992879,
0.970147159715952,0.),(0.,0.,1.),(0.,0.,1.),(0.244139540893135,-0.969740111871469,
0.),(0.,0.,1.),(0.291697001957685,-0.9565107730961,0.),(-0.242517142028492,
-0.970147120710221,0.),(0.,0.,1.),(0.,0.,1.),(-0.242517142028723,0.970147120710164,
0.),(0.,0.,1.),(0.244090925552103,-0.969752349862127,0.),(0.,0.,1.),(0.291696720155952,
-0.956510859034157,0.),(0.632350009133843,0.774682816350298,0.),(0.,0.,
1.),(0.,0.,1.),(0.632349425190622,-0.774683293005012,0.),(0.594544953223274,
0.804062372329868,0.),(0.,0.,1.),(0.,0.,1.),(0.59452851926987,-0.804074523769268,
0.),(0.557736136093574,0.830018314554209,0.),(0.,0.,1.),(0.,0.,1.),(-0.380504178557784,
-0.924779200728512,0.),(0.557736136093502,-0.830018314554258,0.),(0.,0.,
1.),(0.,0.,1.),(-0.19558452833036,-0.980686847203423,0.),(-0.195584528330357,
0.980686847203424,0.),(0.,0.,1.),(-0.195584528330357,0.980686847203424,
0.),(0.,0.,1.),(0.,0.,1.),(-0.0959730258154166,-0.995383935130477,0.),(-0.195595204894444,
-0.980684717848861,0.),(0.,0.,1.),(0.,0.,1.),(-0.195595204894482,0.980684717848854,
0.),(0.516570259357164,0.856244805617921,0.),(0.,0.,1.),(0.,0.,1.),(0.516551133134555,
-0.856256344126808,0.),(0.474060025128425,0.880492528403982,0.),(0.,0.,
1.),(0.,0.,1.),(-0.0476865371613878,0.998862349962975,0.),(0.,0.,1.),(-0.102076233795017,
0.994776579184605,0.),(0.,0.,1.),(-0.148968706464976,0.988841910769437,
0.),(0.,0.,1.),(-0.18964557055451,0.981852614993236,0.),(0.,0.,1.),(-0.244128657077997,
0.969742851890796,0.),(0.,0.,1.),(-0.29171041339224,0.95650668304959,0.),
(0.,0.,1.),(-0.334738195815608,0.942311169551816,0.),(0.,0.,1.),(-0.38050417855719,
0.924779200728757,0.),(0.,0.,1.),(-0.42554150012253,0.904938910464937,0.),
(0.,0.,1.),(-0.425541500122577,-0.904938910464915,0.),(0.,0.,1.),(-0.474082765384073,
0.880480284598009,0.),(0.,0.,1.),(-0.46888665218482,-0.883258346919468,
0.),(0.,0.,1.),(-0.516568629344167,0.856245788998398,0.),(0.,0.,1.),(-0.516432212952215,
-0.856328073477261,0.),(0.,0.,1.),(-0.55773810444749,0.830016991902769,
0.),(0.,0.,1.),(-0.557892976740269,-0.829912902962643,0.),(0.,0.,1.),(-0.597883610991819,
0.801582926282355,0.),(0.,0.,1.),(-0.597696902365318,-0.801722154429391,
0.),(0.,0.,1.),(-0.632097005808303,0.774889266442746,0.),(0.,0.,1.),(-0.636205301362798,
-0.771519808247249,0.),(0.,0.,1.),(-0.672356569763815,0.740227426603092,
0.),(0.,0.,1.),(-0.668704204739812,-0.743528537827094,0.),(0.,0.,1.),(-0.707093568460294,
0.707119993665918,0.),(0.,0.,1.),(-0.706898529434593,-0.707314971623824,
0.),(0.,0.,1.),(-0.740228065064179,0.672355866852771,0.),(0.,0.,1.),(-0.74334472704935,
-0.668908526457787,0.),(0.,0.,1.),(-0.774888702669469,0.632097696938715,
0.),(0.,0.,1.),(-0.774898770201173,-0.632085354948767,0.),(0.,0.,1.),(-0.801579652692429,
0.597887999870783,0.),(0.,0.,1.),(-0.801580176244703,-0.597887297951303,
0.),(0.,0.,1.),(-0.830042241251378,0.557700526930349,0.),(0.,0.,1.),(-0.830033846837147,
-0.557713020382999,0.),(0.,0.,1.),(-0.859284995565628,0.511497112793199,
0.),(0.,0.,1.),(-0.859291509292966,-0.511486169956742,0.),(0.,0.,1.),(-0.880420052997278,
0.474194612242979,0.),(0.,0.,1.),(-0.880426091684348,-0.474183400259251,
0.),(0.,0.,1.),(-0.903847666353722,0.427854409848644,0.),(0.,0.,1.),(-0.903847666353728,
-0.427854409848631,0.),(0.,0.,1.),(-0.924630314830121,0.380865830571805,
0.),(0.,0.,1.),(-0.924630314830034,-0.380865830572016,0.),(0.,0.,1.),(-0.941009508876067,
0.338380117921877,0.),(0.,0.,1.),(-0.941009508876079,-0.338380117921844,
0.),(0.,0.,1.),(-0.956492247549884,0.291757742617007,0.),(0.,0.,1.),(-0.95649224754988,
-0.29175774261702,0.),(0.,0.,1.),(-0.969736775483925,0.244152792886012,
0.),(0.,0.,1.),(-0.969736775483922,-0.244152792886023,0.),(0.,0.,1.),(-0.981642200960277,
0.190731720733239,0.),(0.,0.,1.),(-0.981642200960281,-0.190731720733219,
0.),(0.,0.,1.),(-0.989784606392243,0.142570799776647,0.),(0.,0.,1.),(-0.98966694028417,
-0.143385310644324,0.),(0.,0.,1.),(-0.994851884467634,0.101339666326652,
0.),(0.,0.,1.),(-0.994824578741039,-0.101607369480338,0.),(0.,0.,1.),(-0.998513233715965,
0.0545098348381874,0.),(0.,0.,1.),(-0.998533246864175,-0.0541419883906091,
0.),(0.,0.,1.),(-0.999999982797926,-0.000185483550534986,0.),(0.474060712793481,
-0.880492158162545,0.),(0.,0.,1.),(0.,0.,1.),(0.428045476946237,0.903757196190364,
0.),(0.428066370053197,-0.903747300316565,0.),(0.,0.,1.),(0.,0.,1.),(-0.14838763534261,
-0.988929274355567,0.),(0.,0.,1.),(0.190735937987289,0.981641381544253,
0.),(-0.14839850216737,0.988927643740674,0.),(0.,0.,1.),(0.,0.,1.),(-0.0496206575807449,
-0.998768136426696,0.),(-0.14839850216737,0.988927643740674,0.),(0.,0.,
1.),(0.,0.,1.),(0.150079722452819,-0.988673898162829,0.),(0.,0.,1.),(0.197345025154457,
-0.980334096646029,0.),(-0.148376768441637,-0.988930904859797,0.),(0.,0.,
1.),(0.,0.,1.),(-0.14839850216737,0.988927643740674,0.),(0.,0.,1.),(0.19073593798729,
-0.981641381544252,0.),(0.380826323445201,0.924646587281439,0.),(0.,0.,
1.),(0.,0.,1.),(0.38082632344549,-0.924646587281319,0.),(0.332456404963021,
0.943118623927586,0.),(0.,0.,1.),(0.,0.,1.),(0.33247959874699,-0.943110447623734,
0.),(-0.0959839636292565,-0.995382880466616,0.),(0.,0.,1.),(0.,0.,1.),(0.101621635567167,
0.994823121557121,0.),(0.,0.,1.),(0.15007380704967,0.988674796097088,0.),
(-0.0959838530396644,0.995382891130675,0.),(0.,0.,1.),(-0.0959838530396644,
0.995382891130675,0.),(0.,0.,1.),(0.,0.,1.),(-8.4185196163088E-5,-0.999999996456426,
0.),(0.,0.,1.),(0.0949226533346521,-0.995484650752541,0.),(-0.0959730258154166,
-0.995383935130477,0.),(0.,0.,1.),(0.,0.,1.),(-0.0959949013724222,0.995381825688263,
0.),(0.,0.,1.),(0.101621626924891,-0.994823122439933,0.),(0.,0.,1.),(0.150099163971699,
-0.988670946763885,0.),(0.291697001958292,0.956510773095914,0.),(0.,0.,
1.),(0.,0.,1.),(0.291696720155952,-0.956510859034157,0.),(0.244115060061186,
0.969746274780844,0.),(0.,0.,1.),(0.,0.,1.),(0.190735937987289,0.981641381544253,
0.),(0.,0.,1.),(0.15007380704967,0.988674796097088,0.),(0.,0.,1.),(0.101621635567167,
0.994823121557121,0.),(0.,0.,1.),(0.0474076411735503,0.998875625670363,
0.),(0.,0.,1.),(0.000184787808547434,0.999999982926733,0.),(0.244090925552103,
-0.969752349862127,0.),(0.,0.,1.),(0.,0.,1.),(0.19073593798729,-0.981641381544252,
0.),(-0.0467149305395995,-0.998908261686067,0.),(0.,0.,1.),(0.,0.,1.),(-0.0496207021584903,
0.998768134211989,0.),(0.,0.,1.),(-0.0496207021584903,0.998768134211989,
0.),(0.,0.,1.),(0.0495365759134268,-0.998772310212279,0.),(-0.0496206575807449,
-0.998768136426696,0.),(0.,0.,1.),(0.,0.,1.),(-0.0467037950621272,0.998908782385456,
0.),(0.150099163971699,-0.988670946763885,0.),(0.,0.,1.),(0.,0.,1.),(0.101621626924891,
-0.994823122439933,0.),(-6.74329446796088E-5,-0.999999997726399,0.),(0.,
0.,1.),(0.,0.,1.),(0.0474076411735503,0.998875625670363,0.),(0.,0.,1.),
(0.000184787808547434,0.999999982926733,0.),(-8.42493505145848E-5,0.999999996451024,
0.),(0.,0.,1.),(0.,0.,1.),(0.0963242099962261,-0.995350012090522,0.),(0.,
0.,1.),(0.0474080936904532,-0.998875604193354,0.),(0.,0.,1.),(0.000185139934182837,
-0.999999982861602,0.),(0.,0.,1.),(-8.42493505145848E-5,0.999999996451024,
0.),(-8.4185196163088E-5,-0.999999996456426,0.),(0.,0.,1.),(0.,0.,1.),(0.000184787808547434,
0.999999982926733,0.),(0.,0.,1.),(0.0473820138840726,-0.998876841637791,
0.),(0.,0.,1.),(0.000184787808548712,-0.999999982926733,0.),(0.,0.,1.),
(-6.73687311806119E-5,0.999999997730727,0.),(0.0473820138840726,-0.998876841637791,
0.),(0.,0.,1.),(0.,0.,1.),(0.000184787808548712,-0.999999982926733,0.),
(0.,0.,1.),(0.0466475711078409,-0.998911409540275,0.),(-0.0476865371613878,
0.998862349962975,0.),(0.,0.,1.),(0.,0.,1.),(0.0495365564157689,0.998772311179313,
0.),(-0.0476862876767435,-0.998862361873552,0.),(0.,0.,1.),(0.,0.,1.),(0.0495365564157689,
0.998772311179313,0.),(0.,0.,1.),(0.148725672610441,-0.988878493196496,
0.),(0.0495365759134268,-0.998772310212279,0.),(0.,0.,1.),(0.,0.,1.),(-0.0477125141647391,
0.998861109460209,0.),(-0.0476605599414997,-0.998863589798959,0.),(0.,0.,
1.),(0.,0.,1.),(0.0466364997386257,0.998911926494088,0.),(-0.0476605599414997,
-0.998863589798959,0.),(0.,0.,1.),(0.,0.,1.),(-0.102076233795017,0.994776579184605,
0.),(-0.0953778798416046,-0.995441138408957,0.),(0.,0.,1.),(0.,0.,1.),(-0.0953784207156083,
0.995441086585136,0.),(-0.10207587374736,-0.994776616129829,0.),(0.,0.,
1.),(-0.10207587374736,-0.994776616129829,0.),(0.,0.,1.),(0.,0.,1.),(-0.148968706464976,
0.988841910769437,0.),(0.,0.,1.),(0.096335209334373,-0.99534894757693,0.),
(0.,0.,1.),(0.148736600430382,-0.988876849608895,0.),(-0.148889636099486,
-0.988853819460775,0.),(0.,0.,1.),(0.,0.,1.),(0.0963351606452263,0.995348952289326,
0.),(0.,0.,1.),(0.0963242099962261,-0.995350012090522,0.),(-0.148863783145828,
0.988857711739921,0.),(0.,0.,1.),(0.,0.,1.),(-0.148994065120716,-0.988838090163806,
0.),(0.,0.,1.),(0.0963462086006964,0.995347882947601,0.),(-0.148994065120716,
-0.988838090163806,0.),(0.,0.,1.),(0.,0.,1.),(0.148747528172854,0.988875205909454,
0.),(0.096335209334373,-0.99534894757693,0.),(0.,0.,1.),(0.,0.,1.),(0.0963351606452263,
0.995348952289326,0.),(0.,0.,1.),(0.194978890175437,-0.980807438993993,
0.),(0.0963462086006964,0.995347882947601,0.),(0.,0.,1.),(0.,0.,1.),(-0.18964557055451,
0.981852614993236,0.),(-0.196171166694524,-0.980569667773641,0.),(0.,0.,
1.),(0.,0.,1.),(0.194968269904474,0.980809550183141,0.),(0.,0.,1.),(0.148747528172854,
0.988875205909454,0.),(-0.19617124619805,0.980569651868292,0.),(0.,0.,1.),
(0.,0.,1.),(0.194978890175437,-0.980807438993993,0.),(0.,0.,1.),(0.148725672610441,
-0.988878493196496,0.),(-0.189645570554509,-0.981852614993235,0.),(0.,0.,
1.),(-0.189645570554509,-0.981852614993235,0.),(0.,0.,1.),(0.,0.,1.),(-0.801570653393394,
0.597900064909252,0.),(0.,0.,1.),(-0.774888702669469,0.632097696938715,
0.),(-0.244128657077997,0.969742851890796,0.),(0.,0.,1.),(0.,0.,1.),(0.194968269904764,
-0.980809550183084,0.),(-0.244153137823419,-0.969736688638199,0.),(0.,0.,
1.),(0.,0.,1.),(-0.244152792885301,0.969736775484104,0.),(-0.244104520441916,
-0.969748927867323,0.),(0.,0.,1.),(-0.244104520441916,-0.969748927867323,
0.),(0.,0.,1.),(0.,0.,1.),(0.194978890175744,0.980807438993932,0.),(0.148736600430382,
-0.988876849608895,0.),(0.,0.,1.),(0.,0.,1.),(0.148747528172854,0.988875205909454,
0.),(0.,0.,1.),(0.241907440019245,-0.970299330342619,0.),(0.148747528172854,
0.988875205909454,0.),(0.,0.,1.),(0.,0.,1.),(-0.29171041339224,0.95650668304959,
0.),(0.,0.,1.),(0.291601309266018,-0.956539950255265,0.),(0.,0.,1.),(0.241907340971006,
-0.970299355036546,0.),(-0.291710413391636,-0.956506683049774,0.),(0.,0.,
1.),(0.,0.,1.),(0.291601309266036,0.956539950255259,0.),(0.,0.,1.),(0.241907340971004,
0.970299355036547,0.),(-0.29171069594683,0.956506596877521,0.),(0.,0.,1.),
(0.,0.,1.),(0.291591049403917,-0.95654307791522,0.),(0.,0.,1.),(0.241907440019245,
-0.970299330342619,0.),(-0.291710129409215,-0.956506769657204,0.),(0.,0.,
1.),(-0.291710129409215,-0.956506769657204,0.),(0.,0.,1.),(0.,0.,1.),(-0.99485200420222,
-0.101338490884887,0.),(0.,0.,1.),(-0.830041578619796,0.557701513143327,
0.),(0.,0.,1.),(-0.859285572325723,0.511496143868997,0.),(0.,0.,1.),(-0.880419592368728,
0.474195467474419,0.),(0.,0.,1.),(-0.903852699797462,0.427843776475525,
0.),(0.,0.,1.),(-0.924630314830121,0.380865830571805,0.),(0.,0.,1.),(-0.941009508876067,
0.338380117921877,0.),(0.,0.,1.),(-0.956492247549884,0.291757742617007,
0.),(0.,0.,1.),(-0.969736775483925,0.244152792886012,0.),(0.,0.,1.),(-0.981641381544276,
0.190735937987168,0.),(0.,0.,1.),(-0.989667233684753,0.143383285534854,
0.),(0.,0.,1.),(-0.994825012051783,0.101603126901537,0.),(0.,0.,1.),(-0.998533134369738,
0.0541440630701744,0.),(0.,0.,1.),(-0.99851342848879,-0.0545062668650233,
0.),(0.,0.,1.),(-0.999999982926733,0.000184787808547434,0.),(0.,0.,1.),
(0.291591049403879,0.956543077915232,0.),(0.,0.,1.),(0.241907440019475,
0.970299330342562,0.),(-0.334738195815608,0.942311169551816,0.),(0.,0.,
1.),(0.,0.,1.),(-0.334738195815633,-0.942311169551807,0.),(-0.334715020938296,
0.942319401667118,0.),(0.,0.,1.),(0.,0.,1.),(-0.334761369741361,-0.942302937132686,
0.),(0.,0.,1.),(-0.989783553675754,-0.142578107972423,0.),(-0.334761369741361,
-0.942302937132686,0.),(0.,0.,1.),(0.,0.,1.),(-0.38050417855719,0.924779200728757,
0.),(0.,0.,1.),(0.338010387677232,-0.941142379144775,0.),(-0.380504178557784,
-0.924779200728512,0.),(0.,0.,1.),(0.,0.,1.),(0.335438225162998,0.942062204474576,
0.),(-0.380547602927492,0.924761332402117,0.),(0.,0.,1.),(0.,0.,1.),(0.335457835533704,
-0.942055221618692,0.),(-0.380504178557784,-0.924779200728512,0.),(0.,0.,
1.),(-0.380504178557784,-0.924779200728512,0.),(0.,0.,1.),(0.,0.,1.),(-0.969740199269252,
-0.244139193742488,0.),(0.,0.,1.),(-0.981641381544373,-0.190735937986669,
0.),(0.,0.,1.),(0.338000632832925,0.941145882530727,0.),(0.194968269904764,
-0.980809550183084,0.),(0.,0.,1.),(0.,0.,1.),(0.194968269904474,0.980809550183141,
0.),(0.,0.,1.),(0.291591049403917,-0.95654307791522,0.),(0.194978890175744,
0.980807438993932,0.),(0.,0.,1.),(0.,0.,1.),(-0.42554150012253,0.904938910464937,
0.),(0.,0.,1.),(0.381936168698832,-0.924188705319242,0.),(-0.425541500122577,
-0.904938910464915,0.),(0.,0.,1.),(0.,0.,1.),(0.381871258651635,0.924215527794148,
0.),(-0.425563071644189,0.904928766286476,0.),(0.,0.,1.),(0.,0.,1.),(0.381890497506611,
-0.924207578368709,0.),(-0.425562420549242,-0.904929072478208,0.),(0.,0.,
1.),(-0.425562420549242,-0.904929072478208,0.),(0.,0.,1.),(0.,0.,1.),(0.381926589574982,
0.924192663991455,0.),(-0.474082765384073,0.880480284598009,0.),(0.,0.,
1.),(0.,0.,1.),(0.426094973295576,-0.904678436645995,0.),(-0.46888665218482,
-0.883258346919468,0.),(0.,0.,1.),(0.,0.,1.),(0.428510206522507,0.903536940532061,
0.),(-0.468846233754224,0.883279802267933,0.),(0.,0.,1.),(0.,0.,1.),(0.428492231479344,
-0.903545465132692,0.),(-0.474083451869476,-0.880479914968832,0.),(0.,0.,
1.),(-0.474083451869476,-0.880479914968832,0.),(0.,0.,1.),(0.,0.,1.),(0.426103972018313,
0.904674198278152,0.),(0.241907340971006,-0.970299355036546,0.),(0.,0.,
1.),(0.,0.,1.),(0.241907340971004,0.970299355036547,0.),(0.,0.,1.),(0.335457835533704,
-0.942055221618692,0.),(0.241907440019475,0.970299330342562,0.),(0.,0.,
1.),(0.,0.,1.),(-0.516568629344167,0.856245788998398,0.),(0.,0.,1.),(0.515757757693653,
-0.856734460249391,0.),(0.,0.,1.),(0.472684655469396,-0.88123164745927,
0.),(-0.516432212952215,-0.856328073477261,0.),(0.,0.,1.),(0.,0.,1.),(0.472693420966734,
0.881226945669937,0.),(-0.516412824872759,0.85633976569288,0.),(0.,0.,1.),
(0.,0.,1.),(0.472675889749966,-0.881236349255452,0.),(-0.516549501961688,
-0.856257328157331,0.),(0.,0.,1.),(-0.516549501961688,-0.856257328157331,
0.),(0.,0.,1.),(0.,0.,1.),(0.515765792491875,0.856729623215649,0.),(0.,
0.,1.),(0.472693420966734,0.881226945669937,0.),(-0.55773810444749,0.830016991902769,
0.),(0.,0.,1.),(0.,0.,1.),(-0.557892976740269,-0.829912902962643,0.),(0.,
0.,1.),(0.554674246745438,0.832067593406558,0.),(0.,0.,1.),(0.513644477716366,
0.858003118008019,0.),(-0.557892976740278,0.829912902962637,0.),(0.,0.,
1.),(0.,0.,1.),(0.554682098905328,-0.832062358933499,0.),(0.,0.,1.),(0.513652574630677,
-0.85799827072977,0.),(-0.55773810444742,-0.830016991902816,0.),(0.,0.,
1.),(-0.55773810444742,-0.830016991902816,0.),(0.,0.,1.),(0.,0.,1.),(-0.597883610991819,
0.801582926282355,0.),(0.,0.,1.),(0.595750946021049,-0.803169228939347,
0.),(0.,0.,1.),(0.55473851614017,-0.832024746453254,0.),(-0.597696902365318,
-0.801722154429391,0.),(0.,0.,1.),(0.,0.,1.),(-0.597729270426466,0.801698022496903,
0.),(-0.597867155774488,-0.801595199615195,0.),(0.,0.,1.),(-0.597867155774488,
-0.801595199615195,0.),(0.,0.,1.),(0.,0.,1.),(0.595736906135205,0.803179642837425,
0.),(0.,0.,1.),(0.554746319198878,0.832019543842148,0.),(0.291601309266018,
-0.956539950255265,0.),(0.,0.,1.),(0.,0.,1.),(0.291601309266036,0.956539950255259,
0.),(0.,0.,1.),(0.,1.,0.),(1.,0.,0.),(0.,0.,1.),(0.381890497506611,-0.924207578368709,
0.),(0.,0.,1.),(0.428492231479344,-0.903545465132692,0.),(0.,0.,1.),(0.472675889749966,
-0.881236349255452,0.),(0.,0.,1.),(0.513652574630677,-0.85799827072977,
0.),(0.,0.,1.),(0.554682098905328,-0.832062358933499,0.),(0.,0.,1.),(0.597666892791462,
-0.801744526180877,0.),(0.,0.,1.),(0.635305704882655,-0.772260746991295,
0.),(0.,0.,1.),(0.669740111367097,-0.74259557177914,0.),(0.,0.,1.),(0.705688288011847,
-0.708522434481018,0.),(0.291591049403879,0.956543077915232,0.),(0.,0.,
1.),(0.,0.,1.),(-0.632097005808303,0.774889266442746,0.),(-0.636205301362798,
-0.771519808247249,0.),(0.,0.,1.),(0.,0.,1.),(0.635305458521186,0.772260949662214,
0.),(0.,0.,1.),(0.597659885419559,0.801749749834871,0.),(-0.636221301578604,
0.771506613981777,0.),(0.,0.,1.),(0.,0.,1.),(0.635305704882655,-0.772260746991295,
0.),(0.,0.,1.),(0.597666892791462,-0.801744526180877,0.),(-0.632096312639678,
-0.774889831877618,0.),(0.,0.,1.),(-0.632096312639678,-0.774889831877618,
0.),(0.,0.,1.),(0.,0.,1.),(-0.672356569763815,0.740227426603092,0.),(0.,
0.,1.),(0.635305704882655,-0.772260746991295,0.),(-0.668704204739812,-0.743528537827094,
0.),(0.,0.,1.),(0.,0.,1.),(-0.668689605406852,0.743541667709906,0.),(-0.672357270700687,
-0.740226789933952,0.),(0.,0.,1.),(-0.672357270700687,-0.740226789933952,
0.),(0.,0.,1.),(0.,0.,1.),(0.635292205286259,0.77227185233085,0.),(-0.707093568460294,
0.707119993665918,0.),(0.,0.,1.),(0.,0.,1.),(0.707112486599339,-0.707101075727721,
0.),(0.,0.,1.),(0.669746103129528,-0.742590167819917,0.),(-0.706898529434593,
-0.707314971623824,0.),(0.,0.,1.),(0.,0.,1.),(0.669746364825044,0.742589931795226,
0.),(-0.706911000870757,0.707302507310631,0.),(0.,0.,1.),(0.,0.,1.),(0.669740111367097,
-0.74259557177914,0.),(-0.707080354536936,-0.707133206848555,0.),(0.,0.,
1.),(-0.707080354536936,-0.707133206848555,0.),(0.,0.,1.),(0.,0.,1.),(0.707118191792127,
0.707095370396832,0.),(0.,0.,1.),(0.669752094665953,0.74258476397686,0.),
(0.338010387677232,-0.941142379144775,0.),(0.,0.,1.),(0.,0.,1.),(0.335438225162998,
0.942062204474576,0.),(0.338000632832925,0.941145882530727,0.),(0.,0.,1.),
(0.,0.,1.),(-0.740228065064179,0.672355866852771,0.),(-0.74334472704935,
-0.668908526457787,0.),(0.,0.,1.),(0.,0.,1.),(0.741247022001223,0.671232338593961,
0.),(0.,0.,1.),(0.705688288011868,0.708522434480997,0.),(-0.743356521288301,
0.66889541952248,0.),(0.,0.,1.),(0.,0.,1.),(0.741251891796915,-0.671226960802003,
0.),(0.,0.,1.),(0.705688288011847,-0.708522434481018,0.),(-0.740228065064179,
-0.672355866852771,0.),(0.,0.,1.),(-0.740228065064179,-0.672355866852771,
0.),(0.,0.,1.),(0.,0.,1.),(-0.924622407823335,-0.380885025894926,0.),(0.,
0.,1.),(-0.941009508876079,-0.338380117921844,0.),(0.,0.,1.),(-0.95649633892507,
-0.291744329204421,0.),(-0.774888702669469,0.632097696938715,0.),(0.,0.,
1.),(0.,0.,1.),(0.773639823767059,-0.633625617444303,0.),(0.,0.,1.),(0.741305724092232,
-0.671167507726716,0.),(-0.774898770201173,-0.632085354948767,0.),(0.,0.,
1.),(0.,0.,1.),(0.773722800992547,0.633524290950432,0.),(-0.774888702669469,
0.632097696938715,0.),(0.,0.,1.),(0.,0.,1.),(0.773718721670219,-0.633529272991393,
0.),(-0.774888702669725,-0.632097696938401,0.),(0.,0.,1.),(0.,0.,1.),(-0.801588651053922,
-0.597875935710373,0.),(0.,0.,1.),(-0.830042902494386,-0.557699542781501,
0.),(0.,0.,1.),(-0.859284417589076,-0.511498083758485,0.),(0.,0.,1.),(-0.880431670168377,
-0.474173042427048,0.),(0.,0.,1.),(-0.903843817528576,-0.427862540444206,
0.),(-0.774888702669725,-0.632097696938401,0.),(0.,0.,1.),(0.,0.,1.),(0.773639823767045,
0.63362561744432,0.),(0.,0.,1.),(0.741305724092241,0.671167507726707,0.),
(-0.801579652692429,0.597887999870783,0.),(0.,0.,1.),(0.,0.,1.),(0.804186696156592,
-0.594376780943489,0.),(-0.801580176244703,-0.597887297951303,0.),(0.,0.,
1.),(0.,0.,1.),(0.804120774032441,0.594465962666886,0.),(-0.801570653393394,
0.597900064909252,0.),(0.,0.,1.),(0.,0.,1.),(0.804112633277675,-0.594476974325536,
0.),(-0.801588651053922,-0.597875935710373,0.),(0.,0.,1.),(0.,0.,1.),(0.804186696156584,
0.594376780943501,0.),(0.381936168698832,-0.924188705319242,0.),(0.,0.,
1.),(0.,0.,1.),(0.381871258651635,0.924215527794148,0.),(0.381926589574982,
0.924192663991455,0.),(0.,0.,1.),(0.,0.,1.),(-0.830042241251378,0.557700526930349,
0.),(-0.830033846837147,-0.557713020382999,0.),(0.,0.,1.),(0.,0.,1.),(-0.830041578619796,
0.557701513143327,0.),(-0.830042902494386,-0.557699542781501,0.),(0.,0.,
1.),(0.,0.,1.),(-0.859284995565628,0.511497112793199,0.),(0.,0.,1.),(0.856723712466507,
-0.515775610607564,0.),(0.,0.,1.),(0.83068934855129,-0.556736208812965,
0.),(-0.859291509292966,-0.511486169956742,0.),(0.,0.,1.),(0.,0.,1.),(0.856723712466657,
0.515775610607315,0.),(0.,0.,1.),(0.83162055994378,0.555344257446491,0.),
(-0.859285572325723,0.511496143868997,0.),(0.,0.,1.),(0.,0.,1.),(0.856729623215633,
-0.515765792491902,0.),(0.,0.,1.),(0.831623864505642,-0.555339308877645,
0.),(-0.859284417589076,-0.511498083758485,0.),(0.,0.,1.),(0.,0.,1.),(0.856723484910048,
0.515775988587665,0.),(0.,0.,1.),(0.83068603555301,0.55674115200623,0.),
(-0.880420052997278,0.474194612242979,0.),(0.,0.,1.),(0.,0.,1.),(0.881233745019594,
-0.472680744941806,0.),(-0.880426091684348,-0.474183400259251,0.),(0.,0.,
1.),(0.,0.,1.),(0.881233745019524,0.472680744941937,0.),(-0.880419592368728,
0.474195467474419,0.),(0.,0.,1.),(0.,0.,1.),(0.881236349255552,-0.472675889749781,
0.),(-0.880431670168377,-0.474173042427048,0.),(0.,0.,1.),(0.,0.,1.),(0.881236349255561,
0.472675889749765,0.),(-0.903847666353722,0.427854409848644,0.),(0.,0.,
1.),(0.,0.,1.),(-0.903847666353728,-0.427854409848631,0.),(-0.903852699797462,
0.427843776475525,0.),(0.,0.,1.),(0.,0.,1.),(-0.903843817528576,-0.427862540444206,
0.),(0.426094973295576,-0.904678436645995,0.),(0.,0.,1.),(0.,0.,1.),(0.428510206522507,
0.903536940532061,0.),(0.426103972018313,0.904674198278152,0.),(0.,0.,1.),
(0.,0.,1.),(-0.924630314830121,0.380865830571805,0.),(0.,0.,1.),(0.924187989875456,
-0.381937899886832,0.),(0.,0.,1.),(0.904684581708501,-0.426081925947246,
0.),(-0.924630314830034,-0.380865830572016,0.),(0.,0.,1.),(0.,0.,1.),(0.924187989875459,
0.381937899886825,0.),(0.,0.,1.),(0.904684581708504,0.426081925947239,0.),
(-0.924630314830121,0.380865830571805,0.),(0.,0.,1.),(0.,0.,1.),(0.924184746611318,
-0.381945747627819,0.),(0.,0.,1.),(0.904682675008891,-0.426085974351135,
0.),(-0.924622407823335,-0.380885025894926,0.),(0.,0.,1.),(0.,0.,1.),(0.924188164872362,
0.381937476440654,0.),(0.,0.,1.),(0.904686488312349,0.426077877699688,0.),
(-0.941009508876067,0.338380117921877,0.),(0.,0.,1.),(0.,0.,1.),(-0.941009508876079,
-0.338380117921844,0.),(-0.941009508876067,0.338380117921877,0.),(0.,0.,
1.),(0.,0.,1.),(-0.941009508876079,-0.338380117921844,0.),(-0.956492247549884,
0.291757742617007,0.),(0.,0.,1.),(0.,0.,1.),(0.956542205998669,-0.291593909646961,
0.),(0.,0.,1.),(0.941140233389578,-0.33801636217114,0.),(-0.95649224754988,
-0.29175774261702,0.),(0.,0.,1.),(0.,0.,1.),(0.956542059313563,0.291594390831115,
0.),(0.,0.,1.),(0.94113905261349,0.33801964979241,0.),(-0.956492247549884,
0.291757742617007,0.),(0.,0.,1.),(0.,0.,1.),(0.956543077915224,-0.291591049403904,
0.),(0.,0.,1.),(0.941138875714002,-0.338020142328507,0.),(-0.95649633892507,
-0.291744329204421,0.),(0.,0.,1.),(0.,0.,1.),(0.999999997660365,-6.84051911992939E-5,
0.),(0.,0.,1.),(0.941138875714003,0.338020142328506,0.),(0.,0.,1.),(0.956543077915225,
0.291591049403902,0.),(0.,0.,1.),(0.97029933034258,0.241907440019402,0.),
(0.,0.,1.),(0.981362899749232,0.192163625579295,0.),(0.,0.,1.),(0.989300797234997,
0.145890138769553,0.),(0.,0.,1.),(0.995065534616262,0.0992198660493608,
0.),(0.,0.,1.),(0.998772165731169,0.0495394889019855,0.),(-0.969736775483925,
0.244152792886012,0.),(0.,0.,1.),(0.,0.,1.),(-0.969736775483922,-0.244152792886023,
0.),(-0.969736775483925,0.244152792886012,0.),(0.,0.,1.),(0.,0.,1.),(-0.969740199269252,
-0.244139193742488,0.),(-0.981642200960277,0.190731720733239,0.),(0.,0.,
1.),(0.,0.,1.),(0.981363261248723,-0.192161779423667,0.),(0.,0.,1.),(0.970298606989311,
-0.241910341396564,0.),(-0.981642200960281,-0.190731720733219,0.),(0.,0.,
1.),(0.,0.,1.),(0.981363261248723,0.192161779423666,0.),(0.,0.,1.),(0.97029933034258,
0.241907440019402,0.),(-0.981641381544276,0.190735937987168,0.),(0.,0.,
1.),(0.,0.,1.),(0.98136289974922,-0.192163625579357,0.),(0.,0.,1.),(0.97029933034258,
-0.241907440019401,0.),(-0.981641381544373,-0.190735937986669,0.),(0.,0.,
1.),(0.,0.,1.),(-0.989784606392243,0.142570799776647,0.),(0.,0.,1.),(0.989301071684075,
-0.145888277681043,0.),(-0.98966694028417,-0.143385310644324,0.),(0.,0.,
1.),(0.,0.,1.),(0.989301071684074,0.145888277681047,0.),(-0.989667233684753,
0.143383285534854,0.),(0.,0.,1.),(0.,0.,1.),(0.989301195468723,-0.145887438267161,
0.),(-0.989783553675754,-0.142578107972423,0.),(0.,0.,1.),(0.,0.,1.),(-0.994851884467634,
0.101339666326652,0.),(0.,0.,1.),(0.995065618271613,-0.0992190270751164,
0.),(-0.994824578741039,-0.101607369480338,0.),(0.,0.,1.),(0.,0.,1.),(-0.994825012051783,
0.101603126901537,0.),(-0.99485200420222,-0.101338490884887,0.),(0.,0.,
1.),(0.,0.,1.),(-0.998513233715965,0.0545098348381874,0.),(-0.998533246864175,
-0.0541419883906091,0.),(0.,0.,1.),(0.,0.,1.),(0.995065618271613,0.0992190270751149,
0.),(-0.998533134369738,0.0541440630701744,0.),(0.,0.,1.),(0.,0.,1.),(0.995065805453771,
-0.0992171498110991,0.),(-0.99851342848879,-0.0545062668650233,0.),(0.,
0.,1.),(0.,0.,1.),(0.472684655469396,-0.88123164745927,0.),(0.472693420966734,
0.881226945669937,0.),(0.,0.,1.),(0.472693420966734,0.881226945669937,0.),
(0.,0.,1.),(0.,0.,1.),(-0.999999982797926,-0.000185483550534986,0.),(0.,
0.,1.),(0.998772194738083,-0.0495389040863101,0.),(0.,0.,1.),(0.998768816461904,
0.0496069678904814,0.),(-0.999999982926733,0.000184787808547434,0.),(0.,
0.,1.),(0.,0.,1.),(0.998768774636197,-0.0496078099870395,0.),(0.,0.,1.),
(0.999999997677953,6.81475911755827E-5,0.),(0.515757757693653,-0.856734460249391,
0.),(0.,0.,1.),(0.,0.,1.),(0.513644477716366,0.858003118008019,0.),(0.515765792491875,
0.856729623215649,0.),(0.,0.,1.),(0.,0.,1.),(0.55473851614017,-0.832024746453254,
0.),(0.554674246745438,0.832067593406558,0.),(0.,0.,1.),(0.,0.,1.),(0.554746319198878,
0.832019543842148,0.),(0.595750946021049,-0.803169228939347,0.),(0.,0.,
1.),(0.,0.,1.),(0.597659885419559,0.801749749834871,0.),(0.595736906135205,
0.803179642837425,0.),(0.,0.,1.),(0.,0.,1.),(0.635305704882655,-0.772260746991295,
0.),(0.635305458521186,0.772260949662214,0.),(0.,0.,1.),(0.,0.,1.),(0.635292205286259,
0.77227185233085,0.),(0.669746103129528,-0.742590167819917,0.),(0.,0.,1.),
(0.,0.,1.),(0.669746364825044,0.742589931795226,0.),(0.669752094665953,
0.74258476397686,0.),(0.,0.,1.),(0.,0.,1.),(0.707112486599339,-0.707101075727721,
0.),(0.705688288011868,0.708522434480997,0.),(0.,0.,1.),(0.,0.,1.),(0.707118191792127,
0.707095370396832,0.),(0.741305724092232,-0.671167507726716,0.),(0.,0.,
1.),(0.,0.,1.),(0.741247022001223,0.671232338593961,0.),(0.741251891796915,
-0.671226960802003,0.),(0.,0.,1.),(0.,0.,1.),(0.741305724092241,0.671167507726707,
0.),(0.773639823767059,-0.633625617444303,0.),(0.,0.,1.),(0.,0.,1.),(0.773722800992547,
0.633524290950432,0.),(0.773718721670219,-0.633529272991393,0.),(0.,0.,
1.),(0.,0.,1.),(0.773639823767045,0.63362561744432,0.),(0.804186696156592,
-0.594376780943489,0.),(0.,0.,1.),(0.,0.,1.),(0.804120774032441,0.594465962666886,
0.),(0.804112633277675,-0.594476974325536,0.),(0.,0.,1.),(0.,0.,1.),(0.804186696156584,
0.594376780943501,0.),(0.83068934855129,-0.556736208812965,0.),(0.,0.,1.),
(0.,0.,1.),(0.83162055994378,0.555344257446491,0.),(0.831623864505642,-0.555339308877645,
0.),(0.,0.,1.),(0.,0.,1.),(0.83068603555301,0.55674115200623,0.),(0.856723712466507,
-0.515775610607564,0.),(0.,0.,1.),(0.,0.,1.),(0.856723712466657,0.515775610607315,
0.),(0.856729623215633,-0.515765792491902,0.),(0.,0.,1.),(0.,0.,1.),(0.856723484910048,
0.515775988587665,0.),(0.881233745019594,-0.472680744941806,0.),(0.,0.,
1.),(0.,0.,1.),(0.881233745019524,0.472680744941937,0.),(0.881236349255552,
-0.472675889749781,0.),(0.,0.,1.),(0.,0.,1.),(0.881236349255561,0.472675889749765,
0.),(0.904684581708501,-0.426081925947246,0.),(0.,0.,1.),(0.,0.,1.),(0.904684581708504,
0.426081925947239,0.),(0.904682675008891,-0.426085974351135,0.),(0.,0.,
1.),(0.,0.,1.),(0.904686488312349,0.426077877699688,0.),(0.924187989875456,
-0.381937899886832,0.),(0.,0.,1.),(0.,0.,1.),(0.924187989875459,0.381937899886825,
0.),(0.924184746611318,-0.381945747627819,0.),(0.,0.,1.),(0.,0.,1.),(0.924188164872362,
0.381937476440654,0.),(0.941140233389578,-0.33801636217114,0.),(0.,0.,1.),
(0.,0.,1.),(0.94113905261349,0.33801964979241,0.),(0.941138875714002,-0.338020142328507,
0.),(0.,0.,1.),(0.,0.,1.),(0.941138875714003,0.338020142328506,0.),(0.956542205998669,
-0.291593909646961,0.),(0.,0.,1.),(0.,0.,1.),(0.956542059313563,0.291594390831115,
0.),(0.956543077915224,-0.291591049403904,0.),(0.,0.,1.),(0.,0.,1.),(0.956543077915225,
0.291591049403902,0.),(0.970298606989311,-0.241910341396564,0.),(0.,0.,
1.),(0.,0.,1.),(0.97029933034258,0.241907440019402,0.),(0.97029933034258,
-0.241907440019401,0.),(0.,0.,1.),(0.,0.,1.),(0.97029933034258,0.241907440019402,
0.),(0.981363261248723,-0.192161779423667,0.),(0.,0.,1.),(0.,0.,1.),(0.981363261248723,
0.192161779423666,0.),(0.98136289974922,-0.192163625579357,0.),(0.,0.,1.),
(0.,0.,1.),(0.981362899749232,0.192163625579295,0.),(0.989301071684075,
-0.145888277681043,0.),(0.,0.,1.),(0.,0.,1.),(0.989301071684074,0.145888277681047,
0.),(0.989301195468723,-0.145887438267161,0.),(0.,0.,1.),(0.,0.,1.),(0.989300797234997,
0.145890138769553,0.),(0.995065618271613,-0.0992190270751164,0.),(0.,0.,
1.),(0.,0.,1.),(0.995065618271613,0.0992190270751149,0.),(0.995065805453771,
-0.0992171498110991,0.),(0.,0.,1.),(0.,0.,1.),(0.995065534616262,0.0992198660493608,
0.),(0.998772194738083,-0.0495389040863101,0.),(0.,0.,1.),(0.,0.,1.),(0.998768816461904,
0.0496069678904814,0.),(0.998768774636197,-0.0496078099870395,0.),(0.,0.,
1.),(0.,0.,1.),(0.998772165731169,0.0495394889019855,0.),(0.999999997677953,
6.81475911755827E-5,0.),(0.,0.,1.),(0.,0.,1.),(0.999999997660365,-6.84051911992939E-5,
0.),(1.,0.,0.),(0.,1.,0.),(0.,0.,1.),(0.,0.,1.),(0.,1.,0.),(-1.,0.,0.),
(-1.,0.,0.),(0.,0.,1.),(0.,1.,0.),(0.,1.,0.),(-1.,0.,0.),(0.,0.,1.),(0.,
0.,1.),(0.,-1.,0.),(-1.,0.,0.),(0.,0.,-1.),(0.,1.,0.),(-1.,0.,0.),(-1.,
0.,0.),(0.,0.,-1.),(0.,-1.,0.),(0.,-1.,0.),(0.,0.,1.),(1.,0.,0.),(0.,0.,
1.),(-1.,0.,0.),(0.,1.,0.),(0.,1.,0.),(1.,0.,0.),(0.,0.,1.),(0.,0.,1.),
(-1.,0.,0.),(0.,1.,0.),(0.,0.,1.),(-0.998771616626618,0.0495505582314939,
0.),(0.,0.,1.),(-0.7737189636976,-0.633528977407278,0.),(0.,0.,1.),(-0.998768221539238,
-0.0496189443997758,0.),(0.,0.,1.),(-0.999999997655903,-6.84703923278166E-5,
0.),(0.,0.,1.),(-0.99506470897107,-0.0992281460086791,0.),(0.,0.,1.),(-0.98929958324564,
-0.145898370758563,0.),(0.,0.,1.),(-0.981364980454435,-0.192152999293967,
0.),(0.,0.,1.),(-0.970299355036597,-0.2419073409708,0.),(0.,0.,1.),(-0.956539950255297,
-0.291601309265912,0.),(0.,0.,1.),(-0.941142379144781,-0.338010387677214,
0.),(0.,0.,1.),(-0.92419259422907,-0.381926758387184,0.),(0.,0.,1.),(-0.904678536915304,
-0.426094760405223,0.),(0.,0.,1.),(-0.881226945669981,-0.472693420966652,
0.),(0.,0.,1.),(-0.856734460249544,-0.515757757693399,0.),(0.,0.,1.),(-0.831629072678051,
-0.555331509529799,0.),(0.,0.,1.),(-0.804117866512882,-0.594469895583259,
0.),(0.,1.,0.),(0.,0.,1.),(1.,0.,0.),(0.,0.,1.),(-0.99506443805581,0.0992308627226167,
0.),(0.,0.,1.),(-0.989299184911886,0.14590107173245,0.),(0.,0.,1.),(-0.981364980454447,
0.192152999293905,0.),(0.,0.,1.),(-0.970299355036597,0.241907340970801,
0.),(0.,0.,1.),(-0.956539950255298,0.29160130926591,0.),(0.,0.,1.),(-0.941142379144782,
0.338010387677212,0.),(0.,0.,1.),(-0.924196012192375,0.381918487439024,
0.),(0.,0.,1.),(-0.904682350154824,0.42608666409352,0.),(0.,0.,1.),(-0.881226945669989,
0.472693420966637,0.),(0.,0.,1.),(-0.856728322147993,0.515767953666651,
0.),(0.,0.,1.),(-0.830691256989564,0.556733361279077,0.),(0.,0.,1.),(-0.804191918812466,
0.594369714669855,0.),(0.,0.,1.),(-0.773640049508208,0.633625341820336,
0.),(0.,0.,1.),(-0.741294650221346,0.671179738634304,0.),(0.,0.,1.),(-0.707112486425453,
0.707101075901609,0.),(0.,0.,1.),(-0.669762869736086,0.742575045583194,
0.),(0.,0.,1.),(-0.635292811566877,0.77227135358723,0.),(0.,0.,1.),(-0.595725882232934,
0.803187819403278,0.),(0.,0.,1.),(-0.554751270122221,0.832016242808866,
0.),(0.,0.,1.),(-0.515775610607136,0.856723712466765,0.),(0.,0.,1.),(-0.472698276106844,
0.881224341337448,0.),(0.,0.,1.),(-0.426099923652426,0.904676105058267,
0.),(0.,0.,1.),(-0.381918742104202,0.924195906953469,0.),(0.,0.,1.),(-0.338000140636844,
0.941146059296576,0.),(0.,0.,1.),(-0.290849124106112,0.956768930832679,
0.),(0.,0.,1.),(-0.241761291398295,0.970335755283411,0.),(0.,0.,1.),(-0.195593300251212,
0.980685097723443,0.),(0.,0.,1.),(-0.148748307914216,0.988875088619719,
0.),(0.,0.,1.),(-0.0963481512131352,0.995347694907569,0.),(0.,0.,1.),(-0.0466357216081728,
0.998911962822593,0.),(0.,-1.,0.),(0.,0.,1.),(1.,0.,0.),(1.,0.,0.),(0.,
-1.,0.),(0.,0.,-1.),(0.,1.,0.),(1.,0.,0.),(0.,0.,1.),(0.,1.,0.),(0.,0.,
-1.),(1.,0.,0.),(0.,0.,1.),(-0.998771645627847,-0.0495499736613741,0.),
(0.,0.,1.),(-0.999999997673524,6.82125467683605E-5,0.),(0.,0.,1.),(-0.998768263374333,
0.0496181023036841,0.),(0.,0.,1.),(-0.995064521720433,-0.0992300237492968,
0.),(0.,0.,1.),(-0.995064521720433,0.0992300237492953,0.),(0.,0.,1.),(-0.989299459381531,
-0.145899210646973,0.),(0.,0.,1.),(-0.989299459381531,0.145899210646976,
0.),(0.,0.,1.),(-0.981365341933948,-0.192151153134363,0.),(0.,0.,1.),(-0.981365341933948,
0.192151153134362,0.),(0.,0.,1.),(-0.970298631632287,-0.241910242553949,
0.),(0.,0.,1.),(-0.970299355036597,0.241907340970801,0.),(0.,0.,1.),(-0.95653907824618,
-0.291604169702609,0.),(0.,0.,1.),(-0.956538931617769,0.291604650682283,
0.),(0.,0.,1.),(-0.941143736719461,-0.338006607677615,0.),(0.,0.,1.),(-0.941142555977453,
0.33800989531111,0.),(0.,0.,1.),(-0.924195837198331,-0.381918910902925,
0.),(0.,0.,1.),(-0.924195837198373,0.381918910902823,0.),(0.,0.,1.),(-0.904680443582944,
-0.426090712171208,0.),(0.,0.,1.),(-0.904680443582948,0.4260907121712,0.),
(0.,0.,1.),(-0.881224341337356,-0.472698276107014,0.),(0.,0.,1.),(-0.881224341337365,
0.472698276106998,0.),(0.,0.,1.),(-0.856728549646852,-0.515767575774206,
0.),(0.,0.,1.),(-0.856728549646852,0.515767575774206,0.),(0.,0.,1.),(-0.830694569882973,
-0.556728418142044,0.),(0.,0.,1.),(-0.831625768220961,0.555336458042236,
0.),(0.,0.,1.),(-0.804191918812476,-0.594369714669841,0.),(0.,0.,1.),(-0.804126007097919,
0.594458883951411,0.),(0.,0.,1.),(-0.773640049508222,-0.633625341820319,
0.),(0.,0.,1.),(-0.290849124106149,-0.956768930832668,0.),(0.,0.,1.),(-0.741294650221337,
-0.671179738634313,0.),(0.,0.,1.),(-0.741240820955595,-0.671239186392656,
0.),(0.,0.,1.),(-0.707106781186631,-0.707106781186464,0.),(0.,0.,1.),(-0.705682568671164,
-0.708528130897897,0.),(0.,0.,1.),(-0.669756878278074,-0.742580449513189,
0.),(0.,0.,1.),(-0.669750886594057,-0.742585853559354,0.),(0.,0.,1.),(-0.635306310973749,
-0.772260248385818,0.),(-0.635306310973749,-0.772260248385818,0.),(0.,0.,
1.),(0.,0.,1.),(-0.595739922073482,-0.803177405837516,0.),(0.,0.,1.),(-0.597655888398458,
-0.801752729376489,0.),(0.,0.,1.),(-0.55474346700703,-0.832021445524705,
0.),(0.,0.,1.),(-0.55468702686201,-0.832059073762785,0.),(0.,0.,1.),(-0.515767575774308,
-0.856728549646791,0.),(0.,0.,1.),(-0.513662383339626,-0.857992398533842,
0.),(0.,0.,1.),(-0.472689510635617,-0.881229043174963,0.),(0.,0.,1.),(-0.472680744942092,
-0.881233745019441,0.),(0.,0.,1.),(-0.426090924910723,-0.904680343385842,
0.),(0.,0.,1.),(-0.428488148882996,-0.903547401228527,0.),(0.,0.,1.),(-0.381928321092911,
-0.924191948432332,0.),(0.,0.,1.),(-0.381882653914618,-0.924210819369222,
0.),(0.,0.,1.),(-0.338009895311134,-0.941142555977444,0.),(0.,0.,1.),(-0.335457387900397,
-0.942055381016978,0.),(0.,0.,1.),(-0.290859333442885,-0.956765827226893,
0.),(0.,0.,1.),(-0.241761081633506,-0.970335807546747,0.),(0.,0.,1.),(-0.195582623683242,
-0.98068722705722,0.),(0.,0.,1.),(-0.148737379697357,-0.988876732399324,
0.),(0.,0.,1.),(-0.0963371514698305,-0.995348759604732,0.),(0.,0.,1.),(-0.0466467929777907,
-0.998911445877405,0.),(0.,0.,1.),(0.,-1.,0.),(1.,0.,0.),(0.,0.,1.),(0.,
1.,0.),(1.,0.,0.),(0.,-1.,0.),(-1.,0.,0.),(0.,0.,1.),(0.,0.,1.),(0.,-1.,
0.),(-1.,0.,0.),(-1.,0.,0.),(0.,0.,1.),(0.,1.,0.),(0.,0.,-1.),(-1.,0.,0.),
(0.,-1.,0.),(-1.,0.,0.),(0.,-1.,0.),(0.,0.,1.),(0.,0.,1.),(0.,1.,0.),(-1.,
0.,0.),(0.,1.,0.),(-1.,0.,0.),(0.,0.,-1.),(-1.,0.,0.),(0.,0.,1.),(0.,1.,
0.),(-1.,0.,0.),(0.,-1.,0.),(0.,0.,1.),(0.,-1.,0.),(0.,0.,1.),(-1.,0.,0.),
(0.,1.,0.),(0.,0.,1.),(1.,0.,0.),(-0.999999997673524,6.82125467683605E-5,
0.),(0.,0.,1.),(0.,0.,1.),(-0.998771645627847,-0.0495499736613741,0.),(0.,
0.,1.),(0.999999982732304,-0.00018583700198945,0.),(-0.998768263374333,
0.0496181023036841,0.),(0.,0.,1.),(0.,0.,1.),(-0.999999997655903,-6.84703923278166E-5,
0.),(-0.998768221539238,-0.0496189443997758,0.),(0.,0.,1.),(0.,0.,1.),(0.999999982861602,
0.000185139934187324,0.),(-0.998771616626618,0.0495505582314939,0.),(0.,
0.,1.),(0.,0.,1.),(-0.995064521720433,-0.0992300237492968,0.),(0.,0.,1.),
(0.998514658866314,0.0544837226067469,0.),(-0.995064521720433,0.0992300237492953,
0.),(0.,0.,1.),(0.,0.,1.),(0.998534605685501,-0.0541169220161459,0.),(-0.99506470897107,
-0.0992281460086791,0.),(0.,0.,1.),(0.,0.,1.),(0.994824986131436,0.101603380694676,
0.),(0.,0.,1.),(0.998534493384157,0.0541189940967634,0.),(-0.99506443805581,
0.0992308627226167,0.),(0.,0.,1.),(0.,0.,1.),(0.998514853182044,-0.0544801612960174,
0.),(-0.989299459381531,-0.145899210646973,0.),(0.,0.,1.),(0.,0.,1.),(0.989777362822129,
0.142621078543358,0.),(0.,0.,1.),(0.99485199684452,0.101338563116274,0.),
(-0.989299459381531,0.145899210646976,0.),(0.,0.,1.),(0.,0.,1.),(0.994824552024638,
-0.101607631056814,0.),(-0.98929958324564,-0.145898370758563,0.),(0.,0.,
1.),(0.,0.,1.),(0.989659852429763,0.143434223561532,0.),(-0.989299184911886,
0.14590107173245,0.),(0.,0.,1.),(0.,0.,1.),(0.989776309371784,-0.142628389202047,
0.),(0.,0.,1.),(0.994852115777839,-0.1013373955278,0.),(-0.981365341933948,
-0.192151153134363,0.),(0.,0.,1.),(0.,0.,1.),(0.981642200960276,0.190731720733246,
0.),(-0.981365341933948,0.192151153134362,0.),(0.,0.,1.),(0.,0.,1.),(0.98164220096028,
-0.190731720733226,0.),(0.,0.,1.),(0.989659558176436,-0.143436253820369,
0.),(-0.981364980454435,-0.192152999293967,0.),(0.,0.,1.),(0.,0.,1.),(0.956506683049749,
0.291710413391719,0.),(0.,0.,1.),(0.981641381544254,0.190735937987282,0.),
(0.,0.,1.),(0.969742851890785,0.244128657078041,0.),(-0.981364980454447,
0.192152999293905,0.),(0.,0.,1.),(0.,0.,1.),(0.981641381544249,-0.190735937987307,
0.),(-0.970298631632287,-0.241910242553949,0.),(0.,0.,1.),(0.,0.,1.),(0.969742851890785,
0.244128657078041,0.),(-0.970299355036597,0.241907340970801,0.),(0.,0.,
1.),(0.,0.,1.),(0.969742851890786,-0.244128657078034,0.),(-0.970299355036597,
-0.2419073409708,0.),(0.,0.,1.),(0.,0.,1.),(0.941001606428146,0.338402093225867,
0.),(-0.970299355036597,0.241907340970801,0.),(0.,0.,1.),(0.,0.,1.),(0.969746274780821,
-0.244115060061274,0.),(-0.95653907824618,-0.291604169702609,0.),(0.,0.,
1.),(0.,0.,1.),(-0.956538931617769,0.291604650682283,0.),(-0.956539950255297,
-0.291601309265912,0.),(0.,0.,1.),(0.,0.,1.),(0.880419498118061,0.474195642465789,
0.),(0.,0.,1.),(0.92463031637296,0.380865826826245,0.),(0.,0.,1.),(0.90386344327139,
0.427821079328247,0.),(-0.956539950255298,0.29160130926591,0.),(0.,0.,1.),
(0.,0.,1.),(-0.941143736719461,-0.338006607677615,0.),(0.,0.,1.),(0.941001606428146,
0.338402093225867,0.),(0.,0.,1.),(0.956506683049749,0.291710413391719,0.),
(-0.941142555977453,0.33800989531111,0.),(0.,0.,1.),(0.,0.,1.),(0.941001606428146,
-0.338402093225867,0.),(0.,0.,1.),(0.9565066830498,-0.291710413391552,0.),
(-0.941142379144781,-0.338010387677214,0.),(0.,0.,1.),(0.,0.,1.),(0.859274603240337,
0.511514570883529,0.),(-0.941142379144782,0.338010387677212,0.),(0.,0.,
1.),(0.,0.,1.),(0.941001606428146,-0.338402093225867,0.),(0.,0.,1.),(0.956510773096098,
-0.291697001957689,0.),(-0.924195837198331,-0.381918910902925,0.),(0.,0.,
1.),(0.,0.,1.),(-0.924195837198373,0.381918910902823,0.),(-0.92419259422907,
-0.381926758387184,0.),(0.,0.,1.),(0.,0.,1.),(0.830016991902501,0.557738104447888,
0.),(-0.924196012192375,0.381918487439024,0.),(0.,0.,1.),(0.,0.,1.),(-0.904680443582944,
-0.426090712171208,0.),(0.,0.,1.),(0.903858409766767,0.427831713520504,
0.),(0.,0.,1.),(0.92463031637296,0.380865826826245,0.),(-0.904680443582948,
0.4260907121712,0.),(0.,0.,1.),(0.,0.,1.),(0.903858409766757,-0.427831713520526,
0.),(0.,0.,1.),(0.924630316373082,-0.38086582682595,0.),(-0.904678536915304,
-0.426094760405223,0.),(0.,0.,1.),(0.,0.,1.),(0.743343387364151,0.668910015220276,
0.),(0.,0.,1.),(0.801595199614826,0.597867155774982,0.),(0.,0.,1.),(0.77490224212253,
0.632081098557358,0.),(-0.904682350154824,0.42608666409352,0.),(0.,0.,1.),
(0.,0.,1.),(0.903854563072745,-0.427839840141818,0.),(0.,0.,1.),(0.924622410789598,
-0.380885018694136,0.),(-0.881224341337356,-0.472698276107014,0.),(0.,0.,
1.),(0.,0.,1.),(-0.881224341337365,0.472698276106998,0.),(-0.881226945669981,
-0.472693420966652,0.),(0.,0.,1.),(0.,0.,1.),(0.706923706452569,0.707289808533505,
0.),(-0.881226945669989,0.472693420966637,0.),(0.,0.,1.),(0.,0.,1.),(-0.856728549646852,
-0.515767575774206,0.),(0.,0.,1.),(0.859274025500211,0.511515541406771,
0.),(0.,0.,1.),(0.880419958050958,0.474194788526349,0.),(-0.856728549646852,
0.515767575774206,0.),(0.,0.,1.),(0.,0.,1.),(0.859280539103833,-0.511504599312095,
0.),(0.,0.,1.),(0.880425996408021,-0.474183577160728,0.),(-0.856734460249544,
-0.515757757693399,0.),(0.,0.,1.),(0.,0.,1.),(-0.290849124106149,-0.956768930832668,
0.),(0.,0.,1.),(0.668702961980007,0.743529655520992,0.),(0.,0.,1.),(0.636208949047026,
0.771516800304749,0.),(-0.856728322147993,0.515767953666651,0.),(0.,0.,
1.),(0.,0.,1.),(0.859273446543601,-0.511516513971037,0.),(0.,0.,1.),(0.880431575257546,
-0.474173218654867,0.),(-0.830694569882973,-0.556728418142044,0.),(0.,0.,
1.),(0.,0.,1.),(0.830017653922196,0.557737119239426,0.),(-0.831625768220961,
0.555336458042236,0.),(0.,0.,1.),(0.,0.,1.),(0.830009258957422,-0.557749612321651,
0.),(-0.831629072678051,-0.555331509529799,0.),(0.,0.,1.),(0.,0.,1.),(-0.830691256989564,
0.556733361279077,0.),(0.,0.,1.),(0.830018314553705,-0.557736136094325,
0.),(-0.804191918812476,-0.594369714669841,0.),(0.,0.,1.),(0.,0.,1.),(-0.804126007097919,
0.594458883951411,0.),(-0.804117866512882,-0.594469895583259,0.),(0.,0.,
1.),(0.,0.,1.),(-0.804191918812466,0.594369714669855,0.),(-0.773640049508222,
-0.633625341820319,0.),(0.,0.,1.),(0.,0.,1.),(0.77490224212253,0.632081098557358,
0.),(0.,0.,1.),(0.801604198418535,0.597855090367036,0.),(-0.773723042917289,
0.633523995487788,0.),(0.,0.,1.),(-0.773723042917289,0.633523995487788,
0.),(0.,0.,1.),(0.,0.,1.),(0.774912308965741,-0.632068756871738,0.),(0.,
0.,1.),(0.801604721540923,-0.597854388963817,0.),(-0.7737189636976,-0.633528977407278,
0.),(0.,0.,1.),(0.,0.,1.),(-0.773640049508208,0.633625341820336,0.),(0.,
0.,1.),(0.774902242122669,-0.632081098557187,0.),(0.,0.,1.),(0.80161319628471,
-0.597843025837226,0.),(-0.741294650221337,-0.671179738634313,0.),(0.,0.,
1.),(0.,0.,1.),(0.740214863194663,0.672370401122556,0.),(-0.741235951046667,
0.671244564131393,0.),(0.,0.,1.),(-0.741235951046667,0.671244564131393,
0.),(0.,0.,1.),(0.,0.,1.),(0.74333159286786,-0.668923121923984,0.),(-0.741240820955595,
-0.671239186392656,0.),(0.,0.,1.),(0.,0.,1.),(-0.741294650221346,0.671179738634304,
0.),(0.,0.,1.),(0.740214863194663,-0.672370401122556,0.),(-0.707106781186631,
-0.707106781186464,0.),(0.,0.,1.),(0.,0.,1.),(-0.705682568671185,0.708528130897877,
0.),(0.,0.,1.),(-0.705682568671185,0.708528130897877,0.),(0.,0.,1.),(0.706911235240627,
-0.707302273070411,0.),(-0.705682568671164,-0.708528130897897,0.),(0.,0.,
1.),(0.,0.,1.),(-0.707112486425453,0.707101075901609,0.),(-0.669756878278074,
-0.742580449513189,0.),(0.,0.,1.),(0.,0.,1.),(0.672369879469944,0.740215337034821,
0.),(0.,0.,1.),(0.707106282865862,0.707107279506882,0.),(-0.669757140024458,
0.742580213435733,0.),(0.,0.,1.),(-0.669757140024458,0.742580213435733,
0.),(0.,0.,1.),(0.,0.,1.),(-0.669750886594057,-0.742585853559354,0.),(-0.669762869736086,
0.742575045583194,0.),(0.,0.,1.),(0.,0.,1.),(0.672370580357026,-0.740214700387905,
0.),(0.,0.,1.),(0.707093069143471,-0.707120492963729,0.),(-0.635306310973749,
-0.772260248385818,0.),(0.,0.,1.),(0.,0.,1.),(-0.635306064759294,0.77226045093612,
0.),(0.,0.,1.),(-0.635306064759294,0.77226045093612,0.),(0.,0.,1.),(0.668717561077633,
-0.74351652537545,0.),(-0.635306310973749,-0.772260248385818,0.),(0.,0.,
1.),(0.,0.,1.),(-0.635292811566877,0.77227135358723,0.),(-0.595739922073482,
-0.803177405837516,0.),(0.,0.,1.),(0.,0.,1.),(0.63208466406904,0.774899333751636,
0.),(-0.597648881048799,0.801757952864278,0.),(0.,0.,1.),(-0.597648881048799,
0.801757952864278,0.),(0.,0.,1.),(0.,0.,1.),(0.597684066548325,-0.801731723579813,
0.),(0.,0.,1.),(0.636192949086493,-0.771529993929355,0.),(-0.597655888398458,
-0.801752729376489,0.),(0.,0.,1.),(0.,0.,1.),(-0.595725882232934,0.803187819403278,
0.),(0.,0.,1.),(0.632083971151536,-0.774899898963282,0.),(-0.55474346700703,
-0.832021445524705,0.),(0.,0.,1.),(0.,0.,1.),(0.557749612321072,0.830009258957811,
0.),(0.,0.,1.),(0.59787084410753,0.801592448670863,0.),(-0.55467917464329,
0.832064308342233,0.),(0.,0.,1.),(-0.55467917464329,0.832064308342233,0.),
(0.,0.,1.),(0.,0.,1.),(-0.55468702686201,-0.832059073762785,0.),(-0.554751270122221,
0.832016242808866,0.),(0.,0.,1.),(0.,0.,1.),(0.557749612321002,-0.830009258957858,
0.),(0.,0.,1.),(0.597854388963643,-0.801604721541053,0.),(-0.515767575774308,
-0.856728549646791,0.),(0.,0.,1.),(0.,0.,1.),(-0.513654286388099,0.85799724596011,
0.),(0.,0.,1.),(-0.513654286388099,0.85799724596011,0.),(0.,0.,1.),(0.516422403222689,
-0.856333989428017,0.),(0.,0.,1.),(0.557904606880185,-0.829905084706599,
0.),(-0.513662383339626,-0.857992398533842,0.),(0.,0.,1.),(0.,0.,1.),(-0.515775610607136,
0.856723712466765,0.),(-0.472689510635617,-0.881229043174963,0.),(0.,0.,
1.),(0.,0.,1.),(0.474070203495018,0.880487048262604,0.),(0.,0.,1.),(0.516558386693121,
0.85625196825292,0.),(-0.472698276106844,0.881224341337448,0.),(0.,0.,1.),
(-0.472698276106844,0.881224341337448,0.),(0.,0.,1.),(0.,0.,1.),(-0.472680744942092,
-0.881233745019441,0.),(0.,0.,1.),(-0.335457387900397,-0.942055381016978,
0.),(-0.472698276106844,0.881224341337448,0.),(0.,0.,1.),(0.,0.,1.),(0.47407089186164,
-0.880486677633177,0.),(0.,0.,1.),(0.516539260310509,-0.856263506496611,
0.),(-0.426090924910723,-0.904680343385842,0.),(0.,0.,1.),(0.,0.,1.),(-0.428506123964676,
0.903538876709115,0.),(0.,0.,1.),(-0.428506123964676,0.903538876709115,
0.),(0.,0.,1.),(0.468874366549732,-0.883264868763944,0.),(-0.428488148882996,
-0.903547401228527,0.),(0.,0.,1.),(0.,0.,1.),(-0.426099923652426,0.904676105058267,
0.),(0.999999982732304,-0.00018583700198945,0.),(0.,0.,1.),(0.,0.,1.),(0.998514658866314,
0.0544837226067469,0.),(0.,0.,1.),(0.334738195815719,-0.942311169551777,
0.),(0.998534605685501,-0.0541169220161459,0.),(0.,0.,1.),(0.,0.,1.),(0.998534493384157,
0.0541189940967634,0.),(0.999999982861602,0.000185139934187324,0.),(0.,
0.,1.),(0.,0.,1.),(0.998514853182044,-0.0544801612960174,0.),(0.,0.,1.),
(0.80161319628471,-0.597843025837226,0.),(0.,0.,1.),(0.994852115777839,
-0.1013373955278,0.),(0.,0.,1.),(0.989776309371784,-0.142628389202047,0.),
(0.,0.,1.),(0.981641381544249,-0.190735937987307,0.),(0.,0.,1.),(0.969746274780821,
-0.244115060061274,0.),(0.,0.,1.),(0.956510773096098,-0.291697001957689,
0.),(0.,0.,1.),(0.941001606428146,-0.338402093225867,0.),(0.,0.,1.),(0.924622410789598,
-0.380885018694136,0.),(0.,0.,1.),(0.903854563072745,-0.427839840141818,
0.),(0.,0.,1.),(0.880431575257546,-0.474173218654867,0.),(0.,0.,1.),(0.859273446543601,
-0.511516513971037,0.),(0.,0.,1.),(0.830018314553705,-0.557736136094325,
0.),(0.99485199684452,0.101338563116274,0.),(0.,0.,1.),(0.,0.,1.),(0.994824552024638,
-0.101607631056814,0.),(0.994824986131436,0.101603380694676,0.),(0.,0.,
1.),(0.,0.,1.),(-0.381928321092911,-0.924191948432332,0.),(0.,0.,1.),(0.425551961090137,
0.904933991190705,0.),(-0.381863415334445,0.924218768489968,0.),(0.,0.,
1.),(-0.381863415334445,0.924218768489968,0.),(0.,0.,1.),(0.,0.,1.),(0.425551961090185,
-0.904933991190682,0.),(-0.381882653914618,-0.924210819369222,0.),(0.,0.,
1.),(0.,0.,1.),(-0.381918742104202,0.924195906953469,0.),(0.,0.,1.),(0.425572882128561,
-0.904924152620975,0.),(0.989777362822129,0.142621078543358,0.),(0.,0.,
1.),(0.,0.,1.),(0.989659558176436,-0.143436253820369,0.),(0.989659852429763,
0.143434223561532,0.),(0.,0.,1.),(0.,0.,1.),(0.981642200960276,0.190731720733246,
0.),(0.98164220096028,-0.190731720733226,0.),(0.,0.,1.),(0.,0.,1.),(0.981641381544254,
0.190735937987282,0.),(0.,0.,1.),(0.774902242122669,-0.632081098557187,
0.),(0.969742851890785,0.244128657078041,0.),(0.,0.,1.),(0.,0.,1.),(0.969742851890786,
-0.244128657078034,0.),(0.969742851890785,0.244128657078041,0.),(0.,0.,
1.),(0.,0.,1.),(0.956506683049749,0.291710413391719,0.),(0.9565066830498,
-0.291710413391552,0.),(0.,0.,1.),(0.,0.,1.),(0.956506683049749,0.291710413391719,
0.),(0.941001606428146,0.338402093225867,0.),(0.,0.,1.),(0.,0.,1.),(0.941001606428146,
-0.338402093225867,0.),(0.941001606428146,0.338402093225867,0.),(0.,0.,
1.),(0.,0.,1.),(0.92463031637296,0.380865826826245,0.),(0.924630316373082,
-0.38086582682595,0.),(0.,0.,1.),(0.,0.,1.),(0.92463031637296,0.380865826826245,
0.),(0.903858409766767,0.427831713520504,0.),(0.,0.,1.),(0.,0.,1.),(0.903858409766757,
-0.427831713520526,0.),(0.,0.,1.),(0.74333159286786,-0.668923121923984,
0.),(0.,0.,1.),(0.706911235240627,-0.707302273070411,0.),(0.,0.,1.),(0.668717561077633,
-0.74351652537545,0.),(0.,0.,1.),(0.636192949086493,-0.771529993929355,
0.),(0.,0.,1.),(0.597684066548325,-0.801731723579813,0.),(0.,0.,1.),(0.557904606880185,
-0.829905084706599,0.),(0.,0.,1.),(0.516422403222689,-0.856333989428017,
0.),(0.,0.,1.),(0.468874366549732,-0.883264868763944,0.),(0.,0.,1.),(0.425551961090185,
-0.904933991190682,0.),(0.,0.,1.),(0.380504178557892,-0.924779200728468,
0.),(0.90386344327139,0.427821079328247,0.),(0.,0.,1.),(0.,0.,1.),(0.880419958050958,
0.474194788526349,0.),(0.880425996408021,-0.474183577160728,0.),(0.,0.,
1.),(0.,0.,1.),(0.880419498118061,0.474195642465789,0.),(-0.338009895311134,
-0.941142555977444,0.),(0.,0.,1.),(0.,0.,1.),(0.380504178557919,0.924779200728457,
0.),(-0.335437777875249,0.94206236373932,0.),(0.,0.,1.),(-0.335437777875249,
0.94206236373932,0.),(0.,0.,1.),(0.,0.,1.),(0.380504178557892,-0.924779200728468,
0.),(-0.338000140636844,0.941146059296576,0.),(0.,0.,1.),(0.,0.,1.),(0.380504178557892,
-0.924779200728468,0.),(0.859274025500211,0.511515541406771,0.),(0.,0.,
1.),(0.,0.,1.),(0.859280539103833,-0.511504599312095,0.),(0.859274603240337,
0.511514570883529,0.),(0.,0.,1.),(0.,0.,1.),(0.830017653922196,0.557737119239426,
0.),(0.830009258957422,-0.557749612321651,0.),(0.,0.,1.),(0.,0.,1.),(0.830016991902501,
0.557738104447888,0.),(0.801604198418535,0.597855090367036,0.),(0.,0.,1.),
(0.,0.,1.),(0.801604721540923,-0.597854388963817,0.),(0.801595199614826,
0.597867155774982,0.),(0.,0.,1.),(0.,0.,1.),(0.77490224212253,0.632081098557358,
0.),(0.,0.,1.),(0.291710413391634,-0.956506683049775,0.),(0.774912308965741,
-0.632068756871738,0.),(0.,0.,1.),(0.,0.,1.),(0.77490224212253,0.632081098557358,
0.),(-0.290859333442885,-0.956765827226893,0.),(0.,0.,1.),(0.,0.,1.),(0.334738195815718,
0.942311169551777,0.),(-0.290859333442901,0.956765827226888,0.),(0.,0.,
1.),(-0.290859333442901,0.956765827226888,0.),(0.,0.,1.),(0.,0.,1.),(0.334738195815719,
-0.942311169551777,0.),(-0.290849124106112,0.956768930832679,0.),(0.,0.,
1.),(0.,0.,1.),(0.334761369741471,-0.942302937132647,0.),(0.740214863194663,
0.672370401122556,0.),(0.,0.,1.),(0.,0.,1.),(0.743343387364151,0.668910015220276,
0.),(0.,0.,1.),(0.740214863194663,-0.672370401122556,0.),(0.707106282865862,
0.707107279506882,0.),(0.,0.,1.),(0.,0.,1.),(-0.557903843630978,-0.829905597801209,
0.),(0.,0.,1.),(0.244153137823441,-0.969736688638193,0.),(0.,0.,1.),(0.196166745460529,
-0.980570552268129,0.),(0.,0.,1.),(0.148891454357976,-0.988853545687715,
0.),(0.,0.,1.),(0.0953824263436626,-0.995440702776813,0.),(0.,0.,1.),(0.0476845094320357,
-0.998862446766434,0.),(0.,0.,1.),(-0.000184423662912235,-0.999999982993956,
0.),(0.,0.,1.),(-0.0474091088207941,-0.998875556013269,0.),(0.,0.,1.),(-0.0949243780558063,
-0.995484486293342,0.),(0.,0.,1.),(-0.15007514399303,-0.988674593157663,
0.),(0.,0.,1.),(-0.197340485315044,-0.980335010522231,0.),(0.,0.,1.),(-0.244153137823419,
-0.969736688638199,0.),(0.,0.,1.),(-0.291710413391636,-0.956506683049774,
0.),(0.,0.,1.),(-0.332456404962908,-0.943118623927626,0.),(0.,0.,1.),(-0.38080668687022,
-0.92465467458664,0.),(0.,0.,1.),(-0.428036731395261,-0.903761338283764,
0.),(0.,0.,1.),(-0.468874366549753,-0.883264868763933,0.),(0.,0.,1.),(-0.51643440466798,
-0.856326751698923,0.),(0.706923706452569,0.707289808533505,0.),(0.,0.,
1.),(0.,0.,1.),(0.707093069143471,-0.707120492963729,0.),(0.672369879469944,
0.740215337034821,0.),(0.,0.,1.),(0.,0.,1.),(-0.668564863622908,-0.743653832861018,
0.),(0.,0.,1.),(-0.594339327048447,-0.804214377093322,0.),(0.,0.,1.),(-0.636441166939131,
-0.7713252498299,0.),(0.668702961980007,0.743529655520992,0.),(0.,0.,1.),
(0.,0.,1.),(0.672370580357026,-0.740214700387905,0.),(0.,0.,1.),(0.636208949047026,
0.771516800304749,0.),(-0.241761081633506,-0.970335807546747,0.),(0.,0.,
1.),(0.,0.,1.),(0.244128657077908,0.969742851890818,0.),(0.,0.,1.),(0.291710413392236,
0.956506683049591,0.),(-0.241761081633245,0.970335807546812,0.),(0.,0.,
1.),(-0.241761081633245,0.970335807546812,0.),(0.,0.,1.),(0.,0.,1.),(0.244153137823441,
-0.969736688638193,0.),(0.,0.,1.),(0.291710413391634,-0.956506683049775,
0.),(-0.241761291398064,-0.970335755283469,0.),(0.,0.,1.),(-0.241761291398064,
-0.970335755283469,0.),(0.,0.,1.),(0.,0.,1.),(0.597716434511057,0.80170759252697,
0.),(0.,0.,1.),(0.557904606880193,0.829905084706593,0.),(0.,0.,1.),(0.244152792885323,
0.969736775484098,0.),(0.,0.,1.),(0.516403016209587,0.85634568069772,0.),
(0.,0.,1.),(0.468833948350552,0.883286323268979,0.),(0.,0.,1.),(0.425573531768968,
0.904923847104101,0.),(0.,0.,1.),(0.380547602927604,0.924761332402071,0.),
(0.,0.,1.),(0.334715020938406,0.942319401667079,0.),(0.,0.,1.),(0.291710695946746,
0.956506596877546,0.),(-0.241761291398295,0.970335755283411,0.),(0.,0.,
1.),(0.,0.,1.),(0.244104520441827,-0.969748927867345,0.),(0.,0.,1.),(0.29171012940913,
-0.95650676965723,0.),(0.63208466406904,0.774899333751636,0.),(0.,0.,1.),
(0.,0.,1.),(-0.98033492974631,0.197340886587896,0.),(0.,0.,1.),(-0.70710777672393,
-0.707105785647764,0.),(0.,0.,1.),(-0.746637323676712,-0.665231318334364,
0.),(0.,0.,1.),(-0.771517150797874,-0.636208524011373,0.),(0.,0.,1.),(-0.801719657830403,
-0.597700251169682,0.),(0.,0.,1.),(-0.829905084706489,-0.557904606880348,
0.),(0.,0.,1.),(-0.856333989427971,-0.516422403222765,0.),(0.,0.,1.),(-0.883264868763853,
-0.468874366549904,0.),(0.,0.,1.),(-0.903761338283756,-0.428036731395278,
0.),(0.,0.,1.),(-0.924654674586382,-0.380806686870847,0.),(0.,0.,1.),(-0.943118623927697,
-0.332456404962707,0.),(0.,0.,1.),(-0.956506683049744,-0.291710413391734,
0.),(0.,0.,1.),(-0.969742851890798,-0.24412865707799,0.),(0.,0.,1.),(-0.980334929746314,
-0.197340886587876,0.),(0.,0.,1.),(-0.988797828124829,0.149261030063516,
0.),(0.,0.,1.),(-0.988674605687654,-0.150075061447135,0.),(0.,0.,1.),(-0.995518700396,
0.0945648833439687,0.),(0.,0.,1.),(-0.995484493890753,-0.0949242983807165,
0.),(0.,0.,1.),(-0.998862383140257,0.0476858422109399,0.),(0.,0.,1.),(-0.998875543470893,
-0.0474093730788274,0.),(0.,0.,1.),(-0.999999982797926,-0.000185483550534986,
0.),(0.,0.,1.),(0.632083971151536,-0.774899898963282,0.),(0.59787084410753,
0.801592448670863,0.),(0.,0.,1.),(0.,0.,1.),(0.597716434511057,0.80170759252697,
0.),(0.,0.,1.),(0.597854388963643,-0.801604721541053,0.),(0.,0.,1.),(-0.594528086674926,
-0.804074843627539,0.),(0.,0.,1.),(0.557749612321002,-0.830009258957858,
0.),(0.,0.,1.),(0.516539260310509,-0.856263506496611,0.),(0.,0.,1.),(0.47407089186164,
-0.880486677633177,0.),(0.,0.,1.),(0.425572882128561,-0.904924152620975,
0.),(0.,0.,1.),(0.380504178557892,-0.924779200728468,0.),(0.,0.,1.),(0.334761369741471,
-0.942302937132647,0.),(0.,0.,1.),(0.29171012940913,-0.95650676965723,0.),
(0.,0.,1.),(0.244104520441827,-0.969748927867345,0.),(0.,0.,1.),(0.18964146408635,
-0.981853408151739,0.),(0.,0.,1.),(0.148996878609278,-0.988837666234803,
0.),(0.,0.,1.),(0.102081093680206,-0.994776080488998,0.),(0.,0.,1.),(0.0476587816946059,
-0.998863674646038,0.),(0.,0.,1.),(-0.000184072899557948,-0.999999983058584,
0.),(0.,0.,1.),(-0.047383030376421,-0.998876793419663,0.),(0.,0.,1.),(-0.101623350499908,
-0.994822946374466,0.),(0.,0.,1.),(-0.150094916518175,-0.988671591599254,
0.),(0.,0.,1.),(-0.190731720733296,-0.981642200960266,0.),(0.,0.,1.),(-0.244104520441916,
-0.969748927867323,0.),(0.,0.,1.),(-0.291710129409215,-0.956506769657204,
0.),(0.,0.,1.),(-0.332479598746877,-0.943110447623774,0.),(0.,0.,1.),(-0.38080668687022,
-0.92465467458664,0.),(0.,0.,1.),(-0.428057625322427,-0.903751442269015,
0.),(0.,0.,1.),(-0.47407089186166,-0.880486677633165,0.),(0.,0.,1.),(-0.516551133134524,
-0.856256344126827,0.),(0.,0.,1.),(-0.557748628136335,-0.830009920309412,
0.),(0.557749612321072,0.830009258957811,0.),(0.,0.,1.),(0.,0.,1.),(-0.969742851890799,
0.244128657077982,0.),(0.557904606880193,0.829905084706593,0.),(0.,0.,1.),
(0.,0.,1.),(-0.956506683049749,0.291710413391718,0.),(0.,0.,1.),(-0.632350658845273,
-0.774682286010174,0.),(0.,0.,1.),(-0.672214675299904,-0.74035628606195,
0.),(0.,0.,1.),(-0.707289572034029,-0.706923943074445,0.),(0.,0.,1.),(-0.743541270296916,
-0.668690047305363,0.),(0.,0.,1.),(-0.771506964674302,-0.636220876315014,
0.),(0.,0.,1.),(-0.801727940395951,-0.597689141266985,0.),(0.,0.,1.),(-0.829913929098059,
-0.557891450274175,0.),(0.,0.,1.),(-0.85632675169872,-0.516434404668317,
0.),(0.,0.,1.),(-0.883270288841819,-0.468864156072193,0.),(0.,0.,1.),(-0.903757196190224,
-0.428045476946533,0.),(0.,0.,1.),(-0.924646587281119,-0.380826323445977,
0.),(0.,0.,1.),(-0.943118623927697,-0.332456404962707,0.),(0.,0.,1.),(-0.956510773096099,
-0.291697001957689,0.),(0.,0.,1.),(-0.969742851890799,0.244128657077982,
0.),(0.,0.,1.),(-0.969746274780832,-0.24411506006123,0.),(0.,0.,1.),(-0.980334015616938,
0.197345427675354,0.),(0.,0.,1.),(-0.980334015616934,-0.197345427675378,
0.),(0.,0.,1.),(-0.988674862735366,0.150073368041117,0.),(0.,0.,1.),(-0.988796675657492,
-0.149268664523712,0.),(0.,0.,1.),(-0.99548493157163,0.0949197082476908,
0.),(0.,0.,1.),(-0.995518745245445,-0.0945644111964704,0.),(0.,0.,1.),(-0.998875461259981,
0.0474111051617635,0.),(0.,0.,1.),(-0.998862519866014,-0.0476829781674513,
0.),(0.,0.,1.),(-0.999999982926733,0.000184787808547434,0.),(-0.195582623683242,
-0.98068722705722,0.),(0.,0.,1.),(0.,0.,1.),(-0.195582623683222,0.980687227057224,
0.),(0.,0.,1.),(-0.195593300251175,-0.980685097723451,0.),(-0.195582623683222,
0.980687227057224,0.),(0.,0.,1.),(-0.195593300251175,-0.980685097723451,
0.),(0.,0.,1.),(0.,0.,1.),(-0.195593300251212,0.980685097723443,0.),(0.516558386693121,
0.85625196825292,0.),(0.,0.,1.),(0.,0.,1.),(0.516403016209587,0.85634568069772,
0.),(0.,0.,1.),(-0.924654674586469,0.380806686870636,0.),(0.,0.,1.),(-0.943118623927697,
0.332456404962707,0.),(0.474070203495018,0.880487048262604,0.),(0.,0.,1.),
(0.,0.,1.),(0.468833948350552,0.883286323268979,0.),(0.425551961090137,
0.904933991190705,0.),(0.,0.,1.),(0.,0.,1.),(0.425573531768968,0.904923847104101,
0.),(-0.148737379697357,-0.988876732399324,0.),(0.,0.,1.),(0.,0.,1.),(0.189641464086349,
0.981853408151739,0.),(-0.148748307914216,0.988875088619719,0.),(0.,0.,
1.),(0.,0.,1.),(-0.148726451403018,-0.98887837606708,0.),(-0.148748307914216,
0.988875088619719,0.),(0.,0.,1.),(0.,0.,1.),(0.148891454357976,-0.988853545687715,
0.),(0.,0.,1.),(0.196166745460529,-0.980570552268129,0.),(-0.148726451403018,
-0.98887837606708,0.),(0.,0.,1.),(0.,0.,1.),(0.148865595023058,0.98885743897613,
0.),(0.,0.,1.),(0.196166823745534,0.980570536606923,0.),(-0.148748307914216,
0.988875088619719,0.),(0.,0.,1.),(0.,0.,1.),(0.18964146408635,-0.981853408151739,
0.),(0.380504178557919,0.924779200728457,0.),(0.,0.,1.),(0.,0.,1.),(0.380547602927604,
0.924761332402071,0.),(0.334738195815718,0.942311169551777,0.),(0.,0.,1.),
(0.,0.,1.),(0.334715020938406,0.942319401667079,0.),(-0.0963371514698305,
-0.995348759604732,0.),(0.,0.,1.),(0.,0.,1.),(0.102081449820366,0.994776043942842,
0.),(0.,0.,1.),(0.148971517411685,0.98884148729716,0.),(-0.0963371035035145,
0.995348764247263,0.),(0.,0.,1.),(-0.0963371035035145,0.995348764247263,
0.),(0.,0.,1.),(0.,0.,1.),(-0.0963261516546544,-0.995349824186153,0.),(0.,
0.,1.),(-0.0963261516546544,-0.995349824186153,0.),(-0.0963481512131352,
0.995347694907569,0.),(0.,0.,1.),(0.,0.,1.),(0.102081093680206,-0.994776080488998,
0.),(0.,0.,1.),(0.148996878609278,-0.988837666234803,0.),(0.291710413392236,
0.956506683049591,0.),(0.,0.,1.),(0.,0.,1.),(0.291710695946746,0.956506596877546,
0.),(0.244128657077908,0.969742851890818,0.),(0.,0.,1.),(0.,0.,1.),(0.244152792885323,
0.969736775484098,0.),(0.189641464086349,0.981853408151739,0.),(0.,0.,1.),
(0.,0.,1.),(0.196166823745534,0.980570536606923,0.),(-0.0466467929777907,
-0.998911445877405,0.),(0.,0.,1.),(0.,0.,1.),(-0.0495357786389543,0.998772349754754,
0.),(0.,0.,1.),(-0.049535797891731,-0.99877234879988,0.),(0.,0.,1.),(0.0953824263436626,
-0.995440702776813,0.),(-0.0495357786389543,0.998772349754754,0.),(0.,0.,
1.),(0.,0.,1.),(-0.049535797891731,-0.99877234879988,0.),(0.,0.,1.),(0.0953829593425909,
0.995440651705088,0.),(-0.0466357216081728,0.998911962822593,0.),(0.,0.,
1.),(0.,0.,1.),(0.148971517411685,0.98884148729716,0.),(0.148865595023058,
0.98885743897613,0.),(0.,0.,1.),(0.,0.,1.),(0.102081449820366,0.994776043942842,
0.),(0.0953829593425909,0.995440651705088,0.),(0.,0.,1.),(0.,0.,1.),(6.76938114151004E-5,
-0.999999997708774,0.),(0.,0.,1.),(0.04768475757194,0.998862434920498,0.),
(0.,0.,1.),(-0.000184072899557309,0.999999983058584,0.),(6.76938114151004E-5,
-0.999999997708774,0.),(0.,0.,1.),(0.,0.,1.),(8.45752715313024E-5,0.999999996423512,
0.),(0.,0.,1.),(8.45752715313024E-5,0.999999996423512,0.),(0.,0.,1.),(0.0476845094320357,
-0.998862446766434,0.),(0.,0.,1.),(-0.000184423662912235,-0.999999982993956,
0.),(8.45108690009539E-5,-0.999999996428957,0.),(0.,0.,1.),(0.,0.,1.),(0.0477107332327706,
0.998861194528245,0.),(0.,0.,1.),(-0.000184072899557309,0.999999983058584,
0.),(8.45108690009539E-5,-0.999999996428957,0.),(0.,0.,1.),(0.,0.,1.),(6.76293495117228E-5,
0.999999997713136,0.),(0.,0.,1.),(6.76293495117228E-5,0.999999997713136,
0.),(0.,0.,1.),(0.0476587816946059,-0.998863674646038,0.),(0.,0.,1.),(-0.000184072899557948,
-0.999999983058584,0.),(0.04768475757194,0.998862434920498,0.),(0.,0.,1.),
(0.,0.,1.),(0.0477107332327706,0.998861194528245,0.),(-0.000184072899557309,
0.999999983058584,0.),(0.,0.,1.),(-0.000184072899557309,0.999999983058584,
0.),(0.,0.,1.),(0.,0.,1.),(0.0467144129939514,-0.998908285889466,0.),(0.,
0.,1.),(0.0467144129939514,-0.998908285889466,0.),(-0.04740865897372,0.998875577364025,
0.),(0.,0.,1.),(-0.04740865897372,0.998875577364025,0.),(0.,0.,1.),(0.,
0.,1.),(0.0496202499044726,0.998768156680727,0.),(-0.0474091088207941,-0.998875556013269,
0.),(0.,0.,1.),(0.,0.,1.),(0.0496202499044726,0.998768156680727,0.),(0.,
0.,1.),(0.0496202048339691,-0.998768158919894,0.),(0.,0.,1.),(1.,0.,0.),
(0.,0.,1.),(0.0959722504331782,-0.995384009891053,0.),(0.,0.,1.),(0.148374847783105,
-0.988931193028787,0.),(0.,0.,1.),(0.195593300251174,-0.980685097723451,
0.),(0.,0.,1.),(0.242520042950451,-0.970146395533845,0.),(0.,0.,1.),(0.291593909647089,
-0.95654220599863,0.),(0.,0.,1.),(0.3354540970782,-0.942056552842476,0.),
(0.,0.,1.),(0.381882653914623,-0.924210819369219,0.),(0.,0.,1.),(0.428488148883032,
-0.903547401228509,0.),(0.,0.,1.),(0.472680744942084,-0.881233745019445,
0.),(0.,0.,1.),(0.513662383339635,-0.857992398533836,0.),(0.,0.,1.),(0.553292784465336,
-0.832986851431999,0.),(0.,0.,1.),(0.0496202048339691,-0.998768158919894,
0.),(-0.0474342873628956,0.998874360659224,0.),(0.,0.,1.),(-0.0474342873628956,
0.998874360659224,0.),(0.,0.,1.),(0.,0.,1.),(0.0467032772680644,0.998908806594687,
0.),(-0.047383030376421,-0.998876793419663,0.),(0.,0.,1.),(0.,0.,1.),(0.0467032772680644,
0.998908806594687,0.),(-0.101623360445929,0.994822945358457,0.),(0.,0.,
1.),(-0.101623360445929,0.994822945358457,0.),(0.,0.,1.),(0.,0.,1.),(-0.0949243780558063,
-0.995484486293342,0.),(-0.0949242182032118,0.995484501536066,0.),(0.,0.,
1.),(-0.0949242182032118,0.995484501536066,0.),(0.,0.,1.),(0.,0.,1.),(-0.101623350499908,
-0.994822946374466,0.),(-0.150069559579609,0.98867544082352,0.),(0.,0.,
1.),(0.,0.,1.),(0.0959831882475412,-0.995382955235741,0.),(-0.150069559579609,
0.98867544082352,0.),(0.,0.,1.),(0.,0.,1.),(0.14838571468725,-0.988929562545662,
0.),(-0.15007514399303,-0.988674593157663,0.),(0.,0.,1.),(0.,0.,1.),(0.095983077902569,
0.995382965876124,0.),(0.,0.,1.),(0.148396581515171,0.988927931951874,0.),
(-0.150049615093281,0.988678467961328,0.),(0.,0.,1.),(0.,0.,1.),(0.0959722504331782,
-0.995384009891053,0.),(-0.150049615093281,0.988678467961328,0.),(0.,0.,
1.),(0.,0.,1.),(-0.150094916518175,-0.988671591599254,0.),(0.,0.,1.),(0.0959941259915508,
0.995381900465906,0.),(0.,0.,1.),(0.148396581515171,0.988927931951874,0.),
(0.0959831882475412,-0.995382955235741,0.),(0.,0.,1.),(0.,0.,1.),(0.095983077902569,
0.995382965876124,0.),(0.0959941259915508,0.995381900465906,0.),(0.,0.,
1.),(0.,0.,1.),(-0.190731720733295,0.981642200960267,0.),(0.,0.,1.),(-0.190731720733295,
0.981642200960267,0.),(-0.197340485315044,-0.980335010522231,0.),(0.,0.,
1.),(0.,0.,1.),(0.19558262368295,0.980687227057278,0.),(-0.197340886587993,
0.980334929746291,0.),(0.,0.,1.),(-0.197340886587993,0.980334929746291,
0.),(0.,0.,1.),(0.,0.,1.),(0.195593300251174,-0.980685097723451,0.),(0.,
0.,1.),(0.148374847783105,-0.988931193028787,0.),(-0.190731720733296,-0.981642200960266,
0.),(0.,0.,1.),(0.,0.,1.),(-0.244128657077997,0.969742851890796,0.),(0.,
0.,1.),(-0.244128657077997,0.969742851890796,0.),(0.,0.,1.),(0.195582623683241,
-0.98068722705722,0.),(-0.244153137823419,-0.969736688638199,0.),(0.,0.,
1.),(0.,0.,1.),(-0.244152792885301,0.969736775484104,0.),(0.,0.,1.),(-0.903766286281828,
0.428026283983068,0.),(-0.244152792885301,0.969736775484104,0.),(0.,0.,
1.),(0.,0.,1.),(-0.244104520441916,-0.969748927867323,0.),(0.,0.,1.),(0.195593300251212,
0.980685097723443,0.),(0.14838571468725,-0.988929562545662,0.),(0.,0.,1.),
(0.,0.,1.),(0.148396581515171,0.988927931951874,0.),(0.,0.,1.),(0.148396581515171,
0.988927931951874,0.),(-0.29171041339224,0.95650668304959,0.),(0.,0.,1.),
(-0.29171041339224,0.95650668304959,0.),(0.,0.,1.),(0.,0.,1.),(0.29160416970283,
-0.956539078246113,0.),(0.,0.,1.),(0.242519887121104,-0.970146434488509,
0.),(-0.291710413391636,-0.956506683049774,0.),(0.,0.,1.),(0.,0.,1.),(0.291604169702848,
0.956539078246107,0.),(0.,0.,1.),(0.242519887120838,0.970146434488576,0.),
(-0.29171069594683,0.956506596877521,0.),(0.,0.,1.),(-0.29171069594683,
0.956506596877521,0.),(0.,0.,1.),(0.,0.,1.),(-0.66855022373494,0.743666994254795,
0.),(0.,0.,1.),(-0.707120227906425,0.707093334210955,0.),(0.,0.,1.),(-0.746649037493826,
0.665218170835361,0.),(0.,0.,1.),(-0.771506964674302,0.636220876315014,
0.),(0.,0.,1.),(-0.801710088239877,0.597713087036254,0.),(0.,0.,1.),(-0.829912902962657,
0.557892976740248,0.),(0.,0.,1.),(-0.856328073477327,0.516432212952107,
0.),(0.,0.,1.),(-0.883258346919312,0.468886652185113,0.),(0.,0.,1.),(0.291593909647089,
-0.95654220599863,0.),(0.,0.,1.),(0.242520042950451,-0.970146395533845,
0.),(-0.291710129409215,-0.956506769657204,0.),(0.,0.,1.),(0.,0.,1.),(0.291593909647052,
0.956542205998641,0.),(0.,0.,1.),(0.242520042950682,0.970146395533787,0.),
(-0.332456404962908,0.943118623927626,0.),(0.,0.,1.),(-0.332456404962908,
0.943118623927626,0.),(0.,0.,1.),(0.,0.,1.),(-0.332456404962908,-0.943118623927626,
0.),(-0.332433210228117,0.943126799925349,0.),(0.,0.,1.),(-0.332433210228117,
0.943126799925349,0.),(0.,0.,1.),(0.,0.,1.),(-0.332479598746877,-0.943110447623774,
0.),(-0.38080668687018,0.924654674586657,0.),(0.,0.,1.),(-0.38080668687018,
0.924654674586657,0.),(0.,0.,1.),(0.,0.,1.),(0.338006607677633,-0.941143736719455,
0.),(-0.38080668687022,-0.92465467458664,0.),(0.,0.,1.),(0.,0.,1.),(0.33543448702866,
0.942063535496317,0.),(-0.38085053829302,0.924636613747215,0.),(0.,0.,1.),
(-0.38085053829302,0.924636613747215,0.),(0.,0.,1.),(0.,0.,1.),(-0.38080668687022,
-0.92465467458664,0.),(0.,0.,1.),(0.337996852991105,0.941147240004511,0.),
(0.195582623683241,-0.98068722705722,0.),(0.,0.,1.),(0.,0.,1.),(0.19558262368295,
0.980687227057278,0.),(0.195593300251212,0.980685097723443,0.),(0.,0.,1.),
(0.,0.,1.),(-0.428036731395208,0.90376133828379,0.),(0.,0.,1.),(-0.428036731395208,
0.90376133828379,0.),(0.,0.,1.),(0.426090924910759,-0.904680343385825,0.),
(0.,0.,1.),(0.381928321092916,-0.92419194843233,0.),(-0.428036731395261,
-0.903761338283764,0.),(0.,0.,1.),(0.,0.,1.),(0.428506123964713,0.903538876709098,
0.),(0.,0.,1.),(0.381863415334451,0.924218768489966,0.),(-0.428058697242848,
0.903750934558165,0.),(0.,0.,1.),(-0.428058697242848,0.903750934558165,
0.),(0.,0.,1.),(0.,0.,1.),(-0.428057625322427,-0.903751442269015,0.),(0.,
0.,1.),(0.426099923652462,0.90467610505825,0.),(0.,0.,1.),(0.381918742104207,
0.924195906953467,0.),(-0.474070203494539,0.880487048262861,0.),(0.,0.,
1.),(-0.474070203494539,0.880487048262861,0.),(0.,0.,1.),(0.,0.,1.),(-0.468874366549753,
-0.883264868763933,0.),(-0.468833948350573,0.883286323268968,0.),(0.,0.,
1.),(-0.468833948350573,0.883286323268968,0.),(0.,0.,1.),(0.,0.,1.),(-0.47407089186166,
-0.880486677633165,0.),(0.242519887121104,-0.970146434488509,0.),(0.,0.,
1.),(0.,0.,1.),(0.242519887120838,0.970146434488576,0.),(0.242520042950682,
0.970146395533787,0.),(0.,0.,1.),(0.,0.,1.),(-0.516570259357139,0.856244805617937,
0.),(0.,0.,1.),(-0.516570259357139,0.856244805617937,0.),(0.,0.,1.),(0.515767575774317,
-0.856728549646785,0.),(0.,0.,1.),(0.472689510635609,-0.881229043174967,
0.),(-0.51643440466798,-0.856326751698923,0.),(0.,0.,1.),(0.,0.,1.),(0.472698276106836,
0.881224341337452,0.),(-0.516415017818733,0.856338443240333,0.),(0.,0.,
1.),(-0.516415017818733,0.856338443240333,0.),(0.,0.,1.),(0.,0.,1.),(0.3354540970782,
-0.942056552842476,0.),(-0.516551133134524,-0.856256344126827,0.),(0.,0.,
1.),(0.,0.,1.),(0.515775610607145,0.856723712466759,0.),(0.,0.,1.),(0.472698276106836,
0.881224341337452,0.),(-0.557748628136869,0.830009920309053,0.),(0.,0.,
1.),(-0.557748628136869,0.830009920309053,0.),(0.,0.,1.),(0.,0.,1.),(-0.557903843630978,
-0.829905597801209,0.),(0.,0.,1.),(0.553284923491183,0.832992072853851,
0.),(0.,0.,1.),(0.513654286388108,0.857997245960104,0.),(-0.557903843630986,
0.829905597801203,0.),(0.,0.,1.),(-0.557903843630986,0.829905597801203,
0.),(0.,0.,1.),(0.,0.,1.),(0.553292784465336,-0.832986851431999,0.),(0.,
0.,1.),(0.472680744942084,-0.881233745019445,0.),(0.,0.,1.),(0.513662383339635,
-0.857992398533836,0.),(-0.557748628136335,-0.830009920309412,0.),(0.,0.,
1.),(0.,0.,1.),(-0.594544520353893,0.80406269240474,0.),(0.,0.,1.),(-0.594544520353893,
0.80406269240474,0.),(0.,0.,1.),(0.594398641763182,-0.804170538300231,0.),
(0.,0.,1.),(0.553354104972755,-0.832946117410845,0.),(-0.594339327048447,
-0.804214377093322,0.),(0.,0.,1.),(0.,0.,1.),(-0.59437166469906,0.804190477562914,
0.),(0.,0.,1.),(-0.59437166469906,0.804190477562914,0.),(-0.594528086674926,
-0.804074843627539,0.),(0.,0.,1.),(0.,0.,1.),(0.594384584562626,0.804180928419914,
0.),(0.,0.,1.),(0.553361916760072,0.832940927725141,0.),(0.29160416970283,
-0.956539078246113,0.),(0.,0.,1.),(0.,0.,1.),(0.291604169702848,0.956539078246107,
0.),(0.291593909647052,0.956542205998641,0.),(0.,0.,1.),(0.,0.,1.),(-0.632351242374001,
0.774681809692248,0.),(0.,0.,1.),(-0.771506964674302,0.636220876315014,
0.),(0.,0.,1.),(-0.801719014788266,0.597701113707288,0.),(0.,0.,1.),(-0.82991341672588,
0.55789221247332,0.),(0.,0.,1.),(-0.856327413200943,0.51643330779548,0.),
(0.,0.,1.),(-0.883258898014556,0.468885614066066,0.),(0.,0.,1.),(-0.903761338283755,
0.428036731395281,0.),(0.,0.,1.),(-0.924654674586469,0.380806686870636,
0.),(0.,0.,1.),(-0.943118623927697,0.332456404962707,0.),(0.,0.,1.),(-0.956506683049749,
0.291710413391718,0.),(-0.632351242374001,0.774681809692248,0.),(0.,0.,
1.),(0.,0.,1.),(-0.636441166939131,-0.7713252498299,0.),(0.,0.,1.),(0.596305324245825,
0.80275772202831,0.),(-0.636456997932428,0.771312186979333,0.),(0.,0.,1.),
(-0.636456997932428,0.771312186979333,0.),(0.,0.,1.),(0.,0.,1.),(0.596312340333528,
-0.802752510283183,0.),(-0.632350658845273,-0.774682286010174,0.),(0.,0.,
1.),(0.,0.,1.),(-0.672213923974326,0.74035696823562,0.),(0.,0.,1.),(-0.672213923974326,
0.74035696823562,0.),(0.,0.,1.),(0.671243699946646,-0.741236733629639,0.),
(0.,0.,1.),(0.635306310973653,-0.772260248385898,0.),(-0.668564863622908,
-0.743653832861018,0.),(0.,0.,1.),(0.,0.,1.),(0.671243958646358,0.741236499358179,
0.),(0.,0.,1.),(0.635306064759207,0.772260450936191,0.),(-0.66855022373494,
0.743666994254795,0.),(0.,0.,1.),(0.,0.,1.),(0.671237716531572,-0.741242152002624,
0.),(0.,0.,1.),(0.635306310973653,-0.772260248385898,0.),(-0.672214675299904,
-0.74035628606195,0.),(0.,0.,1.),(0.,0.,1.),(0.671249683134287,0.741231315374707,
0.),(0.,0.,1.),(0.635292811566877,0.77227135358723,0.),(-0.707302770241595,
0.706910737794076,0.),(0.,0.,1.),(0.,0.,1.),(-0.743541270296916,0.668690047305363,
0.),(-0.707302770241595,0.706910737794076,0.),(0.,0.,1.),(0.,0.,1.),(-0.70710777672393,
-0.707105785647764,0.),(-0.707120227906425,0.707093334210955,0.),(0.,0.,
1.),(0.,0.,1.),(-0.707289572034029,-0.706923943074445,0.),(0.338006607677633,
-0.941143736719455,0.),(0.,0.,1.),(0.,0.,1.),(0.33543448702866,0.942063535496317,
0.),(0.337996852991105,0.941147240004511,0.),(0.,0.,1.),(0.,0.,1.),(-0.743541270296916,
0.668690047305363,0.),(0.,0.,1.),(0.741300308615838,-0.671173489081671,
0.),(0.,0.,1.),(0.70852243693072,-0.705688285552307,0.),(-0.746637323676712,
-0.665231318334364,0.),(0.,0.,1.),(0.,0.,1.),(0.741241603671676,0.671238322048318,
0.),(0.,0.,1.),(0.707101073273221,0.707112489053799,0.),(-0.746649037493826,
0.665218170835361,0.),(0.,0.,1.),(0.,0.,1.),(0.741246473510778,-0.671232944295671,
0.),(0.,0.,1.),(0.7071010732732,-0.70711248905382,0.),(-0.743541270296916,
-0.668690047305363,0.),(0.,0.,1.),(0.,0.,1.),(0.741300308615847,0.671173489081661,
0.),(0.,0.,1.),(0.708528133172494,0.705682566387396,0.),(-0.771506964674302,
0.636220876315014,0.),(0.,0.,1.),(0.,0.,1.),(0.772184285806063,-0.635398637671014,
0.),(-0.771517150797874,-0.636208524011373,0.),(0.,0.,1.),(0.,0.,1.),(0.772264857691335,
0.635300707991878,0.),(-0.771506964674302,0.636220876315014,0.),(0.,0.,
1.),(0.,0.,1.),(0.77226074699127,-0.635305704882686,0.),(-0.771506964674302,
-0.636220876315014,0.),(0.,0.,1.),(0.,0.,1.),(0.772184285806048,0.635398637671032,
0.),(-0.801719014788266,0.597701113707288,0.),(0.,0.,1.),(0.,0.,1.),(-0.801719657830403,
-0.597700251169682,0.),(-0.801710088239877,0.597713087036254,0.),(0.,0.,
1.),(0.,0.,1.),(-0.801727940395951,-0.597689141266985,0.),(0.381928321092916,
-0.92419194843233,0.),(0.,0.,1.),(0.,0.,1.),(0.381863415334451,0.924218768489966,
0.),(0.381882653914623,-0.924210819369219,0.),(0.,0.,1.),(0.,0.,1.),(0.428488148883032,
-0.903547401228509,0.),(0.381918742104207,0.924195906953467,0.),(0.,0.,
1.),(0.,0.,1.),(-0.82991341672588,0.55789221247332,0.),(0.,0.,1.),(0.832064308342237,
-0.554679174643284,0.),(0.,0.,1.),(0.802821112503677,-0.596219977288885,
0.),(-0.829905084706489,-0.557904606880348,0.),(0.,0.,1.),(0.,0.,1.),(0.832992072853848,
0.553284923491187,0.),(0.,0.,1.),(0.802752510283203,0.5963123403335,0.),
(-0.829912902962657,0.557892976740248,0.),(0.,0.,1.),(0.,0.,1.),(0.832995349660728,
-0.553279990098686,0.),(0.,0.,1.),(0.802744325528253,-0.596323358449248,
0.),(-0.829913929098059,-0.557891450274175,0.),(0.,0.,1.),(0.,0.,1.),(0.832061023124816,
0.554684102707554,0.),(0.,0.,1.),(0.802821112503662,0.596219977288905,0.),
(-0.856327413200943,0.51643330779548,0.),(0.,0.,1.),(0.,0.,1.),(-0.856333989427971,
-0.516422403222765,0.),(-0.856328073477327,0.516432212952107,0.),(0.,0.,
1.),(0.,0.,1.),(-0.85632675169872,-0.516434404668317,0.),(-0.883258898014556,
0.468885614066066,0.),(0.,0.,1.),(0.,0.,1.),(0.881229043174994,-0.472689510635559,
0.),(0.,0.,1.),(0.857997245960029,-0.513654286388233,0.),(-0.883264868763853,
-0.468874366549904,0.),(0.,0.,1.),(0.,0.,1.),(0.881229043174928,0.472689510635682,
0.),(0.,0.,1.),(0.857997245960035,0.513654286388224,0.),(-0.883258346919312,
0.468886652185113,0.),(0.,0.,1.),(0.,0.,1.),(0.881231647459251,-0.472684655469432,
0.),(0.,0.,1.),(0.858003118008035,-0.513644477716339,0.),(-0.883270288841819,
-0.468864156072193,0.),(0.,0.,1.),(0.,0.,1.),(0.881231647459258,0.472684655469417,
0.),(0.,0.,1.),(0.857997033729898,0.513654640892786,0.),(-0.903761338283755,
0.428036731395281,0.),(0.,0.,1.),(0.,0.,1.),(0.903543138970881,-0.428497136534945,
0.),(-0.903761338283756,-0.428036731395278,0.),(0.,0.,1.),(0.,0.,1.),(0.903543138970885,
0.428497136534937,0.),(-0.903766286281828,0.428026283983068,0.),(0.,0.,
1.),(0.,0.,1.),(0.903541202834403,-0.428501219112104,0.),(-0.903757196190224,
-0.428045476946533,0.),(0.,0.,1.),(0.,0.,1.),(0.903545075010439,0.42849305411451,
0.),(0.426090924910759,-0.904680343385825,0.),(0.,0.,1.),(0.,0.,1.),(0.428506123964713,
0.903538876709098,0.),(0.426099923652462,0.90467610505825,0.),(0.,0.,1.),
(0.,0.,1.),(-0.924654674586469,0.380806686870636,0.),(-0.924654674586382,
-0.380806686870847,0.),(0.,0.,1.),(0.,0.,1.),(-0.924654674586469,0.380806686870636,
0.),(-0.924646587281119,-0.380826323445977,0.),(0.,0.,1.),(0.,0.,1.),(-0.943118623927697,
0.332456404962707,0.),(0.,0.,1.),(0.942060044192711,-0.335444292149423,
0.),(0.,0.,1.),(0.924214793948128,-0.381873034721515,0.),(-0.943118623927697,
-0.332456404962707,0.),(0.,0.,1.),(0.,0.,1.),(0.942058872401465,0.335447582983811,
0.),(0.,0.,1.),(0.92421479394817,0.381873034721415,0.),(-0.943118623927697,
0.332456404962707,0.),(0.,0.,1.),(0.,0.,1.),(0.942058713069948,-0.33544803044435,
0.),(0.,0.,1.),(0.924211553099986,-0.381880878176049,0.),(-0.943118623927697,
-0.332456404962707,0.),(0.,0.,1.),(0.,0.,1.),(0.942058713069949,0.335448030444348,
0.),(0.,0.,1.),(0.924215003983712,0.381872526389878,0.),(-0.956506683049749,
0.291710413391718,0.),(0.,0.,1.),(0.,0.,1.),(0.956539078246186,-0.29160416970259,
0.),(-0.956506683049744,-0.291710413391734,0.),(0.,0.,1.),(0.,0.,1.),(0.956538931617801,
0.291604650682179,0.),(-0.956506683049749,0.291710413391718,0.),(0.,0.,
1.),(0.,0.,1.),(0.956539950255303,-0.291601309265893,0.),(-0.956510773096099,
-0.291697001957689,0.),(0.,0.,1.),(0.,0.,1.),(0.956539950255303,0.291601309265891,
0.),(-0.969742851890799,0.244128657077982,0.),(0.,0.,1.),(0.,0.,1.),(-0.969742851890798,
-0.24412865707799,0.),(-0.969742851890799,0.244128657077982,0.),(0.,0.,
1.),(0.,0.,1.),(-0.969746274780832,-0.24411506006123,0.),(-0.98033492974631,
0.197340886587896,0.),(0.,0.,1.),(0.,0.,1.),(0.980816962498397,-0.194930977721395,
0.),(0.,0.,1.),(0.969609309451847,-0.244658511040005,0.),(-0.980334929746314,
-0.197340886587876,0.),(0.,0.,1.),(0.,0.,1.),(0.980816962498397,0.194930977721394,
0.),(0.,0.,1.),(0.969610041074585,0.244655611518194,0.),(-0.980334015616938,
0.197345427675354,0.),(0.,0.,1.),(0.,0.,1.),(0.980816595789434,-0.194932822849374,
0.),(0.,0.,1.),(0.969610041074585,-0.244655611518193,0.),(-0.980334015616934,
-0.197345427675378,0.),(0.,0.,1.),(0.,0.,1.),(0.980816595789447,0.194932822849311,
0.),(0.,0.,1.),(0.969610041074585,0.244655611518194,0.),(-0.988797828124829,
0.149261030063516,0.),(0.,0.,1.),(0.,0.,1.),(-0.988674605687654,-0.150075061447135,
0.),(-0.988674862735366,0.150073368041117,0.),(0.,0.,1.),(0.,0.,1.),(-0.988796675657492,
-0.149268664523712,0.),(-0.995518700396,0.0945648833439687,0.),(0.,0.,1.),
(0.,0.,1.),(0.995348759604762,-0.0963371514695212,0.),(0.,0.,1.),(0.989299459381531,
-0.145899210646973,0.),(-0.995484493890753,-0.0949242983807165,0.),(0.,
0.,1.),(0.,0.,1.),(0.989299459381531,0.145899210646976,0.),(-0.99548493157163,
0.0949197082476908,0.),(0.,0.,1.),(0.,0.,1.),(0.98929958324564,-0.145898370758563,
0.),(-0.995518745245445,-0.0945644111964704,0.),(0.,0.,1.),(0.,0.,1.),(0.995348684559936,
0.0963379268243081,0.),(0.,0.,1.),(0.989299184911886,0.14590107173245,0.),
(-0.998862383140257,0.0476858422109399,0.),(0.,0.,1.),(0.,0.,1.),(0.998771815840779,
-0.0495465425848625,0.),(-0.998875543470893,-0.0474093730788274,0.),(0.,
0.,1.),(0.,0.,1.),(0.99876758969045,0.0496316611038657,0.),(0.,0.,1.),(0.995348759604762,
0.0963371514695198,0.),(-0.998875461259981,0.0474111051617635,0.),(0.,0.,
1.),(0.,0.,1.),(0.998767551028173,-0.0496324391218619,0.),(0.,0.,1.),(0.995348947576934,
-0.0963352093343349,0.),(-0.998862519866014,-0.0476829781674513,0.),(0.,
0.,1.),(0.,0.,1.),(0.998771793206305,0.0495469988542413,0.),(0.472689510635609,
-0.881229043174967,0.),(0.,0.,1.),(0.,0.,1.),(0.472698276106836,0.881224341337452,
0.),(0.,0.,1.),(0.472698276106836,0.881224341337452,0.),(-0.999999982797926,
-0.000185483550534986,0.),(0.,0.,1.),(0.,0.,1.),(-0.999999982926733,0.000184787808547434,
0.),(0.,0.,1.),(0.999999996368489,8.5223368925182E-5,0.),(0.,0.,1.),(0.999999996340982,
-8.55455165012882E-5,0.),(0.515767575774317,-0.856728549646785,0.),(0.,
0.,1.),(0.,0.,1.),(0.513654286388108,0.857997245960104,0.),(0.515775610607145,
0.856723712466759,0.),(0.,0.,1.),(0.,0.,1.),(0.553354104972755,-0.832946117410845,
0.),(0.553284923491183,0.832992072853851,0.),(0.,0.,1.),(0.,0.,1.),(0.553361916760072,
0.832940927725141,0.),(0.594398641763182,-0.804170538300231,0.),(0.,0.,
1.),(0.,0.,1.),(0.596305324245825,0.80275772202831,0.),(0.596312340333528,
-0.802752510283183,0.),(0.,0.,1.),(0.,0.,1.),(0.594384584562626,0.804180928419914,
0.),(0.635306310973653,-0.772260248385898,0.),(0.,0.,1.),(0.,0.,1.),(0.635306064759207,
0.772260450936191,0.),(0.635306310973653,-0.772260248385898,0.),(0.,0.,
1.),(0.,0.,1.),(0.635292811566877,0.77227135358723,0.),(0.671243699946646,
-0.741236733629639,0.),(0.,0.,1.),(0.,0.,1.),(0.671243958646358,0.741236499358179,
0.),(0.671237716531572,-0.741242152002624,0.),(0.,0.,1.),(0.,0.,1.),(0.671249683134287,
0.741231315374707,0.),(0.70852243693072,-0.705688285552307,0.),(0.,0.,1.),
(0.,0.,1.),(0.707101073273221,0.707112489053799,0.),(0.7071010732732,-0.70711248905382,
0.),(0.,0.,1.),(0.,0.,1.),(0.708528133172494,0.705682566387396,0.),(0.741300308615838,
-0.671173489081671,0.),(0.,0.,1.),(0.,0.,1.),(0.741241603671676,0.671238322048318,
0.),(0.741246473510778,-0.671232944295671,0.),(0.,0.,1.),(0.,0.,1.),(0.741300308615847,
0.671173489081661,0.),(0.772184285806063,-0.635398637671014,0.),(0.,0.,
1.),(0.,0.,1.),(0.772264857691335,0.635300707991878,0.),(0.77226074699127,
-0.635305704882686,0.),(0.,0.,1.),(0.,0.,1.),(0.772184285806048,0.635398637671032,
0.),(0.802821112503677,-0.596219977288885,0.),(0.,0.,1.),(0.,0.,1.),(0.802752510283203,
0.5963123403335,0.),(0.802744325528253,-0.596323358449248,0.),(0.,0.,1.),
(0.,0.,1.),(0.802821112503662,0.596219977288905,0.),(0.832064308342237,
-0.554679174643284,0.),(0.,0.,1.),(0.,0.,1.),(0.832992072853848,0.553284923491187,
0.),(0.832995349660728,-0.553279990098686,0.),(0.,0.,1.),(0.,0.,1.),(0.832061023124816,
0.554684102707554,0.),(0.857997245960029,-0.513654286388233,0.),(0.,0.,
1.),(0.,0.,1.),(0.857997245960035,0.513654286388224,0.),(0.858003118008035,
-0.513644477716339,0.),(0.,0.,1.),(0.,0.,1.),(0.857997033729898,0.513654640892786,
0.),(0.881229043174994,-0.472689510635559,0.),(0.,0.,1.),(0.,0.,1.),(0.881229043174928,
0.472689510635682,0.),(0.881231647459251,-0.472684655469432,0.),(0.,0.,
1.),(0.,0.,1.),(0.881231647459258,0.472684655469417,0.),(0.903543138970881,
-0.428497136534945,0.),(0.,0.,1.),(0.,0.,1.),(0.903543138970885,0.428497136534937,
0.),(0.903541202834403,-0.428501219112104,0.),(0.,0.,1.),(0.,0.,1.),(0.903545075010439,
0.42849305411451,0.),(0.924214793948128,-0.381873034721515,0.),(0.,0.,1.),
(0.,0.,1.),(0.92421479394817,0.381873034721415,0.),(0.924211553099986,-0.381880878176049,
0.),(0.,0.,1.),(0.,0.,1.),(0.924215003983712,0.381872526389878,0.),(0.942060044192711,
-0.335444292149423,0.),(0.,0.,1.),(0.,0.,1.),(0.942058872401465,0.335447582983811,
0.),(0.942058713069948,-0.33544803044435,0.),(0.,0.,1.),(0.,0.,1.),(0.942058713069949,
0.335448030444348,0.),(0.956539078246186,-0.29160416970259,0.),(0.,0.,1.),
(0.,0.,1.),(0.956538931617801,0.291604650682179,0.),(0.956539950255303,
-0.291601309265893,0.),(0.,0.,1.),(0.,0.,1.),(0.956539950255303,0.291601309265891,
0.),(0.969609309451847,-0.244658511040005,0.),(0.,0.,1.),(0.,0.,1.),(0.969610041074585,
0.244655611518194,0.),(0.969610041074585,-0.244655611518193,0.),(0.,0.,
1.),(0.,0.,1.),(0.969610041074585,0.244655611518194,0.),(0.980816962498397,
-0.194930977721395,0.),(0.,0.,1.),(0.,0.,1.),(0.980816962498397,0.194930977721394,
0.),(0.980816595789434,-0.194932822849374,0.),(0.,0.,1.),(0.,0.,1.),(0.980816595789447,
0.194932822849311,0.),(0.989299459381531,-0.145899210646973,0.),(0.,0.,
1.),(0.,0.,1.),(0.989299459381531,0.145899210646976,0.),(0.98929958324564,
-0.145898370758563,0.),(0.,0.,1.),(0.,0.,1.),(0.989299184911886,0.14590107173245,
0.),(0.995348759604762,-0.0963371514695212,0.),(0.,0.,1.),(0.,0.,1.),(0.995348759604762,
0.0963371514695198,0.),(0.995348947576934,-0.0963352093343349,0.),(0.,0.,
1.),(0.,0.,1.),(0.995348684559936,0.0963379268243081,0.),(0.998771815840779,
-0.0495465425848625,0.),(0.,0.,1.),(0.,0.,1.),(0.99876758969045,0.0496316611038657,
0.),(0.998767551028173,-0.0496324391218619,0.),(0.,0.,1.),(0.,0.,1.),(0.998771793206305,
0.0495469988542413,0.),(0.999999996368489,8.5223368925182E-5,0.),(0.,0.,
1.),(0.,0.,1.),(0.999999996340982,-8.55455165012882E-5,0.)),$,(4,4,4,1,
1,1,2,2,2,2106,2106,2106,3,3,3,2108,2108,2108,6,6,6,2107,2107,2107,1045,
1045,1045,1041,1041,1041,8,8,8,1064,1064,1064,5,5,5,2102,2102,2102,7,7,
7,11,11,11,9,9,9,2097,2097,2097,2103,2103,2103,1044,1044,1044,1056,1056,
1040,1040,1040,1062,1062,1062,12,12,12,10,10,10,20,20,13,13,18,18,26,26,
34,34,42,42,50,50,61,61,66,66,74,74,82,82,90,90,99,99,106,106,114,114,122,
122,130,130,138,138,146,146,154,154,162,162,170,170,178,178,186,186,206,
206,278,278,318,318,351,351,382,382,414,414,438,438,470,470,494,494,518,
518,550,550,1054,1054,1055,1055,15,15,22,22,24,24,28,28,17,32,32,40,40,
48,48,56,56,60,60,72,72,80,80,88,88,96,96,104,104,112,112,121,121,128,128,
136,136,144,144,152,152,160,160,168,168,176,176,184,184,192,192,212,212,
284,284,324,324,356,356,388,388,420,420,444,444,476,476,500,500,532,532,
556,556,1043,1043,1043,1039,1039,1039,14,14,19,19,195,195,21,21,23,23,16,
16,25,25,197,197,27,27,214,214,198,198,29,29,219,219,201,201,30,30,31,31,
220,220,203,203,33,33,216,216,205,205,35,35,223,223,36,36,37,37,39,39,38,
38,41,41,229,229,43,43,44,44,45,45,225,225,47,47,46,46,226,226,49,49,51,
51,239,239,232,232,52,52,53,53,240,240,234,234,55,55,54,54,243,243,235,
235,57,57,245,245,237,237,62,62,63,63,58,58,64,64,59,59,65,65,67,67,255,
255,247,247,69,69,68,68,257,257,249,249,70,70,71,71,259,259,251,251,73,
73,261,261,253,253,75,75,263,263,76,76,77,77,265,265,79,79,78,78,267,267,
81,81,269,269,83,83,84,84,85,85,86,86,87,87,89,89,91,91,287,287,271,271,
93,93,92,92,289,289,273,273,94,94,95,95,291,291,275,275,97,97,293,293,277,
277,100,100,295,295,102,102,101,101,297,297,98,98,103,103,363,363,299,299,
308,308,315,315,331,331,339,339,347,347,105,105,301,301,107,107,108,108,
109,109,111,111,110,110,127,127,515,515,371,371,379,379,395,395,403,403,
411,411,428,428,435,435,451,451,459,459,467,467,483,483,491,491,507,507,
113,113,115,115,311,311,302,302,117,117,116,116,313,313,307,307,119,119,
118,118,120,120,317,317,309,309,123,123,327,327,125,125,124,124,329,329,
126,126,129,129,333,333,131,131,132,132,133,133,134,134,135,135,137,137,
139,139,343,343,335,335,141,141,140,140,345,345,337,337,143,143,142,142,
280,280,145,145,349,349,341,341,147,147,149,149,148,148,157,157,165,165,
369,369,361,361,151,151,150,150,153,153,155,155,367,367,359,359,156,156,
159,159,158,158,161,161,373,373,365,365,163,163,164,164,167,167,166,166,
169,169,171,171,391,391,375,375,172,172,173,173,174,174,175,175,177,177,
397,397,381,381,179,179,181,181,180,180,377,377,182,182,183,183,185,185,
187,187,407,407,399,399,189,189,188,188,401,401,393,393,191,191,190,190,
193,193,413,413,405,405,207,207,209,209,208,208,409,409,210,210,211,211,
213,213,194,194,199,199,605,605,200,200,202,202,196,196,204,204,715,715,
217,217,218,218,215,215,221,221,279,279,431,431,426,426,281,281,433,433,
423,423,283,283,282,282,285,285,437,437,425,425,222,222,224,224,227,227,
228,228,231,231,233,233,230,230,236,236,238,238,241,241,242,242,274,274,
290,290,298,298,303,303,314,314,330,330,338,338,346,346,362,362,370,370,
378,378,394,394,402,402,410,410,424,424,434,434,450,450,458,458,463,463,
482,482,490,490,506,506,514,514,528,528,538,538,546,546,562,562,570,570,
586,586,594,594,601,601,618,618,626,626,642,642,650,650,658,658,674,674,
682,682,690,690,706,706,244,244,246,246,248,248,250,250,252,252,254,254,
256,256,592,592,258,258,260,260,262,262,264,264,272,272,288,288,296,296,
306,306,312,312,328,328,336,336,344,344,360,360,368,368,376,376,392,392,
400,400,408,408,427,427,432,432,448,448,456,456,465,465,480,480,488,488,
504,504,512,512,522,522,536,536,544,544,560,560,568,568,584,584,266,266,
268,268,270,270,276,276,286,286,292,292,319,319,321,321,322,322,320,320,
386,386,350,350,323,323,325,325,294,294,300,300,305,305,304,304,310,310,
316,316,326,326,332,332,352,352,447,447,353,353,418,418,354,354,449,449,
355,355,357,357,453,453,334,334,340,340,342,342,348,348,358,358,364,364,
383,383,464,464,455,455,384,384,442,442,385,385,466,466,457,457,387,387,
389,389,469,469,461,461,366,366,372,372,374,374,380,380,390,390,616,616,
396,396,415,415,416,416,417,417,474,474,419,419,421,421,398,398,404,404,
406,406,534,534,542,542,558,558,566,566,582,582,590,590,598,598,614,614,
622,622,624,624,638,638,640,640,646,646,648,648,654,654,656,656,670,670,
672,672,678,678,680,680,686,686,688,688,702,702,704,704,710,710,712,712,
718,718,720,720,734,734,736,736,742,742,744,744,750,750,752,752,758,758,
760,760,774,774,776,776,782,782,784,784,790,790,792,792,798,798,800,800,
806,806,808,808,814,814,816,816,822,822,824,824,830,830,832,832,847,847,
848,848,854,854,412,412,422,422,429,429,439,439,479,479,440,440,498,498,
441,441,489,489,481,481,443,443,445,445,485,485,430,430,436,436,446,446,
452,452,471,471,503,503,487,487,473,473,472,472,526,526,505,505,475,475,
477,477,509,509,493,493,454,454,460,460,462,462,478,478,486,486,502,502,
510,510,520,520,468,468,484,484,495,495,496,496,497,497,554,554,499,499,
501,501,492,492,508,508,519,519,511,511,521,521,524,524,578,578,513,513,
523,523,525,525,527,527,529,529,517,517,531,531,533,533,516,516,530,530,
551,551,535,535,552,552,537,537,553,553,610,610,555,555,539,539,540,540,
557,557,541,541,543,543,545,545,547,547,549,549,548,548,559,559,575,575,
607,607,561,561,577,577,579,579,563,563,564,564,581,581,565,565,613,613,
574,574,576,576,634,634,580,580,567,567,569,569,633,633,609,609,571,571,
635,635,611,611,573,573,572,572,738,738,722,722,583,583,631,631,585,585,
587,587,589,589,588,588,637,637,606,606,608,608,666,666,612,612,591,591,
695,695,663,663,593,593,697,697,665,665,595,595,699,699,667,667,597,597,
596,596,836,836,746,746,754,754,762,762,779,779,786,786,794,794,802,802,
811,811,819,819,826,826,834,834,850,850,852,852,856,856,701,701,669,669,
599,599,600,600,602,602,603,603,828,828,604,604,615,615,727,727,617,617,
729,729,619,619,731,731,621,621,620,620,812,812,820,820,733,733,630,630,
632,632,698,698,636,636,623,623,767,767,625,625,769,769,627,627,771,771,
628,628,629,629,773,773,639,639,839,839,641,641,841,841,643,643,843,843,
644,644,645,645,845,845,662,662,664,664,730,730,668,668,647,647,867,867,
859,859,649,649,861,861,651,651,863,863,653,653,652,652,873,873,865,865,
655,655,657,657,877,877,869,869,659,659,879,879,871,871,660,660,661,661,
671,671,883,883,875,875,673,673,675,675,677,677,676,676,889,889,881,881,
694,694,696,696,1042,1042,1042,770,770,842,842,862,862,870,870,878,878,
886,886,894,894,902,902,910,910,700,700,679,679,681,681,893,893,885,885,
683,683,895,895,887,887,684,684,685,685,687,687,891,891,689,689,691,691,
693,693,692,692,897,897,703,703,907,907,899,899,705,705,901,901,707,707,
903,903,708,708,709,709,913,913,905,905,726,726,728,728,732,732,711,711,
713,713,917,917,909,909,714,714,919,919,911,911,717,717,716,716,789,789,
797,797,804,804,719,719,923,923,915,915,721,721,925,925,723,723,927,927,
724,724,740,740,748,748,756,756,764,764,780,780,725,725,929,929,921,921,
735,735,931,931,737,737,933,933,739,739,935,935,741,741,936,936,766,766,
768,768,772,772,743,743,745,745,747,747,749,749,751,751,947,947,939,939,
753,753,949,949,941,941,755,755,951,951,943,943,757,757,953,953,945,945,
759,759,954,954,761,761,956,956,763,763,958,958,765,765,959,959,775,775,
777,777,778,778,781,781,838,838,840,840,844,844,783,783,971,971,963,963,
785,785,973,973,965,965,787,787,975,975,967,967,788,788,977,977,969,969,
791,791,793,793,795,795,796,796,799,799,987,987,979,979,801,801,989,989,
981,981,803,803,991,991,983,983,805,805,1037,1037,985,985,993,993,1001,
1001,1009,1009,1017,1017,1025,1025,1033,1033,807,807,809,809,810,810,813,
813,815,815,1003,1003,995,995,817,817,1005,1005,997,997,818,818,1007,1007,
999,999,821,821,823,823,1011,1011,825,825,1013,1013,827,827,1015,1015,829,
829,831,831,1019,1019,833,833,835,835,837,837,846,846,849,849,1021,1021,
851,851,1023,1023,853,853,858,858,860,860,864,864,855,855,1027,1027,1029,
1029,857,857,1031,1031,1035,1035,866,866,868,868,872,872,874,874,876,876,
880,880,882,882,884,884,888,888,890,890,892,892,896,896,898,898,900,900,
904,904,906,906,908,908,912,912,914,914,916,916,918,918,920,920,922,922,
924,924,926,926,928,928,930,930,932,932,934,934,937,937,938,938,940,940,
942,942,944,944,946,946,948,948,950,950,952,952,960,960,955,955,957,957,
961,961,962,962,964,964,966,966,968,968,970,970,972,972,974,974,976,976,
978,978,980,980,982,982,984,984,986,986,988,988,990,990,992,992,994,994,
996,996,998,998,1000,1000,1002,1002,1004,1004,1006,1006,1008,1008,1010,
1010,1012,1012,1014,1014,1016,1016,1018,1018,1020,1020,1022,1022,1024,1024,
1026,1026,1028,1028,1030,1030,1032,1032,1034,1034,1036,1036,1038,1038,1038,
1050,1050,1050,1051,1051,1051,1049,1049,1049,1052,1052,1052,1048,1048,1048,
1047,1047,1047,1061,1061,1061,1053,1053,1053,1063,1063,1063,1046,1046,1046,
1083,1083,1185,1185,1081,1081,1075,1075,1089,1089,1097,1097,1105,1105,1113,
1113,1121,1121,1129,1129,1137,1137,1145,1145,1153,1153,1161,1161,1169,1169,
1177,1177,2101,2101,2101,1091,1091,1099,1099,1107,1107,1115,1115,1123,1123,
1131,1131,1139,1139,1147,1147,1155,1155,1163,1163,1171,1171,1180,1180,1187,
1187,1195,1195,1203,1203,1211,1211,1219,1219,1227,1227,1235,1235,1243,1243,
1251,1251,1271,1271,1343,1343,1383,1383,1415,1415,1447,1447,1479,1479,1503,
1503,1535,1535,1560,1560,1057,1057,1057,1058,1058,1058,1059,1059,1059,1060,
1060,1060,1077,1077,1073,1073,1079,1079,1085,1085,1087,1087,1093,1093,1095,
1095,1101,1101,1103,1103,1109,1109,1111,1111,1117,1117,1119,1119,1125,1125,
1127,1127,1133,1133,1135,1135,1141,1141,1143,1143,1149,1149,1151,1151,1158,
1158,1159,1159,1165,1165,1167,1167,1173,1173,1175,1175,1181,1181,1413,1413,
1189,1189,1193,1193,1197,1197,1201,1201,1205,1205,1209,1209,1213,1213,1217,
1217,1221,1221,1225,1225,1229,1229,1233,1233,1237,1237,1241,1241,1245,1245,
1249,1249,1265,1265,1269,1269,1337,1337,1341,1341,1377,1377,1381,1381,1409,
1409,1441,1441,1473,1473,1497,1497,1529,1529,1553,1553,2099,2099,2099,2098,
2098,2098,1069,1069,1069,2104,2104,2104,1071,1071,1071,1070,1070,1070,1065,
1065,1065,1067,1067,1067,1072,1072,1072,1068,1068,1068,1066,1066,1066,2105,
2105,2105,2109,2109,2109,1074,1074,1078,1078,1254,1254,1080,1080,1076,1076,
1082,1082,1256,1256,1084,1084,1086,1086,1257,1257,1088,1088,1260,1260,1090,
1090,1278,1278,1262,1262,1092,1092,1264,1264,1094,1094,1282,1282,1274,1274,
1096,1096,1276,1276,1098,1098,1286,1286,1100,1100,1288,1288,1280,1280,1102,
1102,1290,1290,1104,1104,1292,1292,1284,1284,1106,1106,1310,1310,1294,1294,
1302,1302,1108,1108,1296,1296,1110,1110,1298,1298,1112,1112,1299,1299,1114,
1114,1318,1318,1116,1116,1304,1304,1118,1118,1120,1120,1122,1122,1350,1350,
1326,1326,1334,1334,1124,1124,1126,1126,1314,1314,1306,1306,1128,1128,1316,
1316,1308,1308,1130,1130,1358,1358,1132,1132,1320,1320,1312,1312,1134,1134,
1136,1136,1138,1138,1366,1366,1140,1140,1142,1142,1330,1330,1322,1322,1144,
1144,1331,1331,1324,1324,1146,1146,1397,1397,1374,1374,1390,1390,1148,1148,
1336,1336,1328,1328,1150,1150,1152,1152,1154,1154,1406,1406,1156,1156,1157,
1157,1354,1354,1346,1346,1160,1160,1356,1356,1348,1348,1162,1162,1414,1414,
1422,1422,1429,1429,1164,1164,1360,1360,1351,1351,1166,1166,1362,1362,1168,
1168,1364,1364,1170,1170,1172,1172,1368,1368,1174,1174,1176,1176,1178,1178,
1179,1179,1182,1182,1386,1386,1369,1369,1183,1183,1184,1184,1388,1388,1372,
1372,1186,1186,1188,1188,1392,1392,1376,1376,1190,1190,1393,1393,1192,1192,
1191,1191,1395,1395,1194,1194,1196,1196,1399,1399,1198,1198,1200,1200,1199,
1199,1404,1404,1202,1202,1204,1204,1206,1206,1418,1418,1402,1402,1207,1207,
1208,1208,1210,1210,1212,1212,1424,1424,1408,1408,1214,1214,1216,1216,1215,
1215,1420,1420,1218,1218,1220,1220,1222,1222,1426,1426,1224,1224,1223,1223,
1436,1436,1428,1428,1226,1226,1228,1228,1431,1431,1230,1230,1450,1450,1434,
1434,1231,1231,1232,1232,1234,1234,1236,1236,1456,1456,1440,1440,1238,1238,
1239,1239,1240,1240,1460,1460,1452,1452,1242,1242,1244,1244,1246,1246,1466,
1466,1458,1458,1248,1248,1247,1247,1250,1250,1382,1382,1252,1252,1472,1472,
1464,1464,1266,1266,1267,1267,1268,1268,1468,1468,1270,1270,1272,1272,1253,
1253,1258,1258,1507,1507,1259,1259,1261,1261,1255,1255,1263,1263,1375,1375,
1279,1279,1287,1287,1295,1295,1303,1303,1311,1311,1319,1319,1327,1327,1335,
1335,1352,1352,1359,1359,1367,1367,1273,1273,1275,1275,1277,1277,1338,1338,
1482,1482,1339,1339,1340,1340,1484,1484,1342,1342,1344,1344,1488,1488,1281,
1281,1283,1283,1285,1285,1289,1289,1291,1291,1293,1293,1391,1391,1297,1297,
1300,1300,1301,1301,1305,1305,1307,1307,1309,1309,1313,1313,1315,1315,1317,
1317,1321,1321,1323,1323,1325,1325,1329,1329,1332,1332,1394,1394,1403,1403,
1419,1419,1427,1427,1435,1435,1451,1451,1459,1459,1467,1467,1483,1483,1491,
1491,1333,1333,1345,1345,1347,1347,1349,1349,1378,1378,1490,1490,1379,1379,
1380,1380,1492,1492,1384,1384,1496,1496,1353,1353,1355,1355,1357,1357,1361,
1361,1363,1363,1365,1365,1370,1370,1371,1371,1373,1373,1385,1385,1515,1515,
1387,1387,1389,1389,1410,1410,1505,1505,1412,1412,1411,1411,1508,1508,1416,
1416,1512,1512,1400,1400,1396,1396,1398,1398,1401,1401,1715,1715,1523,1523,
1539,1539,1547,1547,1563,1563,1571,1571,1581,1581,1595,1595,1603,1603,1619,
1619,1627,1627,1643,1643,1651,1651,1659,1659,1675,1675,1683,1683,1699,1699,
1707,1707,1405,1405,1407,1407,1417,1417,1747,1747,1731,1731,1739,1739,1421,
1421,1423,1423,1432,1432,1442,1442,1522,1522,1514,1514,1443,1443,1444,1444,
1524,1524,1516,1516,1446,1446,1445,1445,1438,1438,1454,1454,1526,1526,1462,
1462,1470,1470,1486,1486,1494,1494,1510,1510,1518,1518,1448,1448,1528,1528,
1520,1520,1425,1425,1873,1873,1763,1763,1771,1771,1778,1778,1795,1795,1803,
1803,1811,1811,1819,1819,1835,1835,1844,1844,1851,1851,1859,1859,1867,1867,
1875,1875,1881,1881,1883,1883,1889,1889,1891,1891,1906,1906,1907,1907,1913,
1913,1430,1430,1433,1433,1437,1437,1439,1439,1735,1735,1455,1455,1463,1463,
1471,1471,1487,1487,1495,1495,1511,1511,1519,1519,1527,1527,1543,1543,1551,
1551,1567,1567,1575,1575,1589,1589,1599,1599,1607,1607,1623,1623,1631,1631,
1647,1647,1655,1655,1663,1663,1679,1679,1687,1687,1703,1703,1711,1711,1719,
1719,1449,1449,1865,1865,1453,1453,1861,1861,1743,1743,1751,1751,1767,1767,
1775,1775,1780,1780,1799,1799,1807,1807,1815,1815,1824,1824,1839,1839,1847,
1847,1855,1855,1863,1863,1869,1869,1871,1871,1877,1877,1879,1879,1886,1886,
1887,1887,1893,1893,1895,1895,1909,1909,1911,1911,1915,1915,1474,1474,1475,
1475,1477,1477,1476,1476,1478,1478,1480,1480,1457,1457,1461,1461,1841,1841,
1853,1853,1465,1465,1469,1469,1481,1481,1485,1485,1498,1498,1538,1538,1499,
1499,1501,1501,1500,1500,1548,1548,1540,1540,1502,1502,1550,1550,1542,1542,
1504,1504,1544,1544,1489,1489,1493,1493,1506,1506,1509,1509,1530,1530,1562,
1562,1546,1546,1532,1532,1531,1531,1534,1534,1533,1533,1536,1536,1568,1568,
1552,1552,1513,1513,1517,1517,1521,1521,1525,1525,1537,1537,1541,1541,1554,
1554,1555,1555,1557,1557,1564,1564,1556,1556,1558,1558,1566,1566,1559,1559,
1545,1545,1549,1549,1561,1561,1565,1565,1577,1577,1570,1570,1580,1580,1578,
1578,1584,1584,1583,1583,1572,1572,1582,1582,1585,1585,1574,1574,1588,1588,
1586,1586,1592,1592,1591,1591,1576,1576,1590,1590,1569,1569,1573,1573,1579,
1579,1587,1587,1610,1610,1609,1609,1593,1593,1594,1594,1611,1611,1596,1596,
1612,1612,1613,1613,2100,2100,1637,1637,1669,1669,1693,1693,1725,1725,1757,
1757,1789,1789,1829,1829,1901,1901,1921,1921,1929,1929,1937,1937,1614,1614,
1598,1598,1597,1597,1616,1616,1600,1600,1615,1615,1602,1602,1601,1601,1604,
1604,1606,1606,1605,1605,1608,1608,1617,1617,1634,1634,1618,1618,1666,1666,
1620,1620,1636,1636,1668,1668,1621,1621,1638,1638,1622,1622,1624,1624,1640,
1640,1672,1672,1633,1633,1635,1635,1639,1639,1626,1626,1625,1625,1628,1628,
1691,1691,1630,1630,1629,1629,1694,1694,1670,1670,1632,1632,1642,1642,1641,
1641,1690,1690,1644,1644,1645,1645,1837,1837,1646,1646,1648,1648,1696,1696,
1665,1665,1667,1667,1671,1671,1650,1650,1649,1649,1754,1754,1722,1722,1652,
1652,1756,1756,1724,1724,1654,1654,1653,1653,1749,1749,1765,1765,1773,1773,
1779,1779,1797,1797,1805,1805,1813,1813,1821,1821,1758,1758,1726,1726,1656,
1656,1760,1760,1728,1728,1657,1657,1658,1658,1660,1660,1661,1661,1662,1662,
1664,1664,1673,1673,1674,1674,1786,1786,1676,1676,1788,1788,1678,1678,1677,
1677,1680,1680,1792,1792,1689,1689,1692,1692,1695,1695,1682,1682,1681,1681,
1898,1898,1826,1826,1684,1684,1900,1900,1828,1828,1685,1685,1686,1686,1688,
1688,1904,1904,1832,1832,1697,1697,1698,1698,1700,1700,1701,1701,1702,1702,
1704,1704,1721,1721,1723,1723,1727,1727,1705,1705,1706,1706,1926,1926,1918,
1918,1708,1708,1920,1920,1710,1710,1709,1709,1790,1790,1712,1712,1932,1932,
1924,1924,1713,1713,1714,1714,1716,1716,1936,1936,1928,1928,1718,1718,1717,
1717,1938,1938,1922,1922,1930,1930,1720,1720,1730,1730,1729,1729,1942,1942,
1934,1934,1732,1732,1733,1733,1734,1734,1736,1736,1948,1948,1940,1940,1753,
1753,1755,1755,1759,1759,1737,1737,1777,1777,1793,1793,1801,1801,1809,1809,
1817,1817,1833,1833,1842,1842,1849,1849,1857,1857,1738,1738,1740,1740,1944,
1944,1741,1741,1742,1742,1946,1946,1744,1744,1745,1745,1746,1746,1957,1957,
1950,1950,1748,1748,1960,1960,1952,1952,1750,1750,1962,1962,1954,1954,1752,
1752,1964,1964,1956,1956,1761,1761,1769,1769,1762,1762,1764,1764,1766,1766,
1768,1768,1785,1785,1787,1787,1791,1791,1770,1770,1974,1974,1966,1966,1772,
1772,1976,1976,1968,1968,1774,1774,1978,1978,1970,1970,1776,1776,1980,1980,
1972,1972,1781,1781,1982,1982,1782,1782,1984,1984,1783,1783,1986,1986,1784,
1784,1988,1988,1794,1794,1796,1796,1798,1798,1800,1800,1825,1825,1827,1827,
1830,1830,1902,1902,1831,1831,1802,1802,1998,1998,1990,1990,1804,1804,2000,
2000,1992,1992,1806,1806,2002,2002,1994,1994,1808,1808,2004,2004,1996,1996,
1810,1810,1812,1812,1814,1814,1816,1816,1818,1818,2014,2014,2006,2006,1820,
1820,2016,2016,2008,2008,1822,1822,2018,2018,2010,2010,1823,1823,2020,2020,
2012,2012,1834,1834,2022,2022,1836,1836,2024,2024,1838,1838,2026,2026,1840,
1840,2028,2028,1897,1897,1899,1899,1903,1903,1843,1843,1845,1845,1846,1846,
1848,1848,1850,1850,2038,2038,2030,2030,1852,1852,2039,2039,2032,2032,1854,
1854,2042,2042,2034,2034,1856,1856,2044,2044,2036,2036,1858,1858,2046,2046,
1860,1860,2048,2048,1862,1862,2050,2050,1864,1864,2052,2052,1866,1866,1868,
1868,1870,1870,1872,1872,1874,1874,2062,2062,2054,2054,1876,1876,2064,2064,
2056,2056,1878,1878,2066,2066,2058,2058,1880,1880,2068,2068,2060,2060,1882,
1882,1884,1884,1885,1885,1888,1888,1890,1890,2078,2078,2070,2070,1892,1892,
2072,2072,1894,1894,2074,2074,1896,1896,2084,2084,2076,2076,1905,1905,2086,
2086,1908,1908,2088,2088,2080,2080,1910,1910,2090,2090,2082,2082,1912,1912,
2092,2092,1917,1917,1919,1919,1923,1923,1914,1914,1916,1916,2094,2094,2096,
2096,1925,1925,1927,1927,1931,1931,1933,1933,1935,1935,1939,1939,1941,1941,
1943,1943,1945,1945,1947,1947,1949,1949,1951,1951,1953,1953,1955,1955,1958,
1958,1959,1959,1961,1961,1963,1963,1965,1965,1967,1967,1969,1969,1971,1971,
1973,1973,1975,1975,1977,1977,1979,1979,1981,1981,1983,1983,1985,1985,1987,
1987,1989,1989,1991,1991,1993,1993,1995,1995,1997,1997,1999,1999,2001,2001,
2003,2003,2005,2005,2007,2007,2009,2009,2011,2011,2013,2013,2015,2015,2017,
2017,2019,2019,2021,2021,2023,2023,2025,2025,2027,2027,2029,2029,2031,2031,
2033,2033,2035,2035,2037,2037,2040,2040,2041,2041,2043,2043,2045,2045,2047,
2047,2049,2049,2051,2051,2053,2053,2055,2055,2057,2057,2059,2059,2061,2061,
2063,2063,2065,2065,2067,2067,2069,2069,2071,2071,2073,2073,2075,2075,2077,
2077,2079,2079,2081,2081,2083,2083,2085,2085,2087,2087,2089,2089,2091,2091,
2093,2093,2095,2095),((1,4,8),(6,10,7),(1,13,4),(15,17,5),(11,5,17),(2,
9,19),(22,19,9),(7,10,23),(14,3,25),(29,14,25),(16,14,29),(31,2,19),(34,
2,31),(36,25,3),(37,32,21),(40,38,20),(43,32,37),(44,39,46),(49,46,39),
(49,39,52),(39,41,52),(55,40,20),(56,19,22),(45,58,33),(44,46,61),(64,58,
45),(45,62,64),(66,33,58),(34,31,68),(70,51,72),(73,50,54),(70,47,51),(69,
74,75),(77,74,79),(77,75,74),(79,74,81),(81,74,83),(83,74,85),(85,74,87),
(87,74,89),(89,74,91),(91,74,93),(93,74,95),(95,74,97),(99,97,74),(99,74,
101),(101,74,103),(103,74,105),(105,74,107),(107,74,109),(109,74,111),(111,
74,113),(113,74,115),(115,74,117),(119,117,74),(119,74,121),(121,74,123),
(123,74,125),(127,125,74),(127,74,129),(131,129,74),(131,74,133),(133,74,
135),(137,135,74),(139,137,74),(74,141,139),(74,143,141),(74,145,143),(73,
54,146),(71,147,48),(148,61,46),(149,69,151),(69,149,153),(155,69,75),(157,
151,69),(158,69,153),(69,155,157),(158,160,69),(162,69,160),(164,69,162),
(166,69,164),(166,168,69),(170,69,168),(172,69,170),(174,69,172),(174,176,
69),(69,176,178),(178,180,69),(182,69,180),(184,69,182),(186,69,184),(188,
69,186),(190,69,188),(192,69,190),(194,69,192),(196,69,194),(198,69,196),
(198,200,69),(202,69,200),(204,69,202),(206,69,204),(208,69,206),(210,69,
208),(212,69,210),(214,69,212),(216,69,214),(218,69,216),(220,69,218),(69,
220,222),(224,226,71),(147,71,226),(78,80,229),(229,76,78),(80,230,229),
(231,232,228),(76,229,234),(235,228,232),(237,238,150),(241,150,238),(150,
152,237),(241,154,150),(239,236,242),(240,239,242),(80,82,230),(244,230,
82),(245,246,231),(232,231,248),(248,231,246),(234,250,76),(156,76,250),
(235,252,251),(254,235,232),(252,235,254),(237,152,256),(257,151,157),(258,
237,256),(236,259,260),(262,242,236),(260,262,236),(241,264,154),(159,154,
264),(265,240,266),(242,268,240),(268,266,240),(82,270,244),(270,82,84),
(245,271,272),(246,245,272),(156,250,274),(275,157,155),(276,274,250),(277,
251,252),(256,279,258),(279,256,281),(257,157,280),(278,260,259),(159,264,
161),(282,161,264),(283,265,284),(266,284,265),(84,286,270),(84,86,286),
(271,287,272),(274,276,289),(288,157,275),(291,289,276),(290,277,292),(252,
292,277),(281,294,279),(294,281,296),(297,280,157),(295,298,278),(260,278,
298),(282,163,161),(163,282,300),(301,283,284),(86,88,286),(88,303,286),
(287,302,304),(306,272,287),(304,306,287),(289,291,308),(309,157,288),(310,
308,291),(290,312,311),(314,290,292),(312,290,314),(296,316,294),(316,296,
318),(297,157,319),(317,320,295),(298,295,322),(322,295,320),(300,324,163),
(165,163,324),(325,301,326),(284,328,301),(328,326,301),(88,90,303),(330,
303,90),(302,331,304),(310,333,308),(335,308,333),(334,157,309),(311,312,
332),(316,318,336),(338,336,318),(319,157,339),(337,320,317),(165,324,341),
(167,165,341),(340,325,326),(90,342,330),(90,92,342),(331,343,344),(346,
304,331),(344,346,331),(335,333,348),(350,335,348),(351,157,334),(332,352,
349),(354,332,312),(352,332,354),(338,356,336),(339,157,357),(356,358,336),
(359,360,337),(320,337,362),(362,337,360),(169,167,341),(169,341,364),(365,
340,366),(326,368,340),(368,366,340),(92,370,342),(370,92,94),(343,371,
372),(372,344,343),(374,350,348),(375,157,351),(374,348,376),(349,378,377),
(378,349,352),(356,380,358),(356,382,380),(357,157,383),(381,384,359),(360,
359,384),(169,364,171),(386,171,364),(387,365,388),(366,388,365),(370,94,
96),(96,390,370),(371,391,372),(374,376,393),(392,157,375),(395,393,376),
(377,378,394),(382,396,380),(383,157,397),(396,398,380),(399,384,381),(401,
171,386),(401,173,171),(400,387,388),(96,402,390),(402,96,98),(403,404,
391),(406,372,391),(404,406,391),(395,408,393),(410,393,408),(411,157,392),
(394,412,409),(414,394,378),(412,394,414),(396,416,398),(397,157,417),(418,
398,416),(419,420,399),(384,399,422),(422,399,420),(401,175,173),(175,401,
424),(425,400,426),(388,428,400),(428,426,400),(98,100,402),(402,100,430),
(431,432,403),(404,403,432),(408,434,410),(436,410,434),(437,157,411),(409,
438,435),(438,409,412),(418,416,440),(442,440,416),(417,157,443),(419,441,
444),(420,419,446),(446,419,448),(448,419,450),(450,419,452),(452,419,454),
(454,419,456),(444,456,419),(175,424,458),(177,175,458),(459,425,460),(426,
460,425),(430,100,462),(102,462,100),(431,463,432),(434,465,436),(464,157,
437),(465,434,467),(435,438,466),(442,468,440),(442,470,468),(443,157,471),
(441,469,472),(441,472,474),(476,444,441),(478,476,441),(480,478,441),(482,
480,441),(484,482,441),(486,484,441),(488,486,441),(490,488,441),(492,490,
441),(494,492,441),(496,494,441),(498,496,441),(500,498,441),(474,500,441),
(458,502,177),(177,502,179),(503,459,460),(102,505,462),(505,102,104),(504,
506,463),(508,432,463),(508,463,506),(467,510,465),(512,465,510),(513,157,
464),(466,514,511),(516,466,438),(514,466,516),(470,518,468),(470,520,518),
(471,157,521),(519,472,469),(179,502,181),(523,181,502),(522,503,524),(460,
526,503),(526,524,503),(104,106,505),(106,528,505),(529,530,504),(506,504,
530),(510,532,512),(534,512,532),(535,157,513),(533,511,536),(514,536,511),
(520,538,518),(521,157,539),(538,473,518),(183,181,523),(183,523,541),(540,
522,542),(524,542,522),(106,108,528),(544,528,108),(545,530,529),(534,532,
547),(546,157,535),(549,547,532),(548,533,536),(538,550,473),(539,157,551),
(552,473,550),(553,474,472),(541,185,183),(185,541,555),(554,540,542),(544,
108,556),(110,556,108),(545,557,558),(530,545,560),(560,545,558),(549,562,
547),(564,547,562),(565,157,546),(563,548,566),(536,568,548),(568,566,548),
(550,570,552),(550,572,570),(551,574,573),(574,551,157),(571,474,553),(187,
185,555),(187,555,576),(577,554,578),(542,580,554),(580,578,554),(110,112,
556),(582,556,112),(557,583,558),(564,562,585),(587,564,585),(586,157,565),
(563,588,584),(588,563,590),(563,592,590),(594,563,566),(594,592,563),(596,
570,572),(598,596,572),(573,574,599),(597,474,571),(187,576,601),(189,187,
601),(600,577,578),(582,112,602),(114,602,112),(603,604,583),(606,558,583),
(606,583,604),(587,585,608),(609,157,586),(589,608,585),(596,598,611),(613,
611,598),(612,599,574),(610,474,597),(191,189,601),(191,601,614),(615,600,
616),(578,618,600),(618,616,600),(114,620,602),(116,620,114),(621,604,603),
(589,591,608),(623,608,591),(622,157,609),(611,613,624),(626,624,613),(612,
574,627),(625,474,610),(191,614,629),(193,191,629),(628,615,616),(620,116,
118),(118,630,620),(631,632,621),(604,621,634),(634,621,632),(591,636,623),
(637,157,622),(636,591,638),(639,590,592),(626,641,624),(627,574,640),(643,
624,641),(642,474,625),(629,195,193),(195,629,644),(645,628,646),(616,648,
628),(648,646,628),(118,120,630),(650,630,120),(631,651,632),(638,653,636),
(655,636,653),(654,157,637),(652,639,656),(592,656,639),(643,641,658),(659,
640,574),(658,660,643),(661,474,642),(644,197,195),(197,644,663),(645,646,
662),(650,120,664),(122,664,120),(651,665,666),(668,632,651),(666,668,651),
(655,653,670),(672,655,670),(673,157,654),(671,652,674),(656,676,652),(676,
674,652),(678,660,658),(678,658,680),(659,574,681),(679,474,661),(683,197,
663),(683,199,197),(662,684,682),(686,662,646),(684,662,686),(664,122,688),
(124,688,122),(665,689,666),(670,691,672),(693,672,691),(692,157,673),(690,
671,694),(674,694,671),(680,696,678),(681,574,697),(696,698,678),(699,474,
679),(683,701,199),(201,199,701),(682,684,700),(233,249,702),(233,702,255),
(705,702,249),(703,704,706),(708,255,702),(709,703,706),(243,711,712),(712,
715,243),(716,713,710),(716,714,713),(711,243,263),(269,243,715),(249,718,
705),(704,719,706),(247,718,249),(255,708,721),(720,709,706),(253,255,721),
(711,263,261),(722,711,261),(710,723,716),(269,715,725),(716,724,714),(267,
269,725),(726,688,124),(126,726,124),(689,727,728),(730,666,689),(728,730,
689),(693,691,575),(574,157,692),(732,575,691),(733,690,734),(694,736,690),
(736,734,690),(738,698,696),(697,574,741),(740,738,696),(739,474,699),(203,
201,701),(203,701,743),(700,744,742),(746,700,684),(744,700,746),(718,247,
273),(273,748,718),(719,749,706),(253,721,293),(751,293,721),(720,706,750),
(261,299,722),(752,722,299),(723,753,716),(725,285,267),(285,725,755),(724,
716,754),(273,307,748),(756,748,307),(749,757,706),(751,759,293),(758,750,
706),(315,293,759),(752,299,760),(753,761,716),(323,760,299),(285,755,329),
(329,755,763),(754,716,762),(307,305,756),(764,756,305),(757,765,706),(759,
313,315),(767,313,759),(766,758,706),(323,768,760),(769,770,761),(770,772,
761),(772,774,761),(776,761,774),(778,761,776),(780,761,778),(782,761,780),
(784,761,782),(786,761,784),(788,761,786),(790,761,788),(792,761,790),(794,
761,792),(796,761,794),(798,761,796),(800,761,798),(802,761,800),(804,761,
802),(806,761,804),(808,761,806),(810,761,808),(812,761,810),(814,761,812),
(816,761,814),(818,761,816),(820,761,818),(822,761,820),(824,761,822),(826,
761,824),(828,761,826),(830,761,828),(832,761,830),(834,761,832),(836,761,
834),(838,761,836),(840,761,838),(842,761,840),(844,761,842),(846,761,844),
(846,848,761),(716,761,848),(768,323,321),(329,763,327),(850,327,763),(762,
716,851),(764,305,853),(765,852,706),(347,853,305),(767,854,313),(855,766,
706),(355,313,854),(321,857,768),(856,770,769),(857,321,363),(327,850,858),
(851,716,859),(858,369,327),(853,347,861),(852,860,706),(345,861,347),(854,
862,355),(863,855,864),(706,864,855),(353,355,862),(857,363,866),(867,770,
856),(361,866,363),(858,869,369),(859,716,868),(367,369,869),(861,345,870),
(860,871,706),(373,870,345),(862,379,353),(379,862,873),(872,863,874),(874,
863,876),(876,863,878),(878,863,880),(880,863,882),(882,863,884),(886,884,
863),(888,886,863),(888,863,890),(890,863,892),(894,892,863),(894,863,896),
(896,863,898),(898,863,900),(900,863,902),(902,863,904),(904,863,906),(906,
863,908),(908,863,910),(910,863,912),(912,863,914),(916,914,863),(918,916,
863),(920,918,863),(920,863,922),(863,924,922),(863,926,924),(863,928,926),
(863,930,928),(863,864,930),(361,385,866),(932,866,385),(933,770,867),(367,
869,389),(389,869,935),(868,716,934),(870,373,936),(871,937,706),(407,936,
373),(379,873,875),(415,379,875),(385,423,932),(771,932,423),(935,429,389),
(939,429,935),(934,716,938),(407,405,936),(940,936,405),(937,941,706),(415,
875,413),(877,413,875),(771,423,773),(421,773,423),(939,943,429),(938,716,
942),(427,429,943),(128,726,126),(128,944,726),(727,945,728),(732,947,575),
(741,574,948),(950,575,947),(574,951,952),(948,574,954),(952,954,574),(946,
733,734),(740,949,738),(956,738,949),(957,474,739),(743,959,203),(205,203,
959),(742,744,958),(940,405,960),(941,961,706),(433,960,405),(413,877,439),
(879,439,877),(773,421,447),(773,447,775),(427,943,963),(942,716,962),(963,
461,427),(433,509,960),(964,960,509),(965,706,961),(439,879,517),(881,517,
879),(775,447,777),(777,447,449),(963,967,461),(962,716,966),(527,461,967),
(964,509,968),(969,706,965),(507,968,509),(517,881,515),(883,515,881),(449,
451,777),(779,777,451),(967,525,527),(525,967,971),(966,716,970),(507,531,
968),(972,968,531),(973,706,969),(515,883,885),(885,537,515),(779,451,453),
(781,779,453),(971,975,525),(974,970,716),(975,543,525),(130,944,128),(130,
976,944),(945,977,978),(978,728,945),(950,947,980),(951,981,982),(982,952,
951),(984,980,947),(985,946,986),(734,986,946),(956,949,988),(955,988,949),
(989,474,957),(207,205,959),(207,959,991),(958,992,990),(992,958,744),(972,
531,994),(995,706,973),(561,994,531),(885,887,537),(569,537,887),(453,783,
781),(783,453,455),(975,581,543),(581,975,997),(974,716,996),(994,561,998),
(999,706,995),(559,998,561),(569,887,567),(567,887,889),(783,455,457),(457,
785,783),(997,1001,581),(996,716,1000),(579,581,1001),(559,607,998),(1002,
998,607),(1003,706,999),(567,889,595),(891,595,889),(457,787,785),(445,
787,457),(1001,1005,579),(1004,1000,716),(1005,619,579),(976,130,1006),
(132,1006,130),(977,1007,1008),(1010,978,977),(1008,1010,977),(1012,980,
984),(981,1013,1014),(1014,982,981),(1012,984,1016),(1017,985,1018),(986,
1020,985),(1020,1018,985),(955,953,988),(1022,988,953),(1023,474,989),(991,
1025,207),(209,207,1025),(990,1026,1024),(1028,990,992),(1026,990,1028),
(1002,607,1030),(1031,706,1003),(605,1030,607),(891,893,595),(593,595,893),
(445,477,787),(477,789,787),(619,1005,1033),(1032,1004,716),(1033,617,619),
(1030,605,1034),(1035,706,1031),(635,1034,605),(893,895,593),(657,593,895),
(791,789,477),(791,477,479),(1033,649,617),(649,1033,1037),(1036,1032,716),
(635,1038,1034),(1039,1040,1035),(1040,706,1035),(1038,635,633),(657,895,
677),(897,677,895),(791,479,481),(481,793,791),(649,1037,1042),(1043,1036,
716),(1042,647,649),(132,1045,1006),(132,134,1045),(1007,1044,1008),(1016,
1046,1012),(1048,1012,1046),(1013,1049,1050),(1050,1014,1013),(1047,1017,
1018),(953,983,1022),(983,1052,1022),(1023,1053,474),(211,209,1025),(211,
1025,1055),(1024,1026,1054),(1038,633,1056),(1057,1040,1039),(669,1056,
633),(677,897,675),(675,897,899),(481,795,793),(795,481,483),(1042,687,
647),(1059,687,1042),(1058,1043,716),(1056,669,667),(667,1060,1056),(1057,
1061,1062),(1064,1057,1062),(1064,1066,1057),(1066,1068,1057),(1070,1057,
1068),(1072,1057,1070),(1072,1074,1057),(1074,1076,1057),(1078,1057,1076),
(1080,1040,1057),(1082,1057,1078),(1084,1080,1057),(1086,1057,1082),(1084,
1057,1088),(1090,1057,1086),(1088,1057,1092),(1094,1057,1090),(1092,1057,
1096),(1098,1057,1094),(1096,1057,1100),(1102,1057,1098),(1100,1057,1104),
(1106,1057,1102),(1104,1057,1108),(1110,1057,1106),(1112,1108,1057),(1114,
1057,1110),(1116,1112,1057),(1114,1118,1057),(1116,1057,1120),(1118,1122,
1057),(1120,1057,1124),(1126,1057,1122),(1124,1057,1128),(1130,1057,1126),
(1128,1057,1132),(1134,1057,1130),(1136,1132,1057),(1138,1057,1134),(1057,
1140,1136),(1142,1057,1138),(1057,1144,1140),(1146,1057,1142),(1057,1148,
1144),(1150,1057,1146),(1057,1152,1148),(1057,1150,1154),(1057,1156,1152),
(1057,1154,1158),(1057,1160,1156),(1057,1158,1162),(1057,1164,1160),(1057,
1162,1166),(1057,1168,1164),(1057,1166,1170),(1057,1170,1168),(899,901,
675),(901,695,675),(795,483,485),(485,797,795),(1059,1172,687),(1173,1058,
716),(685,687,1172),(667,731,1060),(1175,1060,731),(1174,1062,1061),(901,
903,695),(737,695,903),(797,485,487),(799,797,487),(685,1172,1176),(1177,
1173,716),(747,685,1176),(134,136,1045),(136,1179,1045),(1044,1178,1180),
(1180,1008,1044),(1046,1182,1048),(1049,1183,1184),(1184,1050,1049),(1182,
1046,1186),(1187,1047,1188),(1018,1190,1047),(1190,1188,1047),(983,1192,
1052),(1192,983,1015),(1053,1193,474),(1055,1195,211),(213,211,1195),(1054,
1196,1194),(1196,1054,1026),(1175,731,1198),(1199,1062,1174),(729,1198,
731),(737,903,735),(735,903,905),(799,487,801),(801,487,489),(747,1176,
745),(745,1176,1201),(1200,1177,716),(1198,729,1202),(1203,1062,1199),(979,
1202,729),(905,907,735),(987,735,907),(489,803,801),(491,803,489),(1201,
993,745),(1205,993,1201),(1204,1200,716),(138,1179,136),(138,1206,1179),
(1207,1208,1178),(1210,1180,1178),(1210,1178,1208),(1186,1212,1182),(1214,
1182,1212),(1183,1215,1216),(1216,1184,1183),(1213,1187,1218),(1188,1218,
1187),(1192,1015,1220),(1051,1220,1015),(1193,1221,474),(213,1195,215),
(1223,215,1195),(1194,1224,1222),(1226,1194,1196),(1224,1194,1226),(1202,
979,1228),(1229,1062,1203),(1011,1228,979),(987,907,1021),(909,1021,907),
(491,493,803),(805,803,493),(993,1205,1029),(1231,1029,1205),(1230,1204,
716),(1009,1228,1011),(1009,1232,1228),(1229,1233,1234),(1229,1234,1236),
(1229,1236,1238),(1229,1238,1240),(1229,1240,1242),(1229,1242,1062),(1021,
909,911),(911,1019,1021),(805,493,495),(807,805,495),(1231,1244,1029),(716,
1245,1230),(1244,1027,1029),(1009,1181,1232),(1235,1232,1181),(1019,911,
1191),(913,1191,911),(807,495,809),(497,809,495),(1027,1244,1197),(1247,
1197,1244),(716,1246,1245),(138,140,1206),(1248,1206,140),(1249,1208,1207),
(1212,1251,1214),(1253,1214,1251),(1215,1252,1254),(1254,1216,1215),(1250,
1213,1218),(1051,1185,1220),(1256,1220,1185),(1221,1257,474),(217,215,1223),
(217,1223,1259),(1222,1224,1258),(1211,1235,1181),(1211,1237,1235),(913,
1189,1191),(915,1189,913),(497,811,809),(811,497,499),(1247,1260,1197),
(716,1261,1246),(1227,1197,1260),(1237,1211,1239),(1209,1239,1211),(917,
1189,915),(917,1219,1189),(499,501,811),(813,811,501),(1263,1227,1260),
(716,1262,1261),(1263,1225,1227),(1248,140,1264),(142,1264,140),(1208,1249,
1266),(1266,1249,1268),(1265,1268,1249),(1253,1251,1270),(1252,1271,1272),
(1272,1254,1252),(1218,1274,1250),(1274,1276,1250),(1278,1250,1276),(1279,
1270,1251),(1256,1185,1280),(1217,1280,1185),(1282,474,1257),(1281,1282,
1257),(217,1259,219),(1284,1258,1224),(1286,1258,1284),(1258,1286,1288),
(1289,219,1259),(1267,1239,1209),(1267,1241,1239),(1219,917,1275),(919,
1275,917),(813,501,475),(475,815,813),(1225,1263,1285),(1285,1263,1290),
(716,1291,1262),(1241,1267,1269),(1243,1241,1269),(1275,919,1277),(921,
1277,919),(815,475,817),(1283,817,475),(1285,1290,1287),(1293,1287,1290),
(1291,716,1292),(142,144,1264),(1265,1294,1268),(1295,1264,144),(1063,1243,
1269),(1063,1269,1296),(1297,1268,1294),(1277,921,923),(1298,1278,1276),
(1300,1277,923),(1276,1301,1298),(1279,1299,1270),(1303,1270,1299),(1271,
1302,1304),(1304,1272,1271),(1280,1217,1306),(1255,1306,1217),(1307,1282,
1281),(1283,819,817),(1309,819,1283),(1282,1307,1308),(1293,1310,1287),
(1292,716,1311),(1288,1286,1312),(1310,1314,1287),(1315,1312,1286),(219,
1289,1313),(221,219,1313),(1063,1296,1065),(1317,1065,1296),(1316,1297,
1294),(1300,923,1318),(925,1318,923),(1301,1319,1298),(819,1309,1321),(1321,
821,819),(1308,1307,1320),(1314,1310,1322),(1324,1322,1310),(1311,716,1325),
(1323,1312,1315),(1317,1327,1065),(1067,1065,1327),(1294,1328,1316),(1326,
1316,1330),(1328,1330,1316),(1318,925,1332),(927,1332,925),(1334,1298,1319),
(1319,1333,1334),(823,821,1321),(1336,1320,1307),(823,1321,1338),(1320,
1336,1339),(1324,1341,1322),(1340,1325,716),(1312,1323,1342),(1344,1322,
1341),(1323,1345,1346),(1346,1342,1323),(144,1348,1295),(1349,143,145),
(1329,1295,1348),(1299,1351,1303),(1302,1350,1352),(1352,1304,1302),(1351,
1299,1335),(1255,1337,1306),(1337,1255,1273),(1354,221,1313),(1355,222,
220),(1354,1313,1343),(1327,1357,1067),(1069,1067,1357),(1356,1326,1330),
(927,1358,1332),(929,1358,927),(1333,1359,1360),(1362,1334,1333),(1360,
1362,1333),(825,823,1338),(1364,825,1338),(1339,1366,1365),(1368,1339,1336),
(1366,1339,1368),(1344,1341,1370),(1372,1370,1341),(1373,1340,1374),(716,
1376,1340),(1376,1374,1340),(1345,1371,1346),(1069,1357,1071),(1378,1071,
1357),(1379,1356,1380),(1330,1380,1356),(931,1358,929),(931,1382,1358),
(1359,1383,1360),(1385,825,1364),(1385,827,825),(1365,1366,1384),(1370,
1372,1386),(1387,1373,1374),(1386,1388,1370),(1371,1389,1390),(1390,1346,
1371),(1348,1392,1329),(1349,145,1393),(1331,1329,1392),(1363,1351,1335),
(1363,1395,1351),(1350,1394,1396),(1396,1352,1350),(1369,1337,1273),(1369,
1273,1305),(1347,1354,1343),(1398,1354,1347),(1355,1399,222),(1071,1378,
1073),(1401,1073,1378),(1400,1379,1402),(1380,1404,1379),(1404,1402,1379),
(1382,931,865),(1406,1382,865),(1383,1407,1408),(1410,1360,1383),(1408,
1410,1383),(827,1385,1412),(1412,829,827),(1384,1414,1413),(1416,1384,1366),
(1414,1384,1416),(1386,1418,1388),(1418,1386,1420),(1387,1422,1421),(1374,
1424,1387),(1424,1426,1387),(1426,1428,1387),(1428,1430,1387),(1430,1432,
1387),(1432,1434,1387),(1434,1436,1387),(1436,1438,1387),(1440,1387,1438),
(1442,1387,1440),(1444,1387,1442),(1446,1387,1444),(1422,1387,1448),(1450,
1387,1446),(1448,1387,1450),(1389,1419,1452),(1454,1390,1389),(1452,1454,
1389),(1401,1456,1073),(1075,1073,1456),(1457,1400,1402),(1406,865,1459),
(1459,865,707),(1407,1458,1408),(1412,1460,829),(831,829,1460),(1413,1414,
1461),(1418,1420,1463),(1421,1464,1462),(1464,1421,1422),(1463,1466,1418),
(1419,1467,1452),(1456,1469,1075),(1077,1075,1469),(1468,1457,1470),(1402,
1470,1457),(1459,707,1472),(1041,1472,707),(1458,1473,1474),(1474,1408,
1458),(833,831,1460),(833,1460,1476),(1461,1478,1477),(1478,1461,1414),
(1466,1463,1480),(1482,1480,1463),(1462,1484,1483),(1484,1462,1486),(1486,
1462,1464),(1467,1481,1488),(1488,1452,1467),(1392,1381,1331),(1392,1490,
1381),(1393,145,1491),(1395,1363,1493),(1394,1492,1494),(1494,1396,1394),
(1361,1493,1363),(1305,1353,1369),(1369,1353,1367),(1398,1347,1391),(1496,
1398,1391),(1497,222,1399),(1077,1469,1079),(1499,1079,1469),(1498,1468,
1500),(1470,1500,1468),(1041,1081,1472),(1502,1472,1081),(1473,1503,1504),
(1504,1474,1473),(833,1476,835),(1506,835,1476),(1477,1508,1507),(1508,
1477,1478),(1480,1482,1510),(1511,1483,1484),(1512,1480,1510),(1481,1513,
1514),(1514,1488,1481),(1499,1516,1079),(1083,1079,1516),(1517,1498,1518),
(1500,1518,1498),(1502,1081,1085),(1085,1520,1502),(1503,1521,1522),(1522,
1504,1503),(835,1506,1524),(1524,837,835),(1507,1526,1525),(1526,1507,1508),
(1510,1528,1512),(1529,1511,1484),(1530,1512,1528),(1513,1531,1532),(1532,
1514,1513),(1381,1490,1405),(1534,1405,1490),(1491,145,1535),(1361,1411,
1493),(1537,1493,1411),(1492,1536,1538),(1538,1494,1492),(1353,1417,1367),
(1417,1353,1397),(1391,1455,1496),(1540,1496,1455),(1541,222,1497),(1516,
1087,1083),(1543,1087,1516),(1542,1517,1544),(1518,1546,1517),(1546,1544,
1517),(1085,1548,1520),(1548,1085,1089),(1521,1549,1550),(1550,1522,1521),
(1524,1552,837),(839,837,1552),(1525,1554,1553),(1554,1525,1526),(1530,
1528,1556),(1558,1556,1528),(1559,1529,1484),(1557,1560,1531),(1562,1532,
1531),(1562,1531,1560),(1564,1087,1543),(1564,1091,1087),(1565,1542,1544),
(1089,1567,1548),(1567,1089,1093),(1549,1566,1568),(1570,1550,1549),(1568,
1570,1549),(839,1552,1572),(841,839,1572),(1553,1574,1573),(1576,1553,1554),
(1574,1553,1576),(1556,1558,1578),(1579,1559,1484),(1580,1556,1578),(1581,
1560,1557),(1564,1583,1091),(1095,1091,1583),(1582,1565,1584),(1544,1586,
1565),(1586,1584,1565),(1093,1097,1567),(1588,1567,1097),(1566,1589,1568),
(841,1572,843),(1591,843,1572),(1573,1574,1590),(1592,1580,1578),(1592,
1578,1594),(1595,1579,1484),(1593,1596,1581),(1560,1581,1598),(1598,1581,
1596),(1534,1600,1405),(1535,145,1601),(1403,1405,1600),(1537,1411,1603),
(1536,1602,1604),(1607,1538,1536),(1609,1607,1536),(1611,1609,1536),(1613,
1611,1536),(1615,1613,1536),(1617,1615,1536),(1619,1617,1536),(1621,1619,
1536),(1623,1621,1536),(1604,1623,1536),(1409,1603,1411),(1417,1397,1415),
(1495,1415,1397),(1540,1455,1625),(1626,222,1541),(1453,1625,1455),(1095,
1583,1099),(1628,1099,1583),(1627,1582,1584),(1588,1097,1629),(1101,1629,
1097),(1630,1631,1589),(1633,1568,1589),(1631,1633,1589),(1591,845,843),
(1635,845,1591),(1590,1637,1636),(1639,1590,1574),(1637,1590,1639),(1594,
1641,1592),(1642,1595,1484),(1643,1592,1641),(1593,1644,1596),(1099,1628,
1103),(1646,1103,1628),(1645,1627,1647),(1584,1647,1627),(1101,1105,1629),
(1649,1629,1105),(1650,1631,1630),(1635,1652,845),(1652,847,845),(1636,
1637,1651),(1643,1641,1653),(1655,1653,1641),(1642,1484,1656),(1654,1657,
1644),(1657,1596,1644),(1646,1659,1103),(1107,1103,1659),(1660,1645,1661),
(1647,1663,1645),(1663,1661,1645),(1649,1105,1665),(1109,1665,1105),(1666,
1667,1650),(1631,1650,1667),(847,1652,849),(1669,849,1652),(1651,1671,1670),
(1671,1651,1637),(1653,1655,1673),(1674,1656,1484),(1675,1653,1673),(1676,
1677,1654),(1657,1654,1679),(1679,1654,1677),(1600,1471,1403),(1471,1600,
1681),(1601,145,1682),(1409,1475,1603),(1684,1603,1475),(1683,1604,1602),
(1495,1539,1415),(1479,1415,1539),(1453,1489,1625),(1685,1625,1489),(1686,
222,1626),(1107,1659,1688),(1111,1107,1688),(1660,1661,1687),(1665,1109,
1689),(1113,1689,1109),(1690,1691,1666),(1667,1666,1693),(1693,1666,1691),
(1695,849,1669),(717,849,1695),(1670,1697,1696),(1699,1670,1671),(1697,
1670,1699),(1675,1673,1701),(1701,1673,1703),(1704,1674,1705),(1707,1705,
1674),(1709,1707,1674),(1484,1709,1674),(1702,1677,1676),(1111,1688,1115),
(1711,1115,1688),(1687,1713,1712),(1715,1687,1661),(1713,1687,1715),(1113,
1117,1689),(1717,1689,1117),(1718,1719,1690),(1691,1690,1719),(717,1695,
1377),(1721,1377,1695),(1696,1723,1722),(1723,1696,1697),(1703,1725,1701),
(1727,1726,1704),(1727,1704,1729),(1729,1704,1731),(1731,1704,1733),(1733,
1704,1735),(1735,1704,1705),(1725,1737,1701),(1738,1739,1702),(1677,1702,
1741),(1741,1702,1739),(1115,1711,1119),(1743,1119,1711),(1744,1712,1745),
(1713,1745,1712),(1717,1117,1121),(1717,1121,1747),(1748,1749,1718),(1719,
1718,1749),(1721,1751,1377),(1751,1375,1377),(1722,1753,1752),(1753,1722,
1723),(1725,1728,1737),(1755,1737,1728),(1756,1757,1738),(1739,1738,1757),
(1681,1759,1471),(1682,145,1760),(1759,1501,1471),(1684,1475,1762),(1761,
1604,1683),(1505,1762,1475),(1479,1539,1509),(1608,1509,1539),(1685,1489,
1763),(222,1686,1764),(1515,1763,1489),(1766,1119,1743),(1766,1123,1119),
(1765,1744,1745),(1121,1125,1747),(1767,1747,1125),(1768,1749,1748),(1751,
1770,1375),(1425,1375,1770),(1752,1753,1769),(1728,1771,1755),(1771,1728,
1730),(1772,1757,1756),(1766,1127,1123),(1774,1127,1766),(1773,1765,1775),
(1745,1777,1765),(1777,1775,1765),(1125,1779,1767),(1779,1125,1129),(1780,
1781,1768),(1749,1768,1783),(1783,1768,1781),(1770,1427,1425),(1770,1785,
1427),(1786,1769,1787),(1789,1769,1753),(1789,1787,1769),(1771,1730,1732),
(1732,1791,1771),(1792,1793,1772),(1757,1772,1795),(1795,1772,1793),(1797,
1127,1774),(1797,1131,1127),(1798,1773,1799),(1775,1799,1773),(1779,1129,
1133),(1801,1779,1133),(1780,1802,1803),(1781,1780,1803),(1785,1805,1427),
(1805,1429,1427),(1806,1786,1807),(1787,1807,1786),(1732,1809,1791),(1734,
1809,1732),(1810,1811,1792),(1793,1792,1811),(1797,1135,1131),(1813,1135,
1797),(1798,1799,1814),(1133,1137,1801),(1816,1801,1137),(1802,1815,1803),
(1429,1805,1817),(1817,1431,1429),(1818,1806,1807),(1809,1734,1736),(1736,
1820,1809),(1819,1811,1810),(1759,1519,1501),(1759,1821,1519),(1760,145,
1822),(1505,1824,1762),(1823,1604,1761),(1824,1505,1523),(1610,1509,1608),
(1509,1610,1527),(1515,1533,1763),(1825,1763,1533),(1764,1826,222),(1813,
1828,1135),(1139,1135,1828),(1814,1829,1827),(1831,1814,1799),(1829,1814,
1831),(1816,1137,1833),(1833,1137,1141),(1815,1834,1835),(1837,1803,1815),
(1835,1837,1815),(1431,1817,1433),(1839,1433,1817),(1840,1818,1841),(1807,
1843,1818),(1843,1841,1818),(1736,1706,1820),(1845,1820,1706),(1846,1847,
1819),(1811,1819,1849),(1849,1819,1847),(1139,1828,1143),(1851,1143,1828),
(1827,1829,1852),(1833,1141,1145),(1854,1833,1145),(1834,1853,1835),(1435,
1433,1839),(1855,1435,1839),(1856,1840,1841),(1845,1706,1858),(1708,1858,
1706),(1857,1847,1846),(1859,1143,1851),(1859,1147,1143),(1852,1861,1860),
(1863,1852,1829),(1863,1861,1852),(1854,1145,1865),(1865,1145,1149),(1853,
1866,1867),(1869,1835,1853),(1867,1869,1853),(1435,1855,1871),(1871,1437,
1435),(1872,1856,1873),(1841,1875,1856),(1875,1873,1856),(1708,1877,1858),
(1710,1877,1708),(1857,1878,1879),(1847,1857,1881),(1881,1857,1883),(1883,
1857,1885),(1885,1857,1887),(1887,1857,1889),(1889,1857,1891),(1891,1857,
1893),(1879,1893,1857),(1147,1859,1151),(1895,1151,1859),(1860,1861,1896),
(1149,1153,1865),(1898,1865,1153),(1866,1897,1867),(1437,1871,1439),(1439,
1871,1899),(1900,1872,1873),(1877,1710,1485),(1485,1902,1877),(1878,1901,
1879),(1895,1903,1151),(1155,1151,1903),(1904,1896,1905),(1907,1896,1861),
(1907,1905,1896),(1898,1153,1909),(1157,1909,1153),(1910,1911,1897),(1913,
1867,1897),(1911,1913,1897),(1439,1899,1441),(1441,1899,1915),(1916,1900,
1917),(1873,1919,1900),(1919,1917,1900),(1902,1485,1921),(1487,1921,1485),
(1901,1922,1879),(1155,1903,1159),(1924,1159,1903),(1923,1904,1925),(1905,
1925,1904),(1909,1157,1161),(1909,1161,1927),(1928,1929,1910),(1911,1910,
1929),(1915,1931,1441),(1443,1441,1931),(1932,1916,1933),(1917,1933,1916),
(1487,1465,1921),(1935,1921,1465),(1922,1936,1879),(1159,1924,1163),(1938,
1163,1924),(1937,1923,1939),(1925,1939,1923),(1161,1165,1927),(1941,1927,
1165),(1942,1929,1928),(1443,1931,1944),(1445,1443,1944),(1943,1932,1933),
(1465,1423,1935),(1423,1945,1935),(1936,1946,1879),(1938,1948,1163),(1948,
1167,1163),(1947,1937,1939),(1165,1949,1941),(1949,1165,1169),(1950,1951,
1942),(1929,1942,1951),(1944,1447,1445),(1447,1944,1953),(1954,1943,1955),
(1933,1955,1943),(1423,1957,1945),(1957,1423,1449),(1946,1958,1879),(1821,
1960,1519),(1822,145,1959),(1547,1519,1960),(1824,1523,1551),(1961,1824,
1551),(1823,1962,1604),(1610,1555,1527),(1612,1555,1610),(1825,1533,1963),
(1964,222,1826),(1563,1963,1533),(1167,1948,1171),(1966,1171,1948),(1947,
1967,1965),(1939,1967,1947),(1169,1171,1949),(1966,1949,1171),(1965,1969,
1950),(1951,1950,1969),(1953,1971,1447),(1451,1447,1971),(1972,1954,1973),
(1955,1973,1954),(1449,1451,1957),(1971,1957,1451),(1958,1972,1879),(1975,
1965,1967),(1969,1965,1975),(1973,1879,1972),(1960,1545,1547),(1545,1960,
1977),(1959,145,1978),(1961,1551,1980),(1962,1979,1604),(1571,1980,1551),
(1612,1614,1555),(1577,1555,1614),(1563,1561,1963),(1981,1963,1561),(1982,
222,1964),(1977,1984,1545),(1978,145,1983),(1984,1587,1545),(1571,1569,
1980),(1985,1980,1569),(1979,1986,1604),(1614,1616,1577),(1616,1575,1577),
(1561,1988,1981),(1987,222,1982),(1988,1561,1599),(1984,1989,1587),(1983,
145,1990),(1989,1585,1587),(1985,1569,1992),(1986,1991,1604),(1634,1992,
1569),(1616,1640,1575),(1616,1618,1640),(1599,1993,1988),(1994,222,1987),
(1993,1599,1597),(1989,1996,1585),(1990,145,1995),(1648,1585,1996),(1634,
1997,1992),(1998,1604,1991),(1632,1997,1634),(1618,1620,1640),(1638,1640,
1620),(1993,1597,1658),(2000,1993,1658),(1999,222,1994),(1648,1996,1664),
(2001,1664,1996),(1995,145,2002),(1997,1632,2004),(1604,1998,2003),(1668,
2004,1632),(1620,1622,1638),(1672,1638,1622),(2005,2000,1658),(2006,222,
1999),(2005,1658,1680),(1664,2001,1662),(2008,1662,2001),(2007,2002,145),
(1668,1694,2004),(1694,2009,2004),(2003,2010,1604),(1672,1622,1700),(1624,
1700,1622),(1678,2005,1680),(1678,2012,2005),(2011,222,2006),(1662,2008,
1716),(2013,1716,2008),(2014,2007,145),(2009,1694,1692),(1692,2016,2009),
(2015,1604,2010),(1700,1624,1698),(2017,1698,1624),(1623,1604,2018),(2012,
1678,1742),(2012,1742,2020),(2019,222,2011),(2021,1716,2013),(2022,2014,
145),(2021,1714,1716),(1692,2024,2016),(2023,1604,2015),(2024,1692,1720),
(2025,1698,2017),(2018,1604,2026),(2025,1724,1698),(1742,2028,2020),(2027,
222,2019),(2028,1742,1740),(1714,2021,1746),(2029,1746,2021),(2030,2022,
145),(1720,1750,2024),(2032,2024,1750),(2023,2031,1604),(1724,2025,2033),
(2034,2026,1604),(1754,1724,2033),(1758,2028,1740),(1758,2036,2028),(2035,
222,2027),(1778,1746,2029),(2037,1778,2029),(2030,145,2038),(2032,1750,
2040),(2039,1604,2031),(1784,2040,1750),(1790,1754,2033),(1790,2033,2041),
(2034,1604,2042),(2036,1758,2044),(2043,222,2035),(1796,2044,1758),(1778,
2037,2045),(2038,145,2046),(2045,1776,1778),(1782,2040,1784),(2048,2040,
1782),(2047,1604,2039),(2041,2049,1790),(2042,1604,2050),(1788,1790,2049),
(2044,1796,1794),(2052,2044,1794),(2043,2051,222),(1800,1776,2045),(2053,
1800,2045),(2054,2046,145),(1782,2056,2048),(2047,2055,1604),(2056,1782,
1804),(1788,2049,2057),(2050,1604,2058),(1808,1788,2057),(2052,1794,2060),
(2059,222,2051),(1812,2060,1794),(2053,2061,1800),(145,2062,2054),(1832,
1800,2061),(1804,1838,2056),(1838,2064,2056),(2063,145,2055),(145,1604,
2055),(1808,2057,1844),(1844,2057,2065),(2066,2058,1604),(1812,2068,2060),
(2067,222,2059),(1850,2068,1812),(1832,2061,2069),(2070,2062,145),(1830,
1832,2069),(2064,1838,1836),(1836,2072,2064),(2071,145,2063),(1844,2065,
1842),(2073,1842,2065),(2066,1604,2074),(1850,1848,2068),(2076,2068,1848),
(2075,222,2067),(1864,1830,2069),(1864,2069,2077),(2070,145,2078),(1836,
1870,2072),(2080,2072,1870),(2079,145,2071),(2081,1842,2073),(2082,2074,
1604),(1876,1842,2081),(2076,1848,1882),(2084,2076,1882),(2083,222,2075),
(2085,1864,2077),(2078,145,2086),(2085,1862,1864),(1870,2088,2080),(2087,
145,2079),(2088,1870,1868),(2081,1874,1876),(2089,1874,2081),(2090,2082,
1604),(2092,2084,1882),(2091,222,2083),(2092,1882,1884),(1862,2085,1908),
(2093,1908,2085),(2086,145,2094),(2088,1868,2096),(2095,145,2087),(1914,
2096,1868),(2097,1874,2089),(2090,1604,2098),(2097,1920,1874),(1884,1886,
2092),(2100,2092,1886),(2099,222,2091),(1908,2093,1906),(2101,1906,2093),
(2102,2094,145),(2096,1914,2104),(2103,145,2095),(1912,2104,1914),(2097,
2105,1920),(2106,2098,1604),(1918,1920,2105),(2100,1886,2108),(2107,222,
2099),(1888,2108,1886),(2101,2109,1906),(2110,2102,145),(1926,1906,2109),
(1930,2104,1912),(2104,1930,2112),(2103,2111,145),(1918,2105,1934),(2113,
1934,2105),(2114,2106,1604),(1888,1890,2108),(2116,2108,1890),(2107,2115,
222),(1926,2109,2117),(145,2118,2110),(2117,1940,1926),(2112,1930,1952),
(2120,2112,1952),(2119,145,2111),(2121,1934,2113),(2122,2114,1604),(1956,
1934,2121),(2116,1890,2124),(2115,2123,222),(1892,2124,1890),(2117,1968,
1940),(2125,1968,2117),(2118,145,2126),(2120,1952,2128),(2127,145,2119),
(2128,1952,1970),(1956,2121,1974),(1974,2121,2129),(2130,2122,1604),(1892,
1894,2124),(2132,2124,1894),(2123,2131,222),(2133,1968,2125),(145,2134,
2126),(2133,1976,1968),(2128,1970,1976),(2128,1976,2133),(2134,145,2127),
(1974,2129,2136),(2135,2130,1604),(2136,1880,1974),(1894,1880,2132),(2136,
2132,1880),(2131,2135,1604),(1604,222,2131),(2137,225,1606),(2141,2138,
1605),(2139,2144,227),(2141,2146,2138),(2139,2148,2144),(223,1606,225),
(145,2140,1604),(226,2145,147),(65,27,59),(65,28,27),(2149,30,63),(2150,
64,62),(2152,60,26),(2152,2156,60),(2157,2158,58),(66,58,2158),(2149,2161,
30),(29,2163,16),(2153,25,2164),(2164,25,36),(2142,2168,2147),(2143,2147,
2168),(2167,2140,2170),(145,2172,2140),(2174,2176,2140),(2176,2170,2140),
(2178,2174,2140),(2180,2178,2140),(2182,2180,2140),(2184,2182,2140),(2186,
2184,2140),(2188,2186,2140),(2190,2188,2140),(2192,2190,2140),(2194,2192,
2140),(2196,2194,2140),(2198,2196,2140),(2198,2140,2200),(2200,2140,2172),
(2169,147,2145),(2169,2202,147),(2205,2167,2170),(2205,2207,2167),(2209,
2167,2207),(2211,2167,2209),(2213,2167,2211),(2213,2215,2167),(2215,2217,
2167),(2217,2219,2167),(2221,2167,2219),(2221,2223,2167),(2225,2167,2223),
(2225,2227,2167),(2229,2167,2227),(2231,2167,2229),(2233,2167,2231),(2235,
2167,2233),(2237,2167,2235),(2239,2167,2237),(2241,2167,2239),(2243,2167,
2241),(2245,2167,2243),(2247,2167,2245),(2249,2167,2247),(2251,2167,2249),
(2253,2167,2251),(2255,2167,2253),(2257,2167,2255),(2259,2167,2257),(2261,
2167,2259),(2263,2167,2261),(2167,2263,2203),(2162,2151,2155),(2157,2150,
62),(2162,2155,2154),(62,2265,2157),(2269,2157,2265),(2269,2158,2157),(2153,
2271,2163),(16,2163,2271),(2271,2153,2274),(2274,2153,2164),(2277,2279,
145),(2279,2281,145),(2277,145,2283),(2281,2285,145),(2283,145,2287),(2285,
2289,145),(2287,145,2291),(2289,2293,145),(2291,145,2295),(2293,2297,145),
(2295,145,2299),(2301,145,2297),(2299,145,2303),(2305,145,2301),(2303,145,
2307),(2305,2309,145),(2307,145,2311),(2309,2313,145),(2311,145,2315),(2317,
145,2313),(2315,145,2319),(2321,145,2317),(2319,145,2323),(2325,145,2321),
(2323,145,2327),(2329,145,2325),(2327,145,2331),(145,2329,2333),(2331,145,
2335),(2337,2172,145),(145,2339,2335),(2337,145,2341),(2339,145,2343),(2341,
145,2345),(2343,145,2347),(2345,145,2350),(2347,145,2351),(2350,145,2353),
(2351,145,2355),(2353,145,2357),(2359,2355,145),(2357,145,2361),(2359,145,
2363),(2361,145,2365),(2363,145,2367),(2365,145,2369),(2371,2367,145),(2369,
145,2373),(145,2375,2371),(2373,145,2377),(2379,2375,145),(2377,145,2333),
(2381,2379,145),(2381,145,2383),(2383,145,2385),(2385,145,2387),(2387,145,
2389),(145,2391,2389),(146,54,2392),(148,2394,61),(2395,147,2202),(2265,
62,2397),(2401,2397,62),(2400,61,2394),(2267,2272,2268),(2404,2273,2266),
(2399,2404,2266),(2268,2272,2276),(2406,2270,2275),(2158,2269,2410),(2408,
2410,2269),(2271,2405,16),(2274,2164,2413),(2274,2413,2415),(2275,2417,
2406),(2160,35,67),(2160,2165,35),(2159,2412,2166),(2411,2412,2159),(2418,
2409,2421),(2422,2410,2424),(2418,2414,2409),(2408,2424,2410),(2425,2419,
2423),(2420,2427,2413),(2415,2413,2427),(2419,2425,2428),(2407,2403,2398),
(2397,2401,2408),(2407,2416,2403),(2408,2401,2424),(2405,2415,16),(2415,
2427,16),(2280,2278,2430),(2430,2282,2280),(2278,2433,2430),(2432,2434,
2431),(2282,2430,2436),(2431,2434,2437),(2439,2177,2175),(2171,2177,2439),
(2175,2440,2439),(2438,2441,2442),(2171,2439,2444),(2445,2438,2442),(2278,
2284,2433),(2447,2433,2284),(2446,2448,2432),(2434,2432,2448),(2450,2282,
2436),(2286,2282,2450),(2451,2437,2452),(2452,2437,2434),(2175,2179,2440),
(2454,2440,2179),(2441,2455,2456),(2458,2442,2441),(2456,2458,2441),(2460,
2171,2444),(2460,2206,2171),(2461,2445,2462),(2442,2462,2445),(2284,2464,
2447),(2284,2288,2464),(2446,2465,2466),(2448,2446,2468),(2468,2446,2466),
(2450,2290,2286),(2290,2450,2470),(2471,2451,2472),(2452,2472,2451),(2454,
2179,2474),(2181,2474,2179),(2455,2475,2476),(2476,2456,2455),(2460,2478,
2206),(2208,2206,2478),(2479,2461,2480),(2462,2482,2461),(2482,2480,2461),
(2288,2292,2464),(2484,2464,2292),(2465,2485,2486),(2486,2466,2465),(2290,
2470,2294),(2488,2294,2470),(2489,2471,2490),(2472,2492,2471),(2492,2490,
2471),(2181,2494,2474),(2494,2181,2183),(2475,2495,2496),(2498,2476,2475),
(2500,2498,2475),(2496,2500,2475),(2208,2478,2210),(2502,2210,2478),(2503,
2479,2504),(2480,2504,2479),(2292,2506,2484),(2292,2296,2506),(2485,2507,
2508),(2508,2486,2485),(2488,2510,2294),(2298,2294,2510),(2511,2489,2512),
(2490,2512,2489),(2183,2185,2494),(2514,2494,2185),(2495,2515,2516),(2516,
2496,2495),(2502,2212,2210),(2212,2502,2518),(2519,2503,2520),(2504,2520,
2503),(2296,2522,2506),(2296,2300,2522),(2507,2523,2508),(2525,2298,2510),
(2302,2298,2525),(2524,2511,2512),(2185,2526,2514),(2187,2526,2185),(2515,
2527,2528),(2530,2516,2515),(2532,2530,2515),(2528,2532,2515),(2518,2534,
2212),(2214,2212,2534),(2535,2519,2520),(2522,2300,2537),(2304,2537,2300),
(2523,2536,2538),(2540,2508,2523),(2538,2540,2523),(2306,2302,2525),(2306,
2525,2542),(2543,2524,2544),(2512,2546,2524),(2546,2544,2524),(2187,2189,
2526),(2189,2548,2526),(2527,2549,2550),(2550,2528,2527),(2214,2534,2216),
(2552,2216,2534),(2553,2535,2554),(2520,2556,2535),(2556,2554,2535),(2304,
2308,2537),(2558,2537,2308),(2536,2559,2538),(2306,2542,2310),(2561,2310,
2542),(2560,2543,2544),(2189,2191,2548),(2562,2548,2191),(2549,2563,2564),
(2564,2550,2549),(2552,2566,2216),(2218,2216,2566),(2567,2553,2554),(2308,
2312,2558),(2569,2558,2312),(2559,2568,2570),(2572,2538,2559),(2570,2572,
2559),(2310,2561,2314),(2574,2314,2561),(2575,2560,2576),(2544,2578,2560),
(2578,2576,2560),(2191,2193,2562),(2580,2562,2193),(2563,2581,2582),(2584,
2564,2563),(2586,2584,2563),(2582,2586,2563),(2218,2566,2588),(2220,2218,
2588),(2589,2567,2590),(2554,2592,2567),(2592,2590,2567),(2312,2594,2569),
(2312,2316,2594),(2568,2595,2570),(2574,2597,2314),(2318,2314,2597),(2596,
2575,2576),(2580,2193,2598),(2193,2195,2598),(2581,2599,2600),(2600,2582,
2581),(2220,2588,2222),(2222,2588,2602),(2603,2589,2590),(2316,2605,2594),
(2316,2320,2605),(2595,2604,2606),(2608,2570,2595),(2606,2608,2595),(2322,
2318,2597),(2322,2597,2610),(2611,2596,2612),(2576,2614,2596),(2614,2612,
2596),(2195,2197,2598),(2197,2616,2598),(2618,2599,2617),(2620,2600,2599),
(2618,2622,2599),(2620,2599,2622),(2222,2602,2624),(2224,2222,2624),(2625,
2603,2626),(2590,2628,2603),(2628,2626,2603),(2320,2324,2605),(2630,2605,
2324),(2604,2631,2632),(2632,2606,2604),(2610,2634,2322),(2326,2322,2634),
(2635,2611,2636),(2612,2636,2611),(2197,2199,2616),(2638,2616,2199),(2617,
2639,2618),(2224,2624,2226),(2226,2624,2641),(2640,2625,2642),(2626,2642,
2625),(2630,2324,2644),(2328,2644,2324),(2631,2645,2632),(2326,2634,2330),
(2647,2330,2634),(2646,2635,2636),(2199,2201,2638),(2201,2648,2638),(2639,
2649,2618),(2226,2641,2228),(2651,2228,2641),(2640,2642,2650),(2644,2328,
2652),(2332,2652,2328),(2645,2653,2654),(2656,2632,2645),(2654,2656,2645),
(2647,2658,2330),(2329,2659,2333),(2658,2647,2660),(2661,2646,2662),(2636,
2664,2646),(2664,2662,2646),(2201,2666,2648),(2666,2201,2173),(2649,2667,
2618),(2228,2651,2230),(2669,2230,2651),(2650,2670,2668),(2672,2650,2642),
(2670,2650,2672),(2332,2336,2652),(2674,2652,2336),(2653,2675,2676),(2676,
2654,2653),(2660,2678,2658),(2680,2658,2678),(2659,2681,2333),(2679,2661,
2682),(2662,2682,2661),(2173,2338,2666),(2684,2666,2338),(2667,2685,2618),
(2669,2687,2230),(2232,2230,2687),(2668,2688,2686),(2688,2668,2670),(2674,
2336,2690),(2340,2690,2336),(2675,2691,2676),(2680,2678,2693),(2695,2680,
2693),(2681,2694,2333),(2692,2679,2696),(2682,2696,2679),(2338,2342,2684),
(2698,2684,2342),(2685,2699,2618),(2232,2687,2701),(2234,2232,2701),(2686,
2688,2700),(2340,2344,2690),(2702,2690,2344),(2691,2703,2704),(2706,2676,
2691),(2704,2706,2691),(2693,2708,2695),(2694,2709,2333),(2708,2693,2710),
(2711,2692,2696),(2698,2342,2346),(2346,2713,2698),(2699,2712,2618),(2236,
2234,2701),(2236,2701,2714),(2700,2716,2715),(2718,2700,2688),(2716,2700,
2718),(2348,2702,2344),(2348,2720,2702),(2703,2721,2704),(2710,2723,2708),
(2725,2708,2723),(2709,2724,2333),(2722,2711,2726),(2696,2726,2711),(2728,
2713,2346),(2728,2346,2349),(2712,2729,2618),(2238,2236,2714),(2238,2714,
2731),(2715,2716,2730),(2348,2352,2720),(2732,2720,2352),(2721,2733,2734),
(2734,2704,2721),(2725,2723,2736),(2738,2725,2736),(2724,2739,2333),(2737,
2722,2740),(2726,2742,2722),(2742,2740,2722),(2349,2354,2728),(2744,2728,
2354),(2729,2745,2618),(2238,2731,2747),(2747,2240,2238),(2730,2748,2746),
(2748,2730,2716),(2732,2352,2750),(2356,2750,2352),(2751,2752,2733),(2754,
2734,2733),(2754,2733,2752),(2738,2736,2756),(2739,2757,2333),(2758,2756,
2736),(2759,2737,2740),(2744,2354,2761),(2358,2761,2354),(2745,2760,2618),
(2747,2242,2240),(2242,2747,2762),(2763,2746,2764),(2766,2746,2748),(2766,
2764,2746),(2356,2360,2750),(2768,2750,2360),(2769,2752,2751),(2758,2771,
2756),(2757,2770,2333),(2773,2771,2758),(2759,2774,2772),(2740,2776,2759),
(2774,2759,2776),(2358,2362,2761),(2778,2761,2362),(2779,2618,2760),(2242,
2762,2244),(2781,2244,2762),(2780,2763,2764),(2768,2360,2782),(2364,2782,
2360),(2783,2784,2769),(2752,2769,2786),(2786,2769,2784),(2773,2788,2771),
(2788,2790,2771),(2770,2791,2333),(2772,2774,2789),(2362,2366,2778),(2793,
2778,2366),(2792,2794,2779),(2618,2779,2794),(2781,2796,2244),(2246,2244,
2796),(2797,2780,2798),(2764,2800,2780),(2800,2798,2780),(2364,2802,2782),
(2802,2364,2368),(2803,2784,2783),(2790,2788,2805),(2791,2804,2333),(2807,
2805,2788),(2789,2808,2806),(2808,2789,2774),(2370,2793,2366),(2370,2810,
2793),(2811,2794,2792),(2813,2246,2796),(2813,2248,2246),(2812,2797,2798),
(2435,2449,2814),(2435,2814,2453),(2817,2814,2449),(2815,2816,2818),(2453,
2814,2820),(2815,2818,2821),(2443,2823,2824),(2443,2824,2827),(2825,2822,
2828),(2825,2830,2826),(2825,2832,2830),(2825,2834,2832),(2836,2834,2825),
(2836,2825,2838),(2838,2825,2840),(2840,2825,2842),(2842,2825,2844),(2846,
2844,2825),(2846,2825,2848),(2848,2825,2850),(2828,2850,2825),(2459,2823,
2443),(2827,2463,2443),(2449,2852,2817),(2816,2853,2818),(2469,2852,2449),
(2453,2820,2473),(2855,2473,2820),(2854,2821,2818),(2459,2457,2823),(2457,
2856,2823),(2822,2857,2828),(2463,2827,2483),(2483,2827,2831),(2802,2368,
2372),(2372,2859,2802),(2858,2860,2803),(2784,2803,2860),(2862,2805,2807),
(2804,2863,2333),(2862,2807,2864),(2806,2866,2865),(2866,2806,2808),(2810,
2370,2868),(2374,2868,2370),(2869,2794,2811),(2248,2813,2871),(2871,2250,
2248),(2870,2812,2872),(2798,2872,2812),(2469,2467,2852),(2467,2874,2852),
(2853,2875,2818),(2855,2877,2473),(2876,2854,2818),(2493,2473,2877),(2457,
2878,2856),(2857,2879,2828),(2457,2477,2878),(2831,2833,2483),(2833,2481,
2483),(2467,2881,2874),(2875,2880,2818),(2487,2881,2467),(2877,2882,2493),
(2883,2876,2818),(2491,2493,2882),(2477,2499,2878),(2499,2885,2878),(2879,
2884,2886),(2886,2828,2879),(2481,2833,2835),(2835,2505,2481),(2487,2509,
2881),(2888,2881,2509),(2880,2889,2818),(2491,2882,2513),(2891,2513,2882),
(2890,2883,2818),(2885,2499,2501),(2885,2501,2892),(2884,2893,2886),(2505,
2835,2521),(2521,2835,2837),(2895,2888,2509),(2889,2894,2818),(2509,2541,
2895),(2891,2896,2513),(2897,2890,2818),(2547,2513,2896),(2892,2501,2497),
(2892,2497,2899),(2898,2886,2893),(2521,2837,2557),(2839,2557,2837),(2895,
2541,2900),(2894,2901,2818),(2539,2900,2541),(2547,2896,2545),(2903,2545,
2896),(2902,2897,2818),(2899,2497,2904),(2905,2886,2898),(2497,2517,2904),
(2557,2839,2841),(2841,2555,2557),(2900,2539,2907),(2901,2906,2818),(2573,
2907,2539),(2903,2579,2545),(2908,2579,2903),(2909,2902,2818),(2904,2517,
2911),(2910,2886,2905),(2531,2911,2517),(2555,2841,2843),(2843,2593,2555),
(2573,2571,2907),(2907,2571,2912),(2906,2913,2818),(2908,2915,2579),(2914,
2909,2916),(2916,2909,2918),(2918,2909,2920),(2920,2909,2922),(2922,2909,
2924),(2924,2909,2926),(2926,2909,2928),(2930,2928,2909),(2932,2930,2909),
(2932,2909,2934),(2818,2934,2909),(2915,2577,2579),(2531,2533,2911),(2936,
2911,2533),(2937,2886,2910),(2593,2843,2591),(2591,2843,2845),(2912,2571,
2939),(2938,2818,2913),(2939,2571,2609),(2915,2940,2577),(2916,2941,2914),
(2615,2577,2940),(2936,2533,2529),(2936,2529,2943),(2942,2886,2937),(2591,
2845,2847),(2847,2629,2591),(2859,2372,2944),(2376,2944,2372),(2945,2946,
2858),(2860,2858,2946),(2862,2864,2948),(2863,2949,2333),(2950,2948,2864),
(2865,2952,2951),(2952,2865,2866),(2868,2374,2795),(2378,2795,2374),(2250,
2871,2252),(2954,2252,2871),(2955,2870,2956),(2872,2956,2870),(2939,2609,
2607),(2939,2607,2958),(2959,2818,2938),(2940,2961,2615),(2916,2960,2941),
(2613,2615,2961),(2529,2551,2943),(2962,2943,2551),(2963,2886,2942),(2629,
2847,2627),(2849,2627,2847),(2958,2607,2965),(2964,2818,2959),(2633,2965,
2607),(2613,2961,2637),(2966,2637,2961),(2916,2967,2960),(2962,2551,2969),
(2968,2886,2963),(2565,2969,2551),(2849,2643,2627),(2851,2643,2849),(2633,
2970,2965),(2971,2818,2964),(2657,2970,2633),(2637,2966,2973),(2916,2972,
2967),(2973,2665,2637),(2969,2565,2974),(2975,2886,2968),(2974,2565,2585),
(2643,2851,2829),(2829,2673,2643),(2657,2655,2970),(2977,2970,2655),(2976,
2978,2971),(2818,2971,2978),(2663,2665,2973),(2663,2973,2980),(2981,2972,
2916),(2974,2585,2983),(2982,2886,2975),(2587,2983,2585),(2829,2671,2673),
(2887,2671,2829),(2376,2984,2944),(2376,2380,2984),(2985,2986,2945),(2946,
2945,2986),(2950,2988,2948),(2990,2948,2988),(2949,2991,2333),(2951,2992,
2989),(2992,2951,2952),(2795,2378,2619),(2334,2619,2378),(2252,2954,2254),
(2254,2954,2994),(2995,2955,2996),(2956,2996,2955),(2655,2677,2977),(2998,
2977,2677),(2999,2978,2976),(2663,2980,2683),(2917,2683,2980),(2983,2587,
2583),(3000,2886,2982),(2583,3001,2983),(2887,2689,2671),(2886,3000,3002),
(3003,2689,2887),(2998,2677,3004),(3005,3006,2999),(2978,2999,3008),(3008,
2999,3010),(3010,2999,3012),(3012,2999,3014),(3016,3014,2999),(3018,3016,
2999),(3018,2999,3020),(3020,2999,3022),(3022,2999,3024),(3026,3024,2999),
(3028,3026,2999),(3028,2999,3030),(3030,2999,3032),(3032,2999,3034),(3034,
2999,3036),(3036,2999,3038),(3040,3038,2999),(3040,2999,3006),(3004,2677,
2707),(2917,2919,2683),(2697,2683,2919),(3001,2583,3042),(3002,3000,3044),
(3043,3044,3000),(3042,2583,2601),(3003,3045,2689),(3045,2719,2689),(2707,
2705,3004),(3046,3004,2705),(3047,3048,3005),(3006,3005,3050),(3050,3005,
3052),(3052,3005,3048),(2697,2919,2921),(2727,2697,2921),(2601,3054,3042),
(3043,3055,3044),(2621,3054,2601),(2719,3045,3057),(3055,3058,3044),(3056,
3044,3058),(3057,2717,2719),(2380,2382,2984),(2382,3060,2984),(2985,3061,
3062),(2986,2985,3064),(3062,3064,2985),(2988,3066,2990),(2991,3069,2333),
(3068,2990,3066),(2989,3070,3067),(3072,2989,2992),(3070,2989,3072),(2619,
2334,3074),(3077,2333,3069),(3076,3074,2334),(3078,2622,2618),(3078,2618,
3080),(2618,3075,3082),(3080,2618,3084),(3084,2618,3086),(3086,2618,3088),
(3088,2618,3090),(3092,3090,2618),(3092,2618,3094),(3094,2618,3082),(2254,
2994,2256),(3096,2256,2994),(3097,2995,3098),(2996,3100,2995),(3100,3098,
2995),(2705,2735,3046),(3102,3046,2735),(3047,3103,3104),(3048,3047,3106),
(3106,3047,3108),(3108,3047,3110),(3110,3047,3112),(3112,3047,3114),(3114,
3047,3116),(3118,3116,3047),(3120,3118,3047),(3120,3047,3122),(3122,3047,
3124),(3124,3047,3126),(3126,3047,3128),(3128,3047,3130),(3104,3132,3047),
(3130,3047,3134),(3136,3047,3132),(3134,3047,3138),(3140,3047,3136),(3138,
3047,3142),(3144,3047,3140),(3142,3047,3144),(2921,2743,2727),(2743,2921,
2923),(2621,2623,3054),(2623,3059,3054),(3057,2749,2717),(3146,3056,3058),
(2749,3057,3147),(3102,2735,3148),(3103,3149,3104),(3148,2735,2755),(2743,
2923,2741),(2925,2741,2923),(2623,3151,3059),(3152,3146,3058),(3150,3154,
3058),(3156,3152,3058),(3158,3156,3058),(3160,3158,3058),(3162,3160,3058),
(3162,3058,3164),(3164,3058,3166),(3166,3058,3168),(3168,3058,3170),(3172,
3170,3058),(3174,3172,3058),(3176,3174,3058),(3178,3176,3058),(3180,3178,
3058),(3182,3180,3058),(3184,3182,3058),(3186,3184,3058),(3188,3186,3058),
(3190,3188,3058),(3192,3190,3058),(3194,3192,3058),(3196,3194,3058),(3198,
3196,3058),(3198,3058,3200),(3200,3058,3202),(3202,3058,3204),(3204,3058,
3154),(3079,3151,2623),(3147,3153,2749),(3153,2767,2749),(3148,2755,2753),
(2753,3206,3148),(3149,3207,3208),(3208,3104,3149),(2925,2927,2741),(2927,
2777,2741),(3079,3210,3151),(3150,3211,3212),(3154,3150,3214),(3216,3214,
3150),(3218,3216,3150),(3218,3150,3220),(3220,3150,3222),(3222,3150,3224),
(3224,3150,3226),(3226,3150,3228),(3228,3150,3230),(3230,3150,3232),(3232,
3150,3234),(3236,3234,3150),(3238,3236,3150),(3240,3150,3212),(3242,3238,
3150),(3244,3150,3240),(3246,3242,3150),(3248,3150,3244),(3250,3246,3150),
(3252,3150,3248),(3254,3250,3150),(3252,3256,3150),(3258,3254,3150),(3256,
3260,3150),(3260,3258,3150),(3081,3210,3079),(3157,2767,3153),(3157,2765,
2767),(3060,2382,3262),(2384,3262,2382),(3061,3263,3062),(3066,3265,3068),
(3266,3077,3069),(3268,3068,3265),(3069,3269,3266),(3067,3070,3264),(3076,
3267,3074),(3270,3074,3267),(3075,3271,3082),(3273,2256,3096),(3273,2258,
2256),(3272,3097,3098),(3206,2753,3274),(3207,3275,3208),(2787,3274,2753),
(2927,2929,2777),(2775,2777,2929),(3210,3081,3085),(3085,3277,3210),(3211,
3276,3278),(3278,3280,3211),(3280,3212,3211),(3157,2801,2765),(3159,2801,
3157),(2787,2785,3274),(3282,3274,2785),(3275,3283,3208),(2775,2929,2809),
(2931,2809,2929),(3085,3285,3277),(3284,3278,3276),(3087,3285,3085),(3159,
3161,2801),(3161,2799,2801),(2785,2861,3282),(2861,3286,3282),(3283,3287,
3208),(2931,2867,2809),(2867,2931,2933),(3087,3089,3285),(3289,3285,3089),
(3288,3278,3284),(3161,3163,2799),(2873,2799,3163),(2384,3290,3262),(2386,
3290,2384),(3263,3291,3292),(3292,3062,3263),(3294,3268,3265),(3296,3266,
3269),(3269,3295,3296),(3294,3265,3298),(3299,3264,3300),(3302,3264,3070),
(3302,3300,3264),(3270,3267,3297),(3297,3304,3270),(3271,3305,3306),(3308,
3082,3271),(3306,3308,3271),(3273,2260,2258),(2260,3273,3310),(3311,3272,
3312),(3098,3312,3272),(3286,2861,3314),(3287,3315,3208),(2947,3314,2861),
(2933,2953,2867),(2935,2953,2933),(3289,3089,3091),(3091,3317,3289),(3316,
3278,3288),(2873,3163,2957),(3165,2957,3163),(2947,2987,3314),(3318,3314,
2987),(3315,3319,3208),(2935,2819,2953),(2993,2953,2819),(3321,3317,3091),
(3320,3278,3316),(3321,3091,3093),(2957,3165,2997),(3167,2997,3165),(2388,
3290,2386),(2388,3322,3290),(3291,3323,3324),(3326,3292,3291),(3324,3326,
3291),(3298,3328,3294),(3295,3331,3296),(3330,3294,3328),(3329,3299,3300),
(3333,3304,3297),(3334,3296,3331),(3333,3297,3335),(3305,3332,3306),(3336,
2260,3310),(2262,2260,3336),(3337,3311,3338),(3312,3340,3311),(3340,3338,
3311),(3318,2987,3342),(3319,3343,3208),(3065,3342,2987),(2993,2819,2979),
(2979,3073,2993),(3321,3093,3345),(3344,3278,3320),(3095,3345,3093),(3167,
3169,2997),(3101,2997,3169),(3063,3342,3065),(3063,3346,3342),(3343,3347,
3208),(3073,2979,3071),(3071,2979,3009),(3095,3083,3345),(3083,3349,3345),
(3348,3278,3344),(3169,3099,3101),(3099,3169,3171),(3063,3293,3346),(3350,
3346,3293),(3351,3208,3347),(3303,3071,3009),(3303,3009,3011),(3349,3083,
3353),(3352,3278,3348),(3309,3353,3083),(3171,3173,3099),(3173,3313,3099),
(3322,2388,3354),(2388,2390,3354),(3355,3324,3323),(3357,3330,3328),(3358,
3334,3331),(3331,3356,3358),(3300,3360,3329),(3357,3328,3362),(3363,3329,
3360),(3335,3365,3333),(3335,3359,3365),(3366,3306,3332),(3332,3364,3366),
(2264,2262,3336),(3368,2264,3336),(3369,3337,3338),(3293,3327,3350),(3371,
3350,3327),(3370,3208,3351),(3011,3013,3303),(3301,3303,3013),(3353,3309,
3372),(3373,3278,3352),(3307,3372,3309),(3173,3341,3313),(3341,3173,3175),
(3327,3325,3371),(3375,3371,3325),(3374,3208,3370),(3301,3013,3361),(3015,
3361,3013),(3372,3307,3367),(3376,3372,3367),(3377,3278,3373),(3175,3177,
3341),(3339,3341,3177),(2390,3379,3354),(3378,2389,2391),(3355,3380,3324),
(3355,3382,3380),(3384,3354,3379),(3355,3385,3382),(3362,3387,3357),(3356,
3388,3358),(3389,3357,3387),(3360,3390,3363),(3390,3392,3363),(3386,3363,
3392),(3359,3394,3365),(3395,3358,3388),(3396,3366,3364),(3398,3396,3364),
(3400,3365,3394),(3364,3401,3398),(3368,3403,2264),(3405,2264,3403),(3404,
2203,2263),(3338,3406,3369),(3406,3408,3369),(3402,3369,3408),(3375,3325,
3410),(3411,3208,3374),(3381,3410,3325),(3015,3017,3361),(3391,3361,3017),
(3376,3367,3413),(3412,3278,3377),(3397,3413,3367),(3177,3179,3339),(3179,
3407,3339),(3381,3383,3410),(3383,3414,3410),(3415,3208,3411),(3393,3391,
3017),(3393,3017,3019),(3397,3416,3413),(3417,3278,3412),(3416,3397,3399),
(3407,3179,3409),(3409,3179,3181),(3379,3419,3384),(3379,3421,3419),(3420,
3378,2391),(3385,3418,3382),(3383,3422,3414),(3423,3208,3415),(3424,3422,
3383),(3425,3382,3418),(3393,3019,3021),(3426,3386,3392),(3021,3428,3393),
(3392,3429,3426),(3389,3387,3431),(3432,3395,3388),(3388,3430,3434),(3432,
3388,3436),(3436,3388,3438),(3438,3388,3440),(3440,3388,3442),(3442,3388,
3444),(3444,3388,3446),(3446,3388,3448),(3448,3388,3450),(3450,3388,3452),
(3452,3388,3454),(3454,3388,3456),(3434,3456,3388),(3427,3431,3387),(3400,
3394,3433),(3401,3458,3398),(3433,3459,3400),(3399,3460,3416),(3462,3416,
3460),(3463,3278,3417),(3461,3398,3458),(3409,3181,3183),(3464,3402,3408),
(3183,3466,3409),(3408,3467,3464),(3405,3403,3469),(2203,3404,3468),(3465,
3469,3403),(3470,3422,3424),(3470,3472,3422),(3473,3208,3423),(3471,3425,
3418),(3428,3021,3475),(3023,3475,3021),(3429,3474,3426),(3462,3460,3476),
(3478,3462,3476),(3479,3278,3463),(3477,3461,3458),(3466,3183,3481),(3185,
3481,3183),(3467,3480,3464),(3472,3470,3482),(3483,3208,3473),(3418,3484,
3471),(3486,3482,3470),(3487,3471,3488),(3484,3488,3471),(3023,3490,3475),
(3490,3023,3025),(3492,3426,3474),(3474,3491,3494),(3494,3492,3474),(3478,
3476,3496),(3497,3278,3479),(3458,3498,3477),(3496,3476,3500),(3501,3477,
3498),(3503,3481,3185),(3503,3185,3187),(3504,3464,3480),(3480,3502,3506),
(3506,3504,3480),(3421,3508,3419),(3420,2391,3509),(3508,3485,3419),(3427,
3511,3431),(3510,3434,3430),(3493,3511,3427),(3459,3433,3499),(3437,3499,
3433),(3512,3469,3465),(3468,3513,2203),(3505,3512,3465),(3515,3482,3486),
(3515,3517,3482),(3516,3208,3483),(3514,3487,3488),(3490,3025,3518),(3027,
3518,3025),(3491,3519,3520),(3520,3494,3491),(3496,3500,3522),(3522,3524,
3496),(3525,3278,3497),(3523,3501,3526),(3498,3528,3501),(3528,3526,3501),
(3503,3187,3189),(3189,3530,3503),(3502,3531,3506),(3515,3533,3517),(3535,
3517,3533),(3534,3208,3516),(3532,3514,3536),(3488,3536,3514),(3027,3029,
3518),(3538,3518,3029),(3519,3539,3520),(3524,3522,3541),(3540,3542,3525),
(3278,3525,3542),(3541,3522,3544),(3545,3523,3526),(3189,3191,3530),(3547,
3530,3191),(3531,3546,3548),(3548,3506,3531),(3508,3550,3485),(3551,3509,
2391),(3489,3485,3550),(3495,3511,3493),(3495,3553,3511),(3510,3552,3434),
(3437,3439,3499),(3439,3529,3499),(3505,3507,3512),(3555,3512,3507),(3513,
3554,2203),(3535,3533,3556),(3558,3535,3556),(3559,3208,3534),(3557,3532,
3560),(3536,3562,3532),(3562,3560,3532),(3029,3031,3538),(3031,3564,3538),
(3539,3565,3566),(3568,3520,3539),(3566,3568,3539),(3541,3544,3570),(3570,
3572,3541),(3574,3540,3573),(3574,3576,3540),(3578,3540,3576),(3580,3540,
3578),(3582,3540,3580),(3584,3540,3582),(3586,3540,3584),(3588,3540,3586),
(3542,3540,3588),(3571,3545,3590),(3526,3592,3545),(3592,3590,3545),(3191,
3594,3547),(3594,3191,3193),(3546,3595,3596),(3598,3548,3546),(3596,3598,
3546),(3558,3556,3600),(3559,3601,3208),(3602,3600,3556),(3603,3557,3560),
(3605,3564,3031),(3605,3031,3033),(3604,3566,3565),(3570,3606,3572),(3574,
3573,3607),(3606,3570,3608),(3609,3571,3590),(3594,3193,3195),(3195,3611,
3594),(3610,3596,3595),(3600,3602,3612),(3601,3613,3208),(3614,3612,3602),
(3615,3603,3616),(3560,3616,3603),(3605,3033,3035),(3035,3618,3605),(3619,
3620,3604),(3566,3604,3620),(3606,3608,3622),(3622,3624,3606),(3574,3607,
3625),(3623,3609,3590),(3195,3627,3611),(3627,3195,3197),(3626,3628,3610),
(3596,3610,3628),(3550,3630,3489),(3551,2391,3631),(3537,3489,3630),(3495,
3521,3553),(3633,3553,3521),(3632,3434,3552),(3529,3439,3527),(3527,3439,
3441),(3507,3634,3555),(3554,3635,2203),(3634,3507,3549),(3614,3637,3612),
(3639,3612,3637),(3638,3208,3613),(3636,3615,3640),(3616,3642,3615),(3642,
3640,3615),(3035,3644,3618),(3644,3035,3037),(3645,3646,3619),(3620,3619,
3648),(3648,3619,3646),(3624,3622,3650),(3574,3625,3651),(3650,3622,3652),
(3653,3623,3590),(3627,3197,3199),(3655,3627,3199),(3654,3656,3626),(3628,
3626,3658),(3658,3626,3656),(3639,3637,3660),(3661,3208,3638),(3662,3660,
3637),(3663,3636,3640),(3037,3039,3644),(3665,3644,3039),(3645,3664,3646),
(3650,3652,3666),(3574,3651,3667),(3652,3668,3666),(3669,3653,3590),(3655,
3199,3671),(3671,3199,3201),(3654,3670,3656),(3630,3672,3537),(3631,2391,
3673),(3563,3537,3672),(3521,3569,3633),(3675,3633,3569),(3632,3674,3434),
(3527,3441,3593),(3443,3593,3441),(3634,3549,3599),(3676,3634,3599),(3677,
2203,3635),(3679,3660,3662),(3679,3681,3660),(3680,3208,3661),(3678,3663,
3682),(3640,3684,3663),(3684,3682,3663),(3039,3041,3665),(3686,3665,3041),
(3664,3687,3688),(3688,3646,3664),(3668,3690,3666),(3692,3666,3690),(3574,
3667,3693),(3691,3669,3694),(3590,3694,3669),(3671,3201,3203),(3696,3671,
3203),(3670,3697,3698),(3700,3656,3670),(3698,3700,3670),(3681,3679,3702),
(3703,3208,3680),(3704,3702,3679),(3678,3682,3705),(3686,3041,3007),(3007,
3707,3686),(3687,3706,3708),(3710,3688,3687),(3708,3710,3687),(3692,3690,
3712),(3712,3714,3692),(3574,3693,3715),(3691,3716,3713),(3694,3718,3691),
(3720,3691,3718),(3716,3691,3720),(3203,3722,3696),(3722,3203,3205),(3697,
3723,3698),(3725,3702,3704),(3727,3702,3725),(3726,3208,3703),(3705,3728,
3724),(3730,3705,3682),(3728,3705,3730),(3007,3732,3707),(3051,3732,3007),
(3706,3733,3708),(3712,3735,3714),(3715,3734,3574),(3735,3712,3737),(3713,
3716,3736),(3722,3205,3155),(3155,3738,3722),(3739,3740,3723),(3742,3698,
3723),(3742,3723,3740),(3563,3672,3561),(3744,3561,3672),(3745,3673,2391),
(3569,3747,3675),(3746,3434,3674),(3567,3747,3569),(3593,3443,3445),(3591,
3593,3445),(3599,3597,3676),(3748,3676,3597),(3677,3749,2203),(3727,3725,
3751),(3750,3752,3726),(3754,3726,3752),(3756,3726,3754),(3758,3726,3756),
(3760,3726,3758),(3762,3726,3760),(3764,3726,3762),(3766,3726,3764),(3768,
3726,3766),(3208,3726,3768),(3770,3751,3725),(3724,3728,3771),(3051,3053,
3732),(3773,3732,3053),(3772,3774,3733),(3774,3708,3733),(3735,3737,3776),
(3777,3574,3734),(3778,3776,3737),(3736,3780,3779),(3780,3736,3716),(3782,
3738,3155),(3215,3782,3155),(3783,3740,3739),(3751,3770,3785),(3750,3784,
3752),(3787,3785,3770),(3771,3788,3786),(3790,3771,3728),(3788,3771,3790),
(3773,3053,3049),(3049,3792,3773),(3793,3794,3772),(3774,3772,3796),(3796,
3772,3794),(3776,3778,3798),(3798,3575,3776),(3779,3800,3799),(3802,3779,
3780),(3800,3779,3802),(3215,3217,3782),(3804,3782,3217),(3805,3806,3783),
(3740,3783,3808),(3808,3783,3806),(3787,3810,3785),(3811,3812,3784),(3812,
3752,3784),(3814,3810,3787),(3786,3788,3815),(3792,3049,3817),(3107,3817,
3049),(3816,3794,3793),(3798,3818,3575),(3577,3575,3818),(3799,3800,3819),
(3821,3804,3217),(3821,3217,3219),(3820,3806,3805),(3744,3617,3561),(3744,
3822,3617),(2391,3823,3745),(3567,3621,3747),(3825,3747,3621),(3824,3434,
3746),(3445,3447,3591),(3695,3591,3447),(3629,3748,3597),(3826,3748,3629),
(3827,2203,3749),(3829,3810,3814),(3829,3813,3810),(3815,3830,3828),(3832,
3815,3788),(3830,3815,3832),(3817,3107,3834),(3109,3834,3107),(3835,3836,
3816),(3794,3816,3838),(3838,3816,3836),(3577,3818,3579),(3840,3579,3818),
(3819,3842,3841),(3844,3819,3800),(3842,3819,3844),(3821,3219,3846),(3221,
3846,3219),(3847,3848,3820),(3806,3820,3850),(3850,3820,3848),(3829,3753,
3813),(3852,3753,3829),(3853,3828,3854),(3830,3854,3828),(3109,3111,3834),
(3856,3834,3111),(3857,3858,3835),(3836,3835,3858),(3579,3840,3581),(3581,
3840,3860),(3841,3862,3861),(3862,3841,3842),(3846,3221,3223),(3846,3223,
3864),(3865,3866,3847),(3848,3847,3866),(3868,3753,3852),(3868,3755,3753),
(3869,3853,3854),(3856,3111,3871),(3113,3871,3111),(3870,3858,3857),(3581,
3860,3872),(3872,3583,3581),(3861,3862,3873),(3223,3875,3864),(3225,3875,
3223),(3874,3866,3865),(3822,3876,3617),(3823,2391,3877),(3876,3643,3617),
(3649,3825,3621),(3879,3825,3649),(3878,3434,3824),(3447,3449,3695),(3449,
3880,3695),(3882,3694,3881),(3882,3718,3694),(3884,3826,3629),(3885,2203,
3827),(3659,3884,3629),(3868,3887,3755),(3757,3755,3887),(3886,3869,3888),
(3854,3890,3869),(3890,3888,3869),(3871,3113,3115),(3871,3115,3892),(3893,
3894,3870),(3858,3870,3896),(3896,3870,3894),(3583,3872,3585),(3898,3585,
3872),(3873,3900,3899),(3902,3873,3862),(3900,3873,3902),(3875,3225,3904),
(3227,3904,3225),(3905,3906,3874),(3866,3874,3908),(3908,3874,3906),(3887,
3759,3757),(3910,3759,3887),(3911,3886,3888),(3892,3115,3117),(3892,3117,
3913),(3912,3894,3893),(3898,3914,3585),(3587,3585,3914),(3899,3900,3915),
(3904,3227,3229),(3904,3229,3917),(3916,3906,3905),(3910,3918,3759),(3761,
3759,3918),(3919,3911,3920),(3888,3922,3911),(3922,3920,3911),(3913,3117,
3924),(3117,3119,3924),(3925,3926,3912),(3894,3912,3928),(3928,3912,3926),
(3914,3589,3587),(3930,3589,3914),(3931,3915,3932),(3900,3934,3915),(3934,
3932,3915),(3229,3231,3917),(3936,3917,3231),(3937,3938,3916),(3906,3916,
3940),(3940,3916,3938),(3761,3918,3763),(3942,3763,3918),(3943,3919,3944),
(3920,3944,3919),(3119,3121,3924),(3946,3924,3121),(3925,3947,3948),(3926,
3925,3948),(3589,3930,3543),(3950,3543,3930),(3951,3931,3952),(3932,3952,
3931),(3936,3231,3954),(3954,3231,3233),(3937,3955,3956),(3938,3937,3956),
(3876,3958,3643),(3877,2391,3959),(3641,3643,3958),(3879,3649,3961),(3960,
3434,3878),(3647,3961,3649),(3880,3449,3883),(3449,3451,3883),(3659,3962,
3884),(3963,2203,3885),(3657,3962,3659),(3765,3763,3942),(3765,3942,3965),
(3964,3943,3944),(3946,3121,3966),(3123,3966,3121),(3947,3967,3948),(3950,
3969,3543),(3969,3279,3543),(3968,3951,3952),(3954,3233,3235),(3235,3970,
3954),(3955,3971,3956),(3765,3965,3973),(3973,3767,3765),(3964,3974,3972),
(3944,3976,3964),(3974,3964,3976),(3123,3125,3966),(3978,3966,3125),(3967,
3979,3980),(3982,3948,3967),(3980,3982,3967),(3279,3969,3281),(3984,3281,
3969),(3985,3968,3986),(3952,3988,3968),(3988,3986,3968),(3970,3235,3990),
(3990,3235,3237),(3971,3991,3992),(3994,3956,3971),(3992,3994,3971),(3767,
3973,3769),(3996,3769,3973),(3997,3972,3998),(3974,3998,3972),(3978,3125,
3127),(4000,3978,3127),(3979,4001,4002),(4002,3980,3979),(3984,3213,3281),
(3213,3984,4004),(4005,3985,4006),(3986,4006,3985),(3990,3237,4008),(3239,
4008,3237),(3991,4009,4010),(4010,3992,3991),(3769,3996,4012),(3209,3769,
4012),(4013,3997,3998),(3127,3129,4000),(4015,4000,3129),(4001,4014,4002),
(4004,4016,3213),(3241,3213,4016),(4017,4005,4006),(4008,3239,3243),(3243,
4019,4008),(4009,4018,4010),(3209,4012,4020),(4020,3105,3209),(4021,4013,
4022),(3998,4024,4013),(4024,4022,4013),(4015,3129,4026),(3131,4026,3129),
(4014,4027,4028),(4030,4002,4014),(4028,4030,4014),(4016,4032,3241),(4032,
3245,3241),(4033,4017,4034),(4006,4036,4017),(4036,4034,4017),(3243,4038,
4019),(3243,3247,4038),(4018,4039,4040),(4042,4010,4018),(4040,4042,4018),
(3105,4020,3133),(3133,4020,4044),(4021,4022,4045),(3131,4047,4026),(3135,
4047,3131),(4027,4046,4028),(4032,4048,3245),(3249,3245,4048),(4033,4034,
4049),(3247,3251,4038),(4051,4038,3251),(4039,4050,4040),(3133,4044,3137),
(4052,3137,4044),(4045,4054,4053),(4056,4045,4022),(4054,4045,4056),(3135,
3139,4047),(4058,4047,3139),(4046,4059,4060),(4060,4028,4046),(4048,3253,
3249),(3253,4048,4062),(4049,4064,4063),(4064,4049,4034),(4051,3251,3255),
(4066,4051,3255),(4050,4067,4068),(4070,4040,4050),(4068,4070,4050),(4052,
4072,3137),(3141,3137,4072),(4053,4074,4073),(4074,4053,4054),(4058,3139,
4076),(3143,4076,3139),(4059,4077,4078),(4080,4060,4059),(4078,4080,4059),
(4062,4082,3253),(3257,3253,4082),(4083,4063,4084),(4086,4063,4064),(4084,
4063,4086),(4066,3255,4088),(4088,3255,3259),(4067,4089,4090),(4090,4068,
4067),(3958,4092,3641),(3959,2391,4093),(3685,3641,4092),(3647,3689,3961),
(4095,3961,3689),(4094,3434,3960),(3883,3451,3453),(3453,3719,3883),(3657,
3701,3962),(4097,3962,3701),(4096,2203,3963),(4072,3145,3141),(4098,3145,
4072),(4073,4074,4099),(3143,3145,4076),(4098,4076,3145),(4077,4099,4078),
(4082,4101,3257),(3261,3257,4101),(4083,4084,4100),(4088,3259,3261),(3261,
4101,4088),(4089,4100,4090),(4102,4099,4074),(4102,4078,4099),(4104,4100,
4084),(4104,4090,4100),(3685,4092,3683),(4106,3683,4092),(4093,2391,4107),
(3689,4109,4095),(4108,3434,4094),(4109,3689,3711),(3721,3719,3453),(3455,
3721,3453),(4097,3701,3699),(4110,4097,3699),(4096,4111,2203),(3683,4106,
3731),(4113,3731,4106),(4112,4107,2391),(3711,3709,4109),(3709,4114,4109),
(4115,3434,4108),(3457,3721,3455),(3457,3717,3721),(4110,3699,4117),(4116,
2203,4111),(4117,3699,3743),(4113,4118,3731),(4112,2391,4119),(3729,3731,
4118),(3709,3775,4114),(4121,4114,3775),(4115,4120,3434),(3457,3781,3717),
(4122,3781,3457),(3456,3434,4123),(3743,4125,4117),(4116,4124,2203),(4125,
3743,3741),(3729,4118,3791),(4126,3791,4118),(4119,2391,4127),(4121,3775,
4129),(4128,3434,4120),(3797,4129,3775),(4130,3781,4122),(4123,3434,4131),
(4130,3803,3781),(3741,3809,4125),(4133,4125,3809),(4132,2203,4124),(3791,
4126,3789),(4134,3789,4126),(4127,2391,4135),(4129,3797,3795),(4129,3795,
4137),(4136,3434,4128),(3801,3803,4130),(4138,3801,4130),(4131,3434,4139),
(3809,4141,4133),(4140,2203,4132),(4141,3809,3807),(4134,3833,3789),(4142,
3833,4134),(4135,2391,4143),(3795,4145,4137),(4144,3434,4136),(4145,3795,
3839),(4146,3801,4138),(4139,3434,4147),(4146,3845,3801),(3807,3851,4141),
(4149,4141,3851),(4148,2203,4140),(4142,4150,3833),(4143,2391,4151),(4150,
3831,3833),(3839,3837,4145),(4153,4145,3837),(4152,3434,4144),(4146,3843,
3845),(4154,3843,4146),(4147,3434,4155),(4149,3851,4157),(4156,2203,4148),
(3849,4157,3851),(3831,4150,3855),(4158,3855,4150),(4151,2391,4159),(3837,
3859,4153),(3859,4161,4153),(4160,3434,4152),(3843,4154,4162),(4155,3434,
4163),(4162,3863,3843),(3849,3867,4157),(4165,4157,3867),(4164,2203,4156),
(4158,4166,3855),(4159,2391,4167),(3891,3855,4166),(4161,3859,3897),(4169,
4161,3897),(4160,4168,3434),(3863,4162,3903),(3903,4162,4170),(4163,3434,
4171),(4165,3867,4173),(4172,2203,4164),(3909,4173,3867),(3891,4166,3889),
(4174,3889,4166),(4167,2391,4175),(4177,4169,3897),(4176,3434,4168),(4177,
3897,3895),(3903,4170,3901),(4170,4178,3901),(4171,3434,4179),(4173,3909,
4181),(4172,4180,2203),(3907,4181,3909),(3889,4174,3923),(4182,3923,4174),
(4175,2391,4183),(4177,3895,4185),(4184,3434,4176),(3929,4185,3895),(3901,
4178,4186),(4179,3434,4187),(3935,3901,4186),(3907,3941,4181),(3941,4189,
4181),(4180,4188,2203),(4182,3921,3923),(4182,4190,3921),(4183,2391,4191),
(3929,3927,4185),(4193,4185,3927),(3434,4184,4192),(3935,4186,3933),(4194,
3933,4186),(4187,3434,4195),(4197,4189,3941),(4196,2203,4188),(4197,3941,
3939),(4190,4198,3921),(4191,2391,4199),(3945,3921,4198),(4193,3927,3949),
(4201,4193,3949),(4192,4200,3434),(3933,4194,3953),(4202,3953,4194),(4195,
3434,4203),(3939,3957,4197),(4205,4197,3957),(4204,2203,4196),(4198,3977,
3945),(3977,4198,4206),(4207,4199,2391),(4201,3949,4209),(4208,3434,4200),
(3983,4209,3949),(4210,3953,4202),(4203,3434,4211),(4210,3989,3953),(4205,
3957,4213),(4212,2203,4204),(3995,4213,3957),(4206,4214,3977),(4215,4207,
2391),(3975,3977,4214),(4209,3983,4217),(4216,3434,4208),(3981,4217,3983),
(4210,3987,3989),(4218,3987,4210),(4211,3434,4219),(3995,3993,4213),(4221,
4213,3993),(4220,2203,4212),(3975,4214,3999),(4222,3999,4214),(4215,2391,
4223),(3981,4003,4217),(4225,4217,4003),(4216,4224,3434),(4218,4226,3987),
(4227,4219,3434),(4007,3987,4226),(4221,3993,4011),(4229,4221,4011),(4228,
2203,4220),(4222,4230,3999),(4223,2391,4231),(4025,3999,4230),(4003,4233,
4225),(4232,3434,4224),(4003,4031,4233),(4226,4037,4007),(4234,4037,4226),
(4227,3434,4235),(4237,4229,4011),(4236,2203,4228),(4237,4011,4043),(4025,
4230,4023),(4238,4023,4230),(4231,2391,4239),(4233,4031,4029),(4029,4241,
4233),(4232,4240,3434),(4037,4234,4242),(4243,4235,3434),(4242,4035,4037),
(4237,4043,4245),(4244,2203,4236),(4041,4245,4043),(4246,4023,4238),(4247,
4239,2391),(4246,4057,4023),(4029,4061,4241),(4249,4241,4061),(4240,4248,
3434),(4242,4065,4035),(4250,4065,4242),(4243,3434,4251),(4041,4071,4245),
(4253,4245,4071),(4252,2203,4244),(4055,4057,4246),(4055,4246,4254),(4247,
2391,4255),(4061,4081,4249),(4257,4249,4081),(4256,3434,4248),(4250,4258,
4065),(4259,4251,3434),(4087,4065,4258),(4253,4071,4261),(4260,2203,4252),
(4069,4261,4071),(4254,4075,4055),(4075,4254,4262),(4255,2391,4263),(4081,
4079,4257),(4265,4257,4079),(4264,3434,4256),(4258,4085,4087),(4266,4085,
4258),(4267,4259,3434),(4261,4069,4269),(4268,2203,4260),(4091,4269,4069),
(4075,4262,4103),(4270,4103,4262),(4271,4263,2391),(4265,4079,4270),(4271,
2391,4264),(3434,4264,2391),(4103,4270,4079),(4266,4273,4085),(4267,3434,
4272),(4273,4105,4085),(4091,4105,4269),(4273,4269,4105),(4268,4272,2203),
(3434,2203,4272),(3435,2393,53),(53,2396,3435),(52,41,2394),(2396,2204,
3435),(2400,2394,41),(42,57,2426),(42,2426,2402),(22,2425,56),(22,2428,
2425),(2429,24,12),(18,2429,12)),());
#62=COMPLEX_TRIANGULATED_FACE('ConvergentBody',#65,1024,((-1.,0.,0.),(0.,
0.,1.),(-1.,0.,0.),(0.,0.,-1.),(0.,0.,-1.),(-0.998703343060763,-0.0509080795086154,
0.),(-0.998703343060763,0.0509080795086154,0.),(0.,0.,-1.),(0.,0.,-1.),
(0.555817213881273,0.831304531897462,0.),(-0.998703343060763,-0.0509080795086154,
0.),(0.,0.,1.),(0.,0.,1.),(-0.998648618353014,-0.0519705403244607,0.),(-0.998703343060763,
0.0509080795086154,0.),(0.,0.,1.),(0.,0.,1.),(-0.998648618353015,0.0519705403244454,
0.),(0.,0.,1.),(-1.,0.,0.),(-0.994775822502022,-0.102083607721449,0.),(0.,
0.,1.),(-0.994775822502022,-0.102083607721449,0.),(0.,0.,-1.),(0.,0.,-1.),
(-0.994775822502022,0.102083607721449,0.),(-0.994775822502022,0.102083607721449,
0.),(0.,0.,1.),(0.,0.,1.),(-0.989752918007117,-0.142790620477667,0.),(-0.989752918007117,
-0.142790620477667,0.),(0.,0.,-1.),(0.,0.,1.),(-0.994486320448004,-0.104866383754713,
0.),(-0.989752918007117,0.142790620477667,0.),(0.,0.,-1.),(0.,0.,-1.),(0.515253441578814,
0.857037858522707,0.),(-0.989752918007117,0.142790620477667,0.),(0.,0.,
1.),(0.,0.,1.),(-0.99448632044795,0.104866383755219,0.),(-0.981168325714023,
-0.19315464430228,0.),(0.,0.,1.),(-0.981168325714023,-0.19315464430228,
0.),(0.,0.,-1.),(0.,0.,1.),(-0.982167696812445,-0.188006955557862,0.),(0.,
0.,1.),(-0.989100438293459,-0.147242395279644,0.),(-0.981168325714048,0.193154644302157,
0.),(0.,0.,-1.),(-0.981168325714048,0.193154644302157,0.),(0.,0.,1.),(0.,
0.,1.),(-0.982167696812451,0.188006955557834,0.),(0.,0.,1.),(-0.98910043829348,
0.147242395279504,0.),(-0.969843398784999,-0.2437289105403,0.),(0.,0.,1.),
(-0.969843398784999,-0.2437289105403,0.),(0.,0.,-1.),(0.,0.,1.),(-0.970732485857629,
-0.240163362944202,0.),(-0.969843398784993,0.243728910540323,0.),(0.,0.,
-1.),(-0.969843398784993,0.243728910540323,0.),(0.,0.,1.),(0.,0.,1.),(-0.970732485857685,
0.240163362943976,0.),(-0.956962889172937,-0.290210318124262,0.),(0.,0.,
1.),(-0.956962889172937,-0.290210318124262,0.),(0.,0.,-1.),(0.,0.,-1.),
(-0.956962889172894,0.290210318124404,0.),(-0.956962889172894,0.290210318124404,
0.),(0.,0.,1.),(0.,0.,1.),(-0.941255867921619,-0.337694227228007,0.),(-0.941255867921619,
-0.337694227228007,0.),(0.,0.,-1.),(0.,0.,1.),(-0.955756794435853,-0.294158035568813,
0.),(-0.941255867921619,0.337694227228007,0.),(0.,0.,-1.),(-0.941255867921619,
0.337694227228007,0.),(0.,0.,1.),(0.,0.,1.),(-0.955756794435696,0.294158035569323,
0.),(-0.923881735933031,-0.382678112791114,0.),(0.,0.,1.),(-0.923881735933031,
-0.382678112791114,0.),(0.,0.,-1.),(0.,0.,1.),(-0.923413110291838,-0.383807539974338,
0.),(0.,0.,1.),(-0.942260255493077,-0.334881487870143,0.),(-0.923881735933021,
0.382678112791139,0.),(0.,0.,-1.),(-0.923881735933021,0.382678112791139,
0.),(0.,0.,1.),(0.,0.,1.),(-0.923413110291825,0.383807539974371,0.),(0.,
0.,1.),(-0.942260255492947,0.334881487870509,0.),(-0.904354355162621,-0.426782380491978,
0.),(0.,0.,1.),(-0.904354355162621,-0.426782380491978,0.),(0.,0.,-1.),(0.,
0.,-1.),(-0.904354355162647,0.426782380491924,0.),(-0.904354355162647,0.426782380491924,
0.),(0.,0.,1.),(0.,0.,1.),(-0.880773455897565,-0.473537875345004,0.),(-0.880773455897565,
-0.473537875345004,0.),(0.,0.,-1.),(0.,0.,1.),(-0.881414444149214,-0.47234370710864,
0.),(0.,0.,1.),(-0.904556009119465,-0.426354812762641,0.),(-0.88077345589758,
0.473537875344976,0.),(0.,0.,-1.),(0.,0.,-1.),(-0.857033781532225,0.515260222909332,
0.),(0.,0.,-1.),(-0.831293903891739,0.555833109262513,0.),(0.,0.,-1.),(-0.80365037522142,
0.595101734501313,0.),(0.,0.,-1.),(-0.774812422550769,0.632191197234673,
0.),(0.,0.,-1.),(-0.739529374846214,0.673124285507192,0.),(0.,0.,-1.),(-0.707106781186645,
0.70710678118645,0.),(0.,0.,-1.),(-0.673122811037565,0.739530716915049,
0.),(0.,0.,-1.),(-0.632192398413393,0.774811442473795,0.),(0.,0.,-1.),(-0.595109110102472,
0.803644913548916,0.),(0.,0.,-1.),(-0.555817213881265,0.831304531897467,
0.),(0.,0.,-1.),(-0.515253441578806,0.857037858522712,0.),(0.,0.,-1.),(-0.473537437165806,
0.880773691479508,0.),(0.,0.,-1.),(-0.426781814165831,0.90435462242271,
0.),(0.,0.,-1.),(-0.382703934396124,0.923871040025461,0.),(0.,0.,-1.),(-0.337699011564791,
0.9412541514321,0.),(0.,0.,-1.),(-0.290206876139802,0.956963932988688,0.),
(0.,0.,-1.),(-0.243713081785677,0.96984737653227,0.),(0.,0.,-1.),(-0.193126731725958,
0.981173820223945,0.),(0.,0.,-1.),(-0.142790731532938,0.989752901985283,
0.),(0.,0.,-1.),(-0.102112473508,0.994772859880123,0.),(0.,0.,-1.),(-0.0509176736305716,
0.998702853962104,0.),(0.,0.,-1.),(0.,1.,0.),(0.,0.,-1.),(0.0509176736305727,
0.998702853962103,0.),(0.,0.,-1.),(0.102112473508001,0.994772859880122,
0.),(0.,0.,-1.),(0.142790731532941,0.989752901985282,0.),(0.,0.,-1.),(0.193126731725957,
0.981173820223945,0.),(0.,0.,-1.),(0.243713081785645,0.969847376532279,
0.),(0.,0.,-1.),(0.290206876139853,0.956963932988672,0.),(0.,0.,-1.),(0.337699011565185,
0.941254151431959,0.),(0.,0.,-1.),(0.382703934396123,0.923871040025462,
0.),(0.,0.,-1.),(0.426781814165818,0.904354622422716,0.),(0.,0.,-1.),(0.473537437165806,
0.880773691479508,0.),(-0.88077345589758,0.473537875344976,0.),(0.,0.,1.),
(0.,0.,1.),(-0.881414444149422,0.472343707108251,0.),(0.,0.,1.),(-0.904556009119682,
0.426354812762181,0.),(-0.857033781532089,-0.515260222909557,0.),(0.,0.,
1.),(-0.857033781532089,-0.515260222909557,0.),(0.,0.,-1.),(-0.857033781532225,
0.515260222909332,0.),(0.,0.,1.),(0.,0.,1.),(-0.831293903891774,-0.555833109262459,
0.),(-0.831293903891774,-0.555833109262459,0.),(0.,0.,-1.),(0.,0.,1.),(-0.833656195457554,
-0.552283756573771,0.),(0.,0.,1.),(-0.858442957822837,-0.512909044728574,
0.),(-0.831293903891739,0.555833109262513,0.),(0.,0.,1.),(0.,0.,1.),(-0.833656195457554,
0.552283756573771,0.),(0.,0.,1.),(-0.858442957822537,0.512909044729077,
0.),(-0.803650375221615,-0.595101734501049,0.),(0.,0.,1.),(-0.803650375221615,
-0.595101734501049,0.),(0.,0.,-1.),(-0.80365037522142,0.595101734501313,
0.),(0.,0.,1.),(-0.774812422550769,-0.632191197234673,0.),(0.,0.,-1.),(-0.774812422550769,
-0.632191197234673,0.),(0.,0.,1.),(0.,0.,1.),(-0.771703372583788,-0.635982629277567,
0.),(0.,0.,1.),(-0.803730537270467,-0.594993465055648,0.),(-0.774812422550769,
0.632191197234673,0.),(0.,0.,1.),(0.,0.,1.),(-0.771703372583854,0.635982629277487,
0.),(0.,0.,1.),(-0.803730537270414,0.594993465055719,0.),(-0.739529374845984,
-0.673124285507445,0.),(0.,0.,1.),(-0.739529374845984,-0.673124285507445,
0.),(0.,0.,-1.),(-0.739529374846214,0.673124285507192,0.),(0.,0.,1.),(0.,
0.,1.),(-0.707106781186656,-0.707106781186439,0.),(-0.707106781186656,-0.707106781186439,
0.),(0.,0.,-1.),(0.,0.,1.),(-0.732668113047993,-0.68058609750912,0.),(-0.707106781186645,
0.70710678118645,0.),(0.,0.,1.),(0.,0.,1.),(-0.73266811304854,0.680586097508531,
0.),(-0.673122811037829,-0.739530716914809,0.),(0.,0.,-1.),(-0.673122811037829,
-0.739530716914809,0.),(0.,0.,1.),(0.,0.,1.),(-0.680555986466094,-0.732696082482473,
0.),(0.,0.,1.),(-0.707116091061261,-0.707097471189257,0.),(-0.673122811037565,
0.739530716915049,0.),(0.,0.,1.),(0.,0.,1.),(-0.680555986465553,0.732696082482975,
0.),(0.,0.,1.),(-0.707116091061248,0.70709747118927,0.),(-0.632192398413393,
-0.774811442473795,0.),(0.,0.,-1.),(-0.632192398413393,-0.774811442473795,
0.),(0.,0.,1.),(0.,0.,1.),(-0.635937854224674,-0.771740270793301,0.),(-0.632192398413393,
0.774811442473795,0.),(0.,0.,1.),(0.,0.,1.),(-0.635937854225304,0.771740270792782,
0.),(-0.595109110102518,-0.803644913548881,0.),(0.,0.,-1.),(-0.595109110102518,
-0.803644913548881,0.),(0.,0.,1.),(0.,0.,1.),(-0.595109110102472,0.803644913548916,
0.),(-0.555817213881263,-0.831304531897469,0.),(0.,0.,-1.),(-0.555817213881263,
-0.831304531897469,0.),(0.,0.,1.),(0.,0.,1.),(-0.552307549159782,-0.833640432765299,
0.),(0.,0.,1.),(-0.594999756732787,-0.803725879568354,0.),(-0.555817213881265,
0.831304531897467,0.),(0.,0.,1.),(0.,0.,1.),(-0.552307549159726,0.833640432765336,
0.),(0.,0.,1.),(-0.594999756733428,0.803725879567879,0.),(-0.515253441578334,
-0.857037858522996,0.),(0.,0.,-1.),(-0.515253441578334,-0.857037858522996,
0.),(0.,0.,1.),(0.,0.,1.),(-0.515253441578806,0.857037858522712,0.),(-0.473537437165819,
-0.880773691479501,0.),(0.,0.,1.),(-0.473537437165819,-0.880773691479501,
0.),(0.,0.,-1.),(0.,0.,1.),(-0.472327407161355,-0.88142317898058,0.),(0.,
0.,1.),(-0.512938471377989,-0.858425375079518,0.),(-0.473537437165806,0.880773691479508,
0.),(0.,0.,1.),(0.,0.,1.),(-0.472327407160577,0.881423178980997,0.),(0.,
0.,1.),(-0.512938471377966,0.858425375079532,0.),(-1.,0.,0.),(0.,0.,1.),
(0.,0.,1.),(-0.998648618353015,0.0519705403244454,0.),(-0.998648618353014,
-0.0519705403244607,0.),(0.,0.,1.),(0.,0.,1.),(0.147247245769852,0.989099716213281,
0.),(-0.994486320448004,-0.104866383754713,0.),(0.,0.,1.),(0.,0.,1.),(-0.99448632044795,
0.104866383755219,0.),(-0.989100438293459,-0.147242395279644,0.),(0.,0.,
1.),(0.,0.,1.),(-0.98910043829348,0.147242395279504,0.),(-0.982167696812445,
-0.188006955557862,0.),(0.,0.,1.),(0.,0.,1.),(-0.982167696812451,0.188006955557834,
0.),(-0.970732485857629,-0.240163362944202,0.),(0.,0.,1.),(0.,0.,1.),(-0.732668113047993,
-0.68058609750912,0.),(0.,0.,1.),(-0.707116091061261,-0.707097471189257,
0.),(0.,0.,1.),(-0.680555986466094,-0.732696082482473,0.),(0.,0.,1.),(-0.635937854224674,
-0.771740270793301,0.),(0.,0.,1.),(-0.594999756732787,-0.803725879568354,
0.),(0.,0.,1.),(-0.552307549159782,-0.833640432765299,0.),(0.,0.,1.),(-0.512938471377989,
-0.858425375079518,0.),(0.,0.,1.),(-0.472327407161355,-0.88142317898058,
0.),(0.,0.,1.),(-0.426363773328715,-0.904551785578305,0.),(0.,0.,1.),(-0.383826165048684,
-0.923405368743338,0.),(0.,0.,1.),(-0.334863400507387,-0.942266683588372,
0.),(0.,0.,1.),(-0.294172089644221,-0.95575246882985,0.),(0.,0.,1.),(-0.240186300644484,
-0.970726810685023,0.),(0.,0.,1.),(-0.187970454718694,-0.982174683115406,
0.),(0.,0.,1.),(-0.147247245769647,-0.989099716213311,0.),(0.,0.,1.),(-0.104887443405532,
-0.994484099528922,0.),(0.,0.,1.),(-0.0519335905927614,-0.998650540563687,
0.),(0.,0.,1.),(0.,-1.,0.),(0.,0.,1.),(0.0519335905927196,-0.998650540563689,
0.),(0.,0.,1.),(0.10488744340556,-0.994484099528919,0.),(0.,0.,1.),(0.14724724576971,
-0.989099716213302,0.),(0.,0.,1.),(0.187970454718681,-0.982174683115408,
0.),(0.,0.,1.),(0.187970454718683,0.982174683115408,0.),(0.,0.,1.),(0.240186300644477,
-0.970726810685025,0.),(0.,0.,1.),(0.240186300644476,0.970726810685026,
0.),(0.,0.,1.),(0.294172089644232,-0.955752468829846,0.),(0.,0.,1.),(0.294172089644365,
0.955752468829805,0.),(0.,0.,1.),(0.334863400507398,-0.942266683588368,
0.),(0.,0.,1.),(0.334863400507271,0.942266683588413,0.),(0.,0.,1.),(0.383826165048669,
-0.923405368743345,0.),(0.,0.,1.),(0.383826165048665,0.923405368743346,
0.),(0.,0.,1.),(0.426363773328917,-0.90455178557821,0.),(0.,0.,1.),(0.426363773329035,
0.904551785578154,0.),(0.,0.,1.),(0.472327407161353,-0.881423178980581,
0.),(0.,0.,1.),(0.472327407160575,0.881423178980998,0.),(0.,0.,1.),(0.512938471377974,
-0.858425375079528,0.),(0.,0.,1.),(0.512938471377216,0.85842537507998,0.),
(0.,0.,1.),(0.5523075491598,-0.833640432765287,0.),(0.,0.,1.),(0.552307549159702,
0.833640432765352,0.),(0.,0.,1.),(0.594999756732786,-0.803725879568354,
0.),(0.,0.,1.),(0.594999756733434,0.803725879567875,0.),(0.,0.,1.),(0.635937854224657,
-0.771740270793315,0.),(0.,0.,1.),(0.635937854225286,0.771740270792796,
0.),(0.,0.,1.),(0.680555986466094,-0.732696082482473,0.),(0.,0.,1.),(0.680555986465553,
0.732696082482975,0.),(0.,0.,1.),(0.707116091061261,-0.707097471189257,
0.),(0.,0.,1.),(0.707116091061248,0.70709747118927,0.),(0.,0.,1.),(0.732668113047993,
-0.68058609750912,0.),(0.,0.,1.),(0.73266811304854,0.680586097508531,0.),
(0.,0.,1.),(0.771703372583788,-0.635982629277567,0.),(0.,0.,1.),(0.771703372583854,
0.635982629277487,0.),(0.,0.,1.),(0.803730537270484,-0.594993465055625,
0.),(0.,0.,1.),(0.803730537270432,0.594993465055696,0.),(0.,0.,1.),(0.833656195457571,
-0.552283756573746,0.),(0.,0.,1.),(0.833656195457571,0.552283756573746,
0.),(0.,0.,1.),(0.858442957822578,-0.512909044729009,0.),(0.,0.,1.),(0.858442957822537,
0.512909044729077,0.),(0.,0.,1.),(0.881414444149243,-0.472343707108585,
0.),(0.,0.,1.),(0.881414444149207,0.472343707108653,0.),(0.,0.,1.),(0.904556009119467,
-0.426354812762636,0.),(0.,0.,1.),(0.904556009119682,0.42635481276218,0.),
(0.,0.,1.),(0.923413110291825,-0.383807539974369,0.),(0.,0.,1.),(0.923413110291806,
0.383807539974416,0.),(0.,0.,1.),(0.942260255493089,-0.33488148787011,0.),
(0.,0.,1.),(0.942260255492964,0.334881487870463,0.),(0.,0.,1.),(0.955756794435711,
-0.294158035569273,0.),(0.,0.,1.),(0.955756794435847,0.294158035568831,
0.),(0.,0.,1.),(0.970732485857617,-0.24016336294425,0.),(0.,0.,1.),(0.970732485857678,
0.240163362944004,0.),(0.,0.,1.),(0.982167696812538,-0.188006955557379,
0.),(0.,0.,1.),(0.982167696812543,0.188006955557355,0.),(0.,0.,1.),(0.989100438293483,
-0.147242395279485,0.),(0.,0.,1.),(0.98910043829348,0.147242395279503,0.),
(0.,0.,1.),(0.994486320447951,-0.104866383755212,0.),(0.,0.,1.),(0.99448632044795,
0.104866383755218,0.),(0.,0.,1.),(0.998648618352986,-0.0519705403249983,
0.),(0.,0.,1.),(0.998648618352986,0.0519705403249863,0.),(0.,0.,1.),(1.,
0.,0.),(-0.970732485857685,0.240163362943976,0.),(0.,0.,1.),(0.,0.,1.),
(-0.955756794435853,-0.294158035568813,0.),(0.,0.,1.),(-0.904556009119465,
-0.426354812762641,0.),(0.,0.,1.),(-0.881414444149214,-0.47234370710864,
0.),(0.,0.,1.),(-0.858442957822837,-0.512909044728574,0.),(0.,0.,1.),(-0.833656195457554,
-0.552283756573771,0.),(0.,0.,1.),(-0.803730537270467,-0.594993465055648,
0.),(0.,0.,1.),(-0.771703372583788,-0.635982629277567,0.),(-0.955756794435696,
0.294158035569323,0.),(0.,0.,1.),(-0.426781814166287,-0.904354622422494,
0.),(0.,0.,-1.),(-0.426781814166287,-0.904354622422494,0.),(0.,0.,1.),(0.,
0.,1.),(-0.426781814165831,0.90435462242271,0.),(-0.942260255493077,-0.334881487870143,
0.),(0.,0.,1.),(0.,0.,1.),(-0.942260255492947,0.334881487870509,0.),(-0.923413110291838,
-0.383807539974338,0.),(0.,0.,1.),(0.,0.,1.),(-0.923413110291825,0.383807539974371,
0.),(0.,0.,1.),(-0.426363773328833,0.90455178557825,0.),(0.,0.,1.),(-0.383826165048649,
0.923405368743353,0.),(0.,0.,1.),(-0.33486340050744,0.942266683588353,0.),
(0.,0.,1.),(-0.294172089644354,0.955752468829808,0.),(0.,0.,1.),(-0.240186300644483,
0.970726810685024,0.),(0.,0.,1.),(-0.187970454718696,0.982174683115405,
0.),(0.,0.,1.),(-0.147247245770795,0.989099716213141,0.),(0.,0.,1.),(-0.104887443405532,
0.994484099528922,0.),(0.,0.,1.),(-0.0519335905914692,0.998650540563754,
0.),(0.,0.,1.),(0.,1.,0.),(0.,0.,1.),(0.051933590592431,0.998650540563704,
0.),(0.,0.,1.),(0.10488744340556,0.994484099528919,0.),(-0.904556009119682,
0.426354812762181,0.),(0.,0.,1.),(0.,0.,1.),(-0.881414444149422,0.472343707108251,
0.),(-0.858442957822537,0.512909044729077,0.),(0.,0.,1.),(-0.382703934396063,
-0.923871040025487,0.),(0.,0.,-1.),(-0.382703934396063,-0.923871040025487,
0.),(0.,0.,1.),(0.,0.,1.),(-0.383826165048684,-0.923405368743338,0.),(0.,
0.,1.),(-0.426363773328715,-0.904551785578305,0.),(-0.382703934396124,0.923871040025461,
0.),(0.,0.,1.),(0.,0.,1.),(-0.383826165048649,0.923405368743353,0.),(0.,
0.,1.),(-0.426363773328833,0.90455178557825,0.),(-0.833656195457554,0.552283756573771,
0.),(0.,0.,1.),(0.,0.,1.),(-0.803730537270414,0.594993465055719,0.),(-0.771703372583854,
0.635982629277487,0.),(0.,0.,1.),(-0.337699011564764,-0.94125415143211,
0.),(0.,0.,-1.),(-0.337699011564764,-0.94125415143211,0.),(0.,0.,1.),(0.,
0.,1.),(-0.337699011564791,0.9412541514321,0.),(-0.73266811304854,0.680586097508531,
0.),(0.,0.,1.),(0.,0.,1.),(-0.707116091061248,0.70709747118927,0.),(-0.680555986465553,
0.732696082482975,0.),(0.,0.,1.),(-0.290206876139439,-0.956963932988798,
0.),(0.,0.,-1.),(-0.290206876139439,-0.956963932988798,0.),(0.,0.,1.),(0.,
0.,1.),(-0.294172089644221,-0.95575246882985,0.),(0.,0.,1.),(-0.334863400507387,
-0.942266683588372,0.),(-0.290206876139802,0.956963932988688,0.),(0.,0.,
1.),(0.,0.,1.),(-0.294172089644354,0.955752468829808,0.),(0.,0.,1.),(-0.33486340050744,
0.942266683588353,0.),(-0.635937854225304,0.771740270792782,0.),(0.,0.,
1.),(0.,0.,1.),(-0.594999756733428,0.803725879567879,0.),(-0.24371308178515,
-0.969847376532403,0.),(0.,0.,-1.),(-0.24371308178515,-0.969847376532403,
0.),(0.,0.,1.),(0.,0.,1.),(-0.240186300644484,-0.970726810685023,0.),(-0.552307549159726,
0.833640432765336,0.),(0.,0.,1.),(0.,0.,1.),(-0.512938471377966,0.858425375079532,
0.),(-0.243713081785677,0.96984737653227,0.),(0.,0.,1.),(0.,0.,1.),(-0.240186300644483,
0.970726810685024,0.),(-0.472327407160577,0.881423178980997,0.),(0.,0.,
1.),(-0.193126731726438,-0.98117382022385,0.),(0.,0.,-1.),(-0.193126731726438,
-0.98117382022385,0.),(0.,0.,1.),(0.,0.,1.),(-0.193126731725958,0.981173820223945,
0.),(-0.14279073153342,-0.989752901985213,0.),(0.,0.,1.),(-0.14279073153342,
-0.989752901985213,0.),(0.,0.,-1.),(0.,0.,1.),(-0.187970454718694,-0.982174683115406,
0.),(-0.142790731532938,0.989752901985283,0.),(0.,0.,1.),(0.,0.,1.),(-0.187970454718696,
0.982174683115405,0.),(-0.102112473508,-0.994772859880123,0.),(0.,0.,-1.),
(0.,0.,-1.),(0.59510911010248,0.803644913548909,0.),(-0.102112473508,-0.994772859880123,
0.),(0.,0.,1.),(0.,0.,1.),(-0.104887443405532,-0.994484099528922,0.),(0.,
0.,1.),(-0.147247245769647,-0.989099716213311,0.),(-0.102112473508,0.994772859880123,
0.),(0.,0.,1.),(0.,0.,1.),(-0.104887443405532,0.994484099528922,0.),(0.,
0.,1.),(-0.147247245770795,0.989099716213141,0.),(-0.0509176736306419,-0.9987028539621,
0.),(0.,0.,-1.),(0.,0.,-1.),(0.80365037522142,0.595101734501312,0.),(0.,
0.,-1.),(0.632192398413392,0.774811442473795,0.),(0.,0.,-1.),(0.673122811037566,
0.739530716915049,0.),(0.,0.,-1.),(0.707106781186645,0.70710678118645,0.),
(0.,0.,-1.),(0.739529374846215,0.673124285507191,0.),(0.,0.,-1.),(0.774812422550768,
0.632191197234673,0.),(-0.0509176736306419,-0.9987028539621,0.),(0.,0.,
1.),(0.,0.,1.),(-0.0519335905927614,-0.998650540563687,0.),(-0.0509176736305716,
0.998702853962104,0.),(0.,0.,1.),(0.,0.,1.),(-0.0519335905914692,0.998650540563754,
0.),(0.,-1.,0.),(0.,0.,-1.),(0.,0.,1.),(0.,-1.,0.),(0.,0.,1.),(0.,1.,0.),
(0.,-1.,0.),(0.,0.,1.),(0.,1.,0.),(0.,0.,1.),(0.0509176736306429,-0.9987028539621,
0.),(0.,0.,-1.),(0.,0.,1.),(0.0519335905927196,-0.998650540563689,0.),(0.,
0.,1.),(0.0509176736306429,-0.9987028539621,0.),(0.,0.,1.),(0.051933590592431,
0.998650540563704,0.),(0.,0.,1.),(0.0509176736305727,0.998702853962103,
0.),(0.10488744340556,-0.994484099528919,0.),(0.,0.,1.),(0.,0.,1.),(0.102112473508001,
-0.994772859880122,0.),(0.10488744340556,0.994484099528919,0.),(0.,0.,1.),
(0.,0.,1.),(0.102112473508001,0.994772859880122,0.),(0.14724724576971,-0.989099716213302,
0.),(0.,0.,1.),(0.,0.,1.),(0.142790731533422,-0.989752901985213,0.),(0.147247245769852,
0.989099716213281,0.),(0.,0.,1.),(0.,0.,1.),(0.142790731532941,0.989752901985282,
0.),(0.102112473508001,-0.994772859880122,0.),(0.,0.,-1.),(0.187970454718681,
-0.982174683115408,0.),(0.,0.,1.),(0.,0.,1.),(0.187970454718683,0.982174683115408,
0.),(0.240186300644477,-0.970726810685025,0.),(0.,0.,1.),(0.,0.,1.),(0.193126731726437,
-0.981173820223851,0.),(0.240186300644476,0.970726810685026,0.),(0.,0.,
1.),(0.,0.,1.),(0.193126731725957,0.981173820223945,0.),(0.142790731533422,
-0.989752901985213,0.),(0.,0.,-1.),(0.294172089644232,-0.955752468829846,
0.),(0.,0.,1.),(0.,0.,1.),(0.290206876139434,-0.956963932988799,0.),(0.,
0.,1.),(0.243713081785146,-0.969847376532404,0.),(0.294172089644365,0.955752468829805,
0.),(0.,0.,1.),(0.,0.,1.),(0.290206876139853,0.956963932988672,0.),(0.,
0.,1.),(0.243713081785645,0.969847376532279,0.),(0.334863400507398,-0.942266683588368,
0.),(0.,0.,1.),(0.,0.,1.),(0.337699011564771,-0.941254151432107,0.),(0.334863400507271,
0.942266683588413,0.),(0.,0.,1.),(0.,0.,1.),(0.337699011565185,0.941254151431959,
0.),(0.193126731726437,-0.981173820223851,0.),(0.,0.,-1.),(0.383826165048669,
-0.923405368743345,0.),(0.,0.,1.),(0.,0.,1.),(0.383826165048665,0.923405368743346,
0.),(0.426363773328917,-0.90455178557821,0.),(0.,0.,1.),(0.,0.,1.),(0.426781814166274,
-0.9043546224225,0.),(0.,0.,1.),(0.382703934396061,-0.923871040025487,0.),
(0.426363773329035,0.904551785578154,0.),(0.,0.,1.),(0.,0.,1.),(0.426781814165818,
0.904354622422716,0.),(0.,0.,1.),(0.382703934396123,0.923871040025462,0.),
(0.243713081785146,-0.969847376532404,0.),(0.,0.,-1.),(0.472327407161353,
-0.881423178980581,0.),(0.,0.,1.),(0.,0.,1.),(0.472327407160575,0.881423178980998,
0.),(0.512938471377974,-0.858425375079528,0.),(0.,0.,1.),(0.,0.,1.),(0.515253441578342,
-0.857037858522991,0.),(0.,0.,1.),(0.473537437165819,-0.880773691479501,
0.),(0.512938471377216,0.85842537507998,0.),(0.,0.,1.),(0.,0.,1.),(0.515253441578814,
0.857037858522707,0.),(0.,0.,1.),(0.473537437165806,0.880773691479508,0.),
(0.290206876139434,-0.956963932988799,0.),(0.,0.,-1.),(0.5523075491598,
-0.833640432765287,0.),(0.,0.,1.),(0.,0.,1.),(0.552307549159702,0.833640432765352,
0.),(0.594999756732786,-0.803725879568354,0.),(0.,0.,1.),(0.,0.,1.),(0.595109110102527,
-0.803644913548875,0.),(0.,0.,1.),(0.555817213881271,-0.831304531897464,
0.),(0.594999756733434,0.803725879567875,0.),(0.,0.,1.),(0.,0.,1.),(0.59510911010248,
0.803644913548909,0.),(0.,0.,1.),(0.555817213881273,0.831304531897462,0.),
(0.337699011564771,-0.941254151432107,0.),(0.,0.,-1.),(0.635937854224657,
-0.771740270793315,0.),(0.,0.,1.),(0.,0.,1.),(0.635937854225286,0.771740270792796,
0.),(0.680555986466094,-0.732696082482473,0.),(0.,0.,1.),(0.,0.,1.),(0.673122811037703,
-0.739530716914924,0.),(0.,0.,1.),(0.632192398413392,-0.774811442473795,
0.),(0.680555986465553,0.732696082482975,0.),(0.,0.,1.),(0.,0.,1.),(0.673122811037566,
0.739530716915049,0.),(0.,0.,1.),(0.632192398413392,0.774811442473795,0.),
(0.707116091061261,-0.707097471189257,0.),(0.,0.,1.),(0.,0.,1.),(0.707106781186647,
-0.707106781186448,0.),(0.707116091061248,0.70709747118927,0.),(0.,0.,1.),
(0.,0.,1.),(0.707106781186645,0.70710678118645,0.),(0.382703934396061,-0.923871040025487,
0.),(0.,0.,-1.),(0.,0.,-1.),(0.857033781532082,-0.51526022290957,0.),(0.,
0.,-1.),(0.831293903891747,0.555833109262501,0.),(0.,0.,-1.),(0.857033781532217,
0.515260222909345,0.),(0.,0.,-1.),(0.880773455897558,-0.473537875345018,
0.),(0.,0.,-1.),(0.880773455897572,0.47353787534499,0.),(0.,0.,-1.),(0.904354355162621,
-0.426782380491978,0.),(0.,0.,-1.),(0.904354355162635,0.426782380491949,
0.),(0.,0.,-1.),(0.923881735933025,-0.382678112791129,0.),(0.,0.,-1.),(0.923881735933025,
0.382678112791129,0.),(0.,0.,-1.),(0.941255867921624,-0.337694227227991,
0.),(0.,0.,-1.),(0.941255867921624,0.337694227227991,0.),(0.,0.,-1.),(0.956962889172937,
-0.290210318124262,0.),(0.,0.,-1.),(0.956962889172894,0.290210318124405,
0.),(0.,0.,-1.),(0.969843398784999,-0.2437289105403,0.),(0.,0.,-1.),(0.969843398784993,
0.243728910540322,0.),(0.,0.,-1.),(0.981168325714026,-0.193154644302264,
0.),(0.,0.,-1.),(0.981168325714051,0.19315464430214,0.),(0.,0.,-1.),(0.989752918007115,
-0.142790620477684,0.),(0.,0.,-1.),(0.989752918007115,0.142790620477684,
0.),(0.,0.,-1.),(0.994775822502022,-0.102083607721449,0.),(0.,0.,-1.),(0.994775822502022,
0.102083607721449,0.),(0.,0.,-1.),(0.998703343060762,-0.050908079508633,
0.),(0.,0.,-1.),(0.998703343060762,0.050908079508633,0.),(0.,0.,-1.),(1.,
0.,0.),(0.732668113047993,-0.68058609750912,0.),(0.,0.,1.),(0.,0.,1.),(0.73266811304854,
0.680586097508531,0.),(0.771703372583788,-0.635982629277567,0.),(0.,0.,
1.),(0.,0.,1.),(0.739529374846113,-0.673124285507303,0.),(0.771703372583854,
0.635982629277487,0.),(0.,0.,1.),(0.,0.,1.),(0.739529374846215,0.673124285507191,
0.),(0.803730537270484,-0.594993465055625,0.),(0.,0.,1.),(0.,0.,1.),(0.803650375221615,
-0.595101734501049,0.),(0.,0.,1.),(0.774812422550768,-0.632191197234673,
0.),(0.803730537270432,0.594993465055696,0.),(0.,0.,1.),(0.,0.,1.),(0.80365037522142,
0.595101734501312,0.),(0.,0.,1.),(0.774812422550768,0.632191197234673,0.),
(0.426781814166274,-0.9043546224225,0.),(0.,0.,-1.),(0.833656195457571,
-0.552283756573746,0.),(0.,0.,1.),(0.,0.,1.),(0.833656195457571,0.552283756573746,
0.),(0.858442957822578,-0.512909044729009,0.),(0.,0.,1.),(0.,0.,1.),(0.857033781532082,
-0.51526022290957,0.),(0.,0.,1.),(0.831293903891782,-0.555833109262448,
0.),(0.858442957822537,0.512909044729077,0.),(0.,0.,1.),(0.,0.,1.),(0.857033781532217,
0.515260222909345,0.),(0.,0.,1.),(0.831293903891747,0.555833109262501,0.),
(0.881414444149243,-0.472343707108585,0.),(0.,0.,1.),(0.,0.,1.),(0.881414444149207,
0.472343707108653,0.),(0.473537437165819,-0.880773691479501,0.),(0.,0.,
-1.),(0.904556009119467,-0.426354812762636,0.),(0.,0.,1.),(0.,0.,1.),(0.904354355162621,
-0.426782380491978,0.),(0.,0.,1.),(0.880773455897558,-0.473537875345018,
0.),(0.904556009119682,0.42635481276218,0.),(0.,0.,1.),(0.,0.,1.),(0.904354355162635,
0.426782380491949,0.),(0.,0.,1.),(0.880773455897572,0.47353787534499,0.),
(0.923413110291825,-0.383807539974369,0.),(0.,0.,1.),(0.,0.,1.),(0.923413110291806,
0.383807539974416,0.),(0.942260255493089,-0.33488148787011,0.),(0.,0.,1.),
(0.,0.,1.),(0.941255867921624,-0.337694227227991,0.),(0.,0.,1.),(0.923881735933025,
-0.382678112791129,0.),(0.942260255492964,0.334881487870463,0.),(0.,0.,
1.),(0.,0.,1.),(0.941255867921624,0.337694227227991,0.),(0.,0.,1.),(0.923881735933025,
0.382678112791129,0.),(0.955756794435711,-0.294158035569273,0.),(0.,0.,
1.),(0.,0.,1.),(0.955756794435847,0.294158035568831,0.),(0.970732485857617,
-0.24016336294425,0.),(0.,0.,1.),(0.,0.,1.),(0.956962889172937,-0.290210318124262,
0.),(0.970732485857678,0.240163362944004,0.),(0.,0.,1.),(0.,0.,1.),(0.956962889172894,
0.290210318124405,0.),(0.515253441578342,-0.857037858522991,0.),(0.,0.,
-1.),(0.982167696812538,-0.188006955557379,0.),(0.,0.,1.),(0.,0.,1.),(0.981168325714026,
-0.193154644302264,0.),(0.,0.,1.),(0.969843398784999,-0.2437289105403,0.),
(0.982167696812543,0.188006955557355,0.),(0.,0.,1.),(0.,0.,1.),(0.981168325714051,
0.19315464430214,0.),(0.,0.,1.),(0.969843398784993,0.243728910540322,0.),
(0.989100438293483,-0.147242395279485,0.),(0.,0.,1.),(0.,0.,1.),(0.989752918007115,
-0.142790620477684,0.),(0.98910043829348,0.147242395279503,0.),(0.,0.,1.),
(0.,0.,1.),(0.989752918007115,0.142790620477684,0.),(0.994486320447951,
-0.104866383755212,0.),(0.,0.,1.),(0.,0.,1.),(0.99448632044795,0.104866383755218,
0.),(0.998648618352986,-0.0519705403249983,0.),(0.,0.,1.),(0.,0.,1.),(0.994775822502022,
-0.102083607721449,0.),(0.998648618352986,0.0519705403249863,0.),(0.,0.,
1.),(0.,0.,1.),(0.994775822502022,0.102083607721449,0.),(1.,0.,0.),(0.,
0.,1.),(1.,0.,0.),(0.,0.,1.),(0.,0.,1.),(0.998703343060762,-0.050908079508633,
0.),(0.,0.,1.),(0.998703343060762,0.050908079508633,0.),(0.555817213881271,
-0.831304531897464,0.),(0.,0.,-1.),(0.,0.,-1.),(0.831293903891782,-0.555833109262448,
0.),(0.595109110102527,-0.803644913548875,0.),(0.,0.,-1.),(0.,0.,-1.),(0.632192398413392,
-0.774811442473795,0.),(0.,0.,-1.),(0.803650375221615,-0.595101734501049,
0.),(0.673122811037703,-0.739530716914924,0.),(0.,0.,-1.),(0.,0.,-1.),(0.707106781186647,
-0.707106781186448,0.),(0.739529374846113,-0.673124285507303,0.),(0.,0.,
-1.),(0.,0.,-1.),(0.774812422550768,-0.632191197234673,0.)),$,(2,2,1,1,
3,3,5,5,433,433,4,4,92,92,6,6,90,90,87,87,8,8,7,7,9,9,10,10,12,12,11,11,
93,93,13,13,429,429,14,14,95,95,16,16,15,15,101,101,97,97,17,17,18,18,102,
102,99,99,20,20,19,19,105,105,21,21,22,22,107,107,24,24,23,23,25,25,26,
26,28,28,27,27,113,113,29,29,30,30,115,115,32,32,31,31,121,121,118,118,
33,33,34,34,123,123,119,119,36,36,35,35,38,38,37,37,40,40,39,39,130,130,
126,126,41,41,45,45,49,49,53,53,57,57,61,61,65,65,69,69,73,73,77,77,81,
81,85,85,111,111,135,135,151,151,167,167,184,184,195,195,207,207,219,219,
231,231,243,243,259,259,271,271,283,283,295,295,307,307,319,319,336,336,
347,347,363,363,379,379,403,403,42,42,131,131,127,127,44,44,43,43,46,46,
48,48,47,47,141,141,137,137,50,50,143,143,139,139,52,52,51,51,54,54,55,
55,56,56,153,153,145,145,58,58,155,155,147,147,60,60,59,59,62,62,64,64,
63,63,157,157,66,66,159,159,67,67,68,68,169,169,161,161,70,70,171,171,163,
163,71,71,72,72,173,173,74,74,175,175,75,75,76,76,78,78,79,79,80,80,185,
185,179,179,82,82,187,187,181,181,83,83,84,84,86,86,110,110,109,109,197,
197,189,189,112,112,199,199,191,191,88,88,91,91,89,89,276,276,94,94,96,
96,98,98,100,100,104,104,103,103,106,106,158,158,162,162,170,170,174,174,
180,180,186,186,190,190,198,198,202,202,209,209,214,214,222,222,226,226,
234,234,238,238,246,246,250,250,256,256,262,262,266,266,274,274,278,278,
280,280,286,286,288,288,290,290,292,292,298,298,300,300,302,302,304,304,
310,310,312,312,314,314,316,316,322,322,324,324,326,326,328,328,332,332,
334,334,338,338,340,340,342,342,344,344,350,350,352,352,354,354,356,356,
358,358,360,360,366,366,368,368,370,370,372,372,374,374,376,376,381,381,
384,384,386,386,388,388,390,390,392,392,394,394,396,396,398,398,400,400,
405,405,406,406,410,410,412,412,414,414,416,416,418,418,420,420,422,422,
424,424,426,426,108,108,114,114,125,125,129,129,138,138,142,142,146,146,
154,154,116,116,133,133,134,134,136,136,117,117,120,120,122,122,124,124,
204,204,212,212,216,216,224,224,228,228,236,236,240,240,247,247,252,252,
258,258,264,264,268,268,128,128,132,132,140,140,149,149,150,150,210,210,
201,201,152,152,211,211,203,203,144,144,148,148,156,156,165,165,166,166,
168,168,160,160,164,164,172,172,177,177,178,178,221,221,213,213,183,183,
223,223,215,215,176,176,182,182,193,193,194,194,225,225,188,188,192,192,
196,196,227,227,200,200,205,205,206,206,208,208,218,218,217,217,233,233,
220,220,235,235,229,229,437,437,230,230,245,245,237,237,232,232,248,248,
239,239,241,241,461,461,441,441,445,445,448,448,453,453,457,457,242,242,
249,249,244,244,251,251,253,253,254,254,260,260,255,255,257,257,269,269,
261,261,270,270,263,263,272,272,265,265,282,282,267,267,284,284,273,273,
294,294,275,275,296,296,281,281,277,277,279,279,285,285,306,306,287,287,
308,308,293,293,289,289,330,330,318,318,291,291,335,335,320,320,297,297,
346,346,299,299,348,348,305,305,301,301,303,303,309,309,378,378,362,362,
311,311,380,380,364,364,317,317,313,313,315,315,321,321,428,428,402,402,
323,323,430,430,404,404,329,329,325,325,327,327,331,331,436,436,432,432,
333,333,438,438,434,434,345,345,337,337,339,339,341,341,444,444,440,440,
343,343,446,446,442,442,349,349,450,450,351,351,449,449,361,361,467,467,
465,465,469,469,471,471,473,473,475,475,477,477,479,479,481,481,483,483,
485,485,487,487,489,489,491,491,493,493,495,495,497,497,499,499,501,501,
503,503,505,505,507,507,509,509,511,511,353,353,355,355,357,357,452,452,
359,359,454,454,365,365,460,460,456,456,367,367,462,462,458,458,377,377,
369,369,371,371,373,373,468,468,464,464,375,375,470,470,466,466,382,382,
383,383,401,401,385,385,476,476,472,472,387,387,478,478,474,474,389,389,
391,391,393,393,484,484,480,480,395,395,486,486,482,482,397,397,399,399,
407,407,488,488,408,408,490,490,427,427,409,409,496,496,492,492,411,411,
498,498,494,494,413,413,500,500,415,415,502,502,417,417,419,419,421,421,
504,504,423,423,506,506,425,425,512,512,508,508,510,510,431,431,463,463,
435,435,439,439,459,459,443,443,447,447,451,451,455,455),((1,3,6),(7,3,
1),(4,9,5),(8,9,4),(1,6,11),(12,13,2),(7,1,15),(2,17,16),(19,2,13),(17,
2,19),(6,21,11),(6,23,21),(24,5,9),(22,13,12),(26,7,15),(25,9,8),(26,15,
27),(16,17,28),(23,30,21),(23,31,30),(24,9,32),(29,33,22),(13,22,33),(35,
26,27),(36,37,25),(9,25,37),(35,27,39),(40,28,41),(17,41,28),(31,43,30),
(31,45,43),(32,9,46),(29,44,47),(33,29,49),(49,29,47),(51,35,39),(52,37,
36),(51,39,53),(54,40,55),(41,57,40),(57,55,40),(45,59,43),(45,61,59),(46,
9,62),(60,63,44),(47,44,63),(65,51,53),(66,37,52),(65,53,67),(68,54,69),
(55,69,54),(61,71,59),(61,73,71),(62,9,74),(72,63,60),(76,65,67),(75,37,
66),(76,67,77),(78,68,69),(73,80,71),(73,81,80),(74,9,82),(79,83,72),(63,
72,83),(85,76,77),(86,37,75),(85,77,87),(88,78,89),(69,89,78),(81,91,80),
(81,93,91),(82,9,94),(92,95,79),(83,79,97),(97,79,95),(99,85,87),(100,37,
86),(99,87,101),(102,88,103),(89,105,88),(105,103,88),(93,107,91),(93,109,
107),(94,9,110),(108,95,92),(112,99,101),(111,37,100),(112,101,113),(114,
102,103),(109,116,107),(109,117,116),(110,9,118),(115,119,108),(95,108,
121),(121,108,119),(123,112,113),(124,125,111),(111,125,127),(111,127,129),
(111,129,131),(111,131,133),(111,133,135),(111,135,137),(111,137,139),(111,
139,141),(111,141,143),(111,143,145),(111,145,147),(111,147,149),(149,151,
111),(151,153,111),(153,155,111),(157,111,155),(159,111,157),(161,111,159),
(161,163,111),(163,165,111),(167,111,165),(169,111,167),(171,111,169),(173,
111,171),(175,111,173),(177,111,175),(179,111,177),(181,111,179),(183,111,
181),(183,185,111),(185,187,111),(37,111,187),(123,113,189),(114,191,190),
(193,114,103),(191,114,193),(117,195,116),(117,197,195),(118,9,198),(196,
119,115),(126,123,189),(126,189,199),(190,191,200),(197,202,195),(197,203,
202),(198,9,204),(201,205,196),(119,196,207),(207,196,205),(128,126,199),
(128,199,209),(200,211,210),(213,200,191),(211,200,213),(203,215,202),(203,
217,215),(218,204,9),(216,205,201),(130,128,209),(130,209,219),(210,211,
220),(217,221,215),(218,9,222),(223,215,221),(224,225,216),(205,216,227),
(227,216,225),(132,130,219),(132,219,229),(220,231,230),(233,220,211),(231,
220,233),(221,235,223),(221,237,235),(222,9,238),(224,236,225),(134,132,
229),(134,229,239),(230,231,240),(237,242,235),(237,243,242),(238,9,244),
(236,241,245),(245,225,236),(136,134,239),(136,239,247),(240,249,248),(249,
240,231),(251,242,243),(244,9,252),(251,253,242),(241,254,255),(245,241,
257),(257,241,255),(138,136,247),(138,247,259),(248,261,260),(263,248,249),
(261,248,263),(265,253,251),(252,9,266),(265,267,253),(254,268,269),(269,
255,254),(140,138,259),(140,259,271),(260,273,272),(273,260,261),(275,267,
265),(266,9,276),(275,277,267),(268,278,269),(142,140,271),(142,271,280),
(272,273,279),(281,277,275),(276,9,282),(281,283,277),(278,284,285),(287,
269,278),(285,287,278),(144,142,280),(144,280,289),(279,291,290),(293,279,
273),(291,279,293),(295,283,281),(282,9,296),(295,297,283),(284,298,285),
(146,144,289),(146,289,300),(290,291,299),(297,295,301),(303,301,295),(296,
9,304),(298,302,305),(307,285,298),(305,307,298),(148,146,300),(148,300,
309),(299,311,310),(313,299,291),(311,299,313),(315,20,14),(315,318,20),
(18,20,318),(319,315,14),(320,321,316),(316,321,317),(14,323,319),(323,
14,34),(324,321,320),(42,18,318),(42,318,326),(317,321,325),(34,50,323),
(323,50,327),(328,321,324),(330,42,326),(58,42,330),(325,321,329),(327,
50,331),(48,331,50),(332,321,328),(58,330,56),(334,56,330),(329,321,333),
(48,335,331),(335,48,64),(336,337,332),(339,332,337),(341,332,339),(343,
332,341),(343,345,332),(345,347,332),(349,332,347),(351,332,349),(353,332,
351),(355,332,353),(355,357,332),(357,359,332),(359,361,332),(361,363,332),
(363,365,332),(365,367,332),(369,332,367),(369,371,332),(371,373,332),(375,
332,373),(377,332,375),(377,379,332),(321,332,381),(379,383,332),(381,332,
385),(383,387,332),(385,332,389),(387,391,332),(389,332,393),(391,395,332),
(393,332,397),(395,399,332),(401,397,332),(399,403,332),(405,401,332),(403,
407,332),(409,405,332),(407,411,332),(413,409,332),(411,415,332),(417,413,
332),(415,419,332),(421,417,332),(419,423,332),(425,421,332),(423,427,332),
(425,332,429),(427,431,332),(429,332,433),(431,435,332),(433,332,437),(435,
439,332),(437,332,441),(439,443,332),(441,332,445),(443,447,332),(445,332,
449),(447,451,332),(449,332,453),(451,455,332),(457,453,332),(455,459,332),
(457,332,461),(459,463,332),(465,461,332),(463,467,332),(469,465,332),(467,
471,332),(473,469,332),(475,332,471),(477,473,332),(479,332,475),(481,477,
332),(479,483,332),(485,481,332),(483,487,332),(489,485,332),(491,332,487),
(491,489,332),(56,334,70),(493,70,334),(333,321,494),(64,84,335),(496,335,
84),(336,495,497),(336,497,499),(336,499,501),(336,501,503),(336,503,505),
(336,505,507),(336,507,337),(493,509,70),(509,90,70),(510,494,321),(511,
301,303),(304,9,512),(511,513,301),(302,514,305),(150,148,309),(150,309,
516),(310,311,515),(496,84,517),(98,517,84),(518,497,495),(90,509,106),
(520,106,509),(510,321,519),(98,96,517),(521,517,96),(522,497,518),(106,
520,104),(524,104,520),(525,523,519),(525,519,527),(527,519,529),(529,519,
531),(531,519,533),(533,519,535),(535,519,537),(537,519,539),(539,519,541),
(541,519,543),(543,519,545),(547,545,519),(321,547,519),(521,96,498),(122,
498,96),(524,549,104),(194,104,549),(525,550,523),(122,120,498),(500,498,
120),(552,194,549),(192,194,552),(525,551,550),(500,120,208),(500,208,502),
(552,214,192),(214,552,553),(525,554,551),(555,513,511),(512,9,556),(555,
557,513),(514,558,559),(561,305,514),(559,561,514),(516,563,150),(152,150,
563),(515,565,564),(567,515,311),(565,515,567),(208,504,502),(504,208,206),
(214,553,569),(212,214,569),(525,570,554),(504,206,506),(228,506,206),(234,
212,569),(234,569,572),(525,571,570),(506,228,226),(508,506,226),(572,573,
234),(232,234,573),(525,574,571),(575,557,555),(556,9,576),(575,577,557),
(558,578,559),(154,152,563),(154,563,580),(564,565,579),(226,246,508),(338,
508,246),(573,581,232),(250,232,581),(525,582,574),(246,258,338),(340,338,
258),(581,584,250),(264,250,584),(525,583,582),(340,258,342),(256,342,258),
(584,262,264),(262,584,585),(525,586,583),(587,577,575),(576,9,588),(587,
589,577),(578,590,591),(593,559,578),(591,593,578),(156,154,580),(156,580,
595),(579,597,596),(599,579,565),(597,579,599),(256,344,342),(270,344,256),
(585,274,262),(274,585,601),(525,602,586),(288,344,270),(288,346,344),(274,
601,604),(294,274,604),(525,603,602),(605,589,587),(606,588,9),(605,607,
589),(590,608,609),(609,591,590),(346,288,348),(286,348,288),(294,604,292),
(292,604,611),(612,603,613),(525,613,603),(158,156,595),(158,595,615),(596,
617,616),(617,596,597),(286,308,348),(350,348,308),(292,611,314),(614,314,
611),(308,306,350),(352,350,306),(614,619,314),(312,314,619),(620,613,525),
(621,607,605),(622,606,9),(621,623,607),(608,624,609),(160,158,615),(160,
615,626),(616,617,625),(306,354,352),(562,354,306),(619,568,312),(568,619,
526),(562,560,354),(356,354,560),(526,528,568),(528,566,568),(627,623,621),
(629,627,621),(622,9,630),(628,631,624),(631,609,624),(626,633,160),(162,
160,633),(625,635,634),(635,625,617),(594,356,560),(594,358,356),(566,528,
600),(530,600,528),(594,592,358),(360,358,592),(600,530,598),(532,598,530),
(637,627,629),(638,630,639),(9,639,630),(637,641,627),(642,643,628),(631,
628,645),(645,628,643),(164,162,633),(164,633,647),(634,649,648),(651,634,
635),(649,634,651),(360,592,362),(610,362,592),(532,534,598),(618,598,534),
(610,632,362),(364,362,632),(534,636,618),(636,534,536),(653,641,637),(654,
638,655),(639,657,638),(657,659,638),(659,661,638),(661,663,638),(663,665,
638),(665,655,638),(653,667,641),(668,669,642),(643,642,669),(166,164,647),
(166,647,671),(648,673,672),(673,648,649),(632,366,364),(646,366,632),(636,
536,538),(538,652,636),(366,646,644),(644,368,366),(652,538,650),(540,650,
538),(675,667,653),(654,655,676),(668,677,669),(675,678,667),(168,166,671),
(672,673,679),(168,671,680),(368,644,370),(670,370,644),(540,542,650),(674,
650,542),(681,370,670),(682,669,677),(681,372,370),(674,542,544),(544,683,
674),(684,679,673),(685,678,675),(676,655,686),(687,682,677),(677,689,687),
(685,690,678),(374,372,681),(688,374,681),(544,546,683),(691,679,684),(692,
683,546),(170,168,680),(679,691,693),(170,680,694),(374,688,376),(695,376,
688),(687,697,696),(697,687,689),(546,699,692),(691,700,701),(701,693,691),
(699,546,548),(376,695,703),(696,705,704),(705,696,697),(378,376,703),(699,
548,707),(700,708,709),(709,701,700),(322,707,548),(711,690,685),(712,686,
655),(711,698,690),(172,170,694),(172,694,702),(703,380,378),(713,380,703),
(704,705,714),(322,382,707),(716,707,382),(708,715,709),(713,717,380),(714,
719,718),(719,714,705),(384,380,717),(716,382,721),(715,722,723),(723,709,
715),(386,721,382),(725,698,711),(726,712,655),(725,706,698),(174,172,702),
(174,702,710),(384,717,727),(728,718,729),(731,718,719),(731,729,718),(388,
384,727),(386,390,721),(733,721,390),(722,734,735),(737,723,722),(735,737,
722),(392,388,727),(739,392,727),(740,728,741),(729,741,728),(390,394,733),
(743,733,394),(734,744,745),(745,735,734),(747,706,725),(748,726,655),(747,
720,706),(176,174,710),(176,710,724),(392,739,396),(749,396,739),(750,740,
741),(394,398,743),(752,743,398),(744,751,745),(749,753,396),(750,755,754),
(757,750,741),(755,750,757),(400,396,753),(398,759,752),(751,760,761),(763,
745,751),(761,763,751),(759,398,402),(765,720,747),(766,748,655),(765,732,
720),(178,176,724),(178,724,738),(400,753,404),(767,404,753),(754,755,768),
(402,770,759),(760,769,761),(770,402,406),(767,771,404),(768,773,772),(775,
768,755),(773,768,775),(408,404,771),(406,410,770),(777,770,410),(769,778,
779),(781,761,769),(779,781,769),(783,732,765),(784,766,655),(783,730,732),
(180,178,738),(180,738,736),(408,771,785),(772,773,786),(408,785,412),(777,
410,788),(778,787,779),(414,788,410),(785,416,412),(789,416,785),(786,791,
790),(793,786,773),(791,786,793),(414,418,788),(795,788,418),(796,797,787),
(779,787,799),(799,787,797),(783,801,730),(802,784,655),(742,730,801),(789,
420,416),(803,420,789),(790,791,804),(418,422,795),(806,795,422),(805,797,
796),(182,180,736),(182,736,746),(420,803,807),(804,809,808),(811,804,791),
(809,804,811),(807,424,420),(806,422,813),(814,815,805),(797,805,817),(817,
805,815),(426,813,422),(424,807,428),(819,428,807),(808,821,820),(821,808,
809),(426,823,813),(824,825,814),(815,814,825),(823,426,430),(827,742,801),
(802,829,828),(831,802,655),(833,802,831),(829,802,835),(833,837,802),(835,
802,839),(841,802,837),(839,802,843),(845,802,841),(843,802,847),(849,802,
845),(847,802,851),(853,802,849),(851,802,855),(857,802,853),(855,802,859),
(861,802,857),(863,859,802),(865,802,861),(867,863,802),(869,802,865),(867,
802,871),(873,802,869),(871,802,875),(875,802,873),(827,758,742),(184,182,
746),(184,746,764),(819,877,428),(820,821,878),(432,428,877),(430,434,823),
(880,823,434),(879,825,824),(432,877,881),(878,883,882),(883,878,821),(881,
436,432),(880,434,438),(885,880,438),(886,887,879),(825,879,887),(436,881,
440),(889,440,881),(882,891,890),(893,882,883),(891,882,893),(885,438,895),
(896,897,886),(887,886,899),(899,886,897),(442,895,438),(901,758,827),(828,
829,902),(901,756,758),(186,184,764),(186,764,762),(889,444,440),(889,903,
444),(890,891,904),(442,446,895),(906,895,446),(905,897,896),(903,907,444),
(904,909,908),(911,904,891),(909,904,911),(448,444,907),(906,446,913),(914,
915,905),(897,905,917),(917,905,915),(450,913,446),(907,919,448),(908,909,
920),(919,452,448),(913,450,454),(922,913,454),(921,915,914),(923,756,901),
(902,829,924),(923,776,756),(188,186,762),(188,762,782),(925,452,919),(920,
927,926),(929,920,909),(929,927,920),(925,456,452),(922,454,931),(932,933,
921),(915,921,935),(935,921,933),(458,931,454),(456,925,460),(937,460,925),
(926,927,938),(458,940,931),(939,933,932),(462,940,458),(464,460,937),(941,
464,937),(942,938,943),(945,938,927),(945,943,938),(940,462,466),(466,947,
940),(948,949,939),(933,939,951),(951,939,949),(464,941,953),(954,942,943),
(953,468,464),(947,466,470),(956,947,470),(955,949,948),(953,472,468),(957,
472,953),(954,959,958),(943,959,954),(956,470,961),(962,963,955),(949,955,
963),(474,961,470),(965,776,923),(924,829,966),(965,774,776),(782,780,188),
(38,188,780),(476,472,957),(476,957,967),(958,969,968),(971,958,959),(969,
958,971),(961,474,973),(974,975,962),(963,962,977),(977,962,975),(478,973,
474),(967,979,476),(968,981,980),(981,968,969),(480,476,979),(973,478,983),
(984,985,974),(975,974,985),(482,983,478),(987,480,979),(980,981,988),(484,
480,987),(482,486,983),(983,486,990),(989,985,984),(484,987,488),(488,987,
991),(988,993,992),(993,988,981),(990,486,995),(996,997,989),(985,989,997),
(995,486,490),(488,991,492),(999,492,991),(1000,992,1002),(1003,992,993),
(1003,1002,992),(995,490,492),(492,999,995),(1000,1002,996),(997,996,1005),
(1005,996,1002),(1007,774,965),(1009,1008,966),(1009,966,829),(1007,794,
774),(10,38,780),(10,780,800),(1011,794,1007),(1009,1012,1008),(1011,792,
794),(640,10,800),(640,800,798),(1014,792,1011),(1013,1012,1015),(1009,
1015,1012),(1014,812,792),(658,640,798),(658,798,818),(1017,812,1014),(1018,
1013,1015),(1017,810,812),(660,658,818),(660,818,816),(1020,810,1017),(1019,
1018,1015),(1020,822,810),(662,660,816),(662,816,826),(1021,822,1020),(1022,
1019,1015),(1021,884,822),(662,826,888),(662,888,664),(1024,884,1021),(1023,
1022,1015),(1024,894,884),(664,888,900),(664,900,666),(1016,894,1024),(1016,
892,894),(666,900,898),(666,898,656),(1010,892,1016),(1010,912,892),(656,
898,918),(656,918,832),(1010,830,912),(910,912,830),(832,918,916),(832,
916,834),(830,930,910),(830,836,930),(834,916,936),(834,936,838),(836,928,
930),(836,840,928),(838,936,934),(838,934,842),(840,946,928),(840,844,946),
(842,934,952),(842,952,846),(844,944,946),(844,848,944),(846,952,950),(846,
950,850),(848,960,944),(848,852,960),(850,950,964),(850,964,854),(852,972,
960),(852,856,972),(854,964,978),(854,978,858),(856,970,972),(856,860,970),
(858,978,976),(858,976,862),(864,970,860),(864,982,970),(862,976,986),(862,
986,866),(982,864,868),(868,994,982),(866,986,998),(866,998,870),(868,1004,
994),(868,872,1004),(870,998,1006),(870,1006,874),(872,1001,1004),(872,
876,1001),(874,1006,1001),(874,1001,876)),());
#63=COMPLEX_TRIANGULATED_FACE('ConvergentBody',#66,1024,((-1.,0.,0.),(0.,
0.,1.),(-1.,0.,0.),(0.,0.,-1.),(0.,0.,-1.),(-0.998703344597321,-0.0509080493647521,
0.),(-0.998703344597321,0.0509080493647521,0.),(0.,0.,-1.),(0.,0.,-1.),
(0.426785552541658,0.904352858203982,0.),(-0.998703344597321,-0.0509080493647521,
0.),(0.,0.,1.),(0.,0.,1.),(-0.99864912756166,-0.0519607546166835,0.),(-0.998703344597321,
0.0509080493647521,0.),(0.,0.,1.),(0.,0.,1.),(-0.998649127561661,0.0519607546166715,
0.),(0.,0.,1.),(-1.,0.,0.),(-0.9947748347718,-0.102093232413999,0.),(0.,
0.,1.),(-0.9947748347718,-0.102093232413999,0.),(0.,0.,-1.),(0.,0.,-1.),
(-0.9947748347718,0.102093232413999,0.),(-0.9947748347718,0.102093232413999,
0.),(0.,0.,1.),(-0.989752909994252,-0.142790676018813,0.),(0.,0.,-1.),(-0.989752909994252,
-0.142790676018813,0.),(0.,0.,1.),(0.,0.,1.),(-0.994486295557851,-0.10486661979688,
0.),(-0.989752909994252,0.142790676018813,0.),(0.,0.,-1.),(-0.989752909994252,
0.142790676018813,0.),(0.,0.,1.),(0.,0.,1.),(-0.99448629555785,0.104866619796886,
0.),(-0.981168338547719,-0.193154579110898,0.),(0.,0.,1.),(-0.981168338547719,
-0.193154579110898,0.),(0.,0.,-1.),(0.,0.,1.),(-0.982171403687444,-0.187987589427166,
0.),(0.,0.,1.),(-0.989100401613936,-0.147242641674039,0.),(-0.981168338547744,
0.193154579110774,0.),(0.,0.,-1.),(-0.981168338547744,0.193154579110774,
0.),(0.,0.,1.),(0.,0.,1.),(-0.982171403687449,0.187987589427137,0.),(0.,
0.,1.),(-0.989100401613934,0.147242641674057,0.),(-0.969843386677126,-0.243728958719811,
0.),(0.,0.,1.),(-0.969843386677126,-0.243728958719811,0.),(0.,0.,-1.),(0.,
0.,1.),(-0.970727874627755,-0.240182000617617,0.),(-0.96984338667712,0.243728958719833,
0.),(0.,0.,-1.),(-0.96984338667712,0.243728958719833,0.),(0.,0.,1.),(0.,
0.,1.),(-0.97072787462783,0.240182000617317,0.),(-0.956965583438574,-0.290201433687136,
0.),(0.,0.,1.),(-0.956965583438574,-0.290201433687136,0.),(0.,0.,-1.),(0.,
0.,-1.),(-0.956965583438531,0.290201433687278,0.),(-0.956965583438531,0.290201433687278,
0.),(0.,0.,1.),(0.,0.,1.),(-0.941255884674672,-0.33769418053218,0.),(-0.941255884674672,
-0.33769418053218,0.),(0.,0.,-1.),(0.,0.,1.),(-0.955756756721586,-0.294158158107225,
0.),(-0.941255884674672,0.33769418053218,0.),(0.,0.,-1.),(-0.941255884674672,
0.33769418053218,0.),(0.,0.,1.),(0.,0.,1.),(-0.955756756721571,0.294158158107273,
0.),(-0.923878295997744,-0.382686417559214,0.),(0.,0.,1.),(-0.923878295997744,
-0.382686417559214,0.),(0.,0.,-1.),(0.,0.,1.),(-0.923406215600638,-0.383824127681036,
0.),(0.,0.,1.),(-0.942266641991674,-0.334863517555638,0.),(-0.923878295997672,
0.382686417559387,0.),(0.,0.,-1.),(-0.923878295997672,0.382686417559387,
0.),(0.,0.,1.),(0.,0.,1.),(-0.923406215600618,0.383824127681083,0.),(0.,
0.,1.),(-0.942266641991548,0.334863517555992,0.),(-0.904354317094792,-0.426782461157922,
0.),(0.,0.,1.),(-0.904354317094792,-0.426782461157922,0.),(0.,0.,-1.),(-0.904354317094814,
0.426782461157873,0.),(0.,0.,1.),(-0.904354317094814,0.426782461157873,
0.),(0.,0.,-1.),(-0.880775508653762,-0.473534057228946,0.),(0.,0.,1.),(-0.880775508653762,
-0.473534057228946,0.),(0.,0.,-1.),(0.,0.,1.),(-0.881418535606077,-0.472336072188053,
0.),(0.,0.,1.),(-0.904548350131645,-0.426371061722204,0.),(-0.880775508653915,
0.473534057228662,0.),(0.,0.,-1.),(0.,0.,-1.),(-0.857033781532281,0.515260222909239,
0.),(0.,0.,-1.),(-0.831291706427413,0.555836395736192,0.),(0.,0.,-1.),(-0.803650308131611,
0.595101825102197,0.),(0.,0.,-1.),(-0.7748148506097,0.632188221398238,0.),
(0.,0.,-1.),(-0.73952937484629,0.673124285507109,0.),(0.,0.,-1.),(-0.707106781186624,
0.707106781186471,0.),(0.,0.,-1.),(-0.673125168760673,0.73952857090238,
0.),(0.,0.,-1.),(-0.632192579465497,0.7748112947478,0.),(0.,0.,-1.),(-0.595106735758078,
0.803646671775205,0.),(0.,0.,-1.),(-0.555817213881267,0.831304531897466,
0.),(0.,0.,-1.),(-0.515251361211521,0.857039109241623,0.),(0.,0.,-1.),(-0.473537208149275,
0.880773814607468,0.),(0.,0.,-1.),(-0.426785552541786,0.904352858203922,
0.),(0.,0.,-1.),(-0.382704128951837,0.923870959432764,0.),(0.,0.,-1.),(-0.337698806675181,
0.941254224941466,0.),(0.,0.,-1.),(-0.290207125027935,0.956963857511359,
0.),(0.,0.,-1.),(-0.243712890968171,0.969847424482808,0.),(0.,0.,-1.),(-0.193127792654381,
0.981173611398333,0.),(0.,0.,-1.),(-0.142790731532965,0.989752901985279,
0.),(0.,0.,-1.),(-0.102112080844806,0.994772900186542,0.),(0.,0.,-1.),(-0.0509172794161074,
0.99870287406058,0.),(0.,0.,-1.),(0.,1.,0.),(0.,0.,-1.),(0.0509172794161153,
0.998702874060579,0.),(0.,0.,-1.),(0.102112080844801,0.994772900186543,
0.),(0.,0.,-1.),(0.142790731532952,0.989752901985281,0.),(0.,0.,-1.),(0.193127792654383,
0.981173611398332,0.),(0.,0.,-1.),(0.243712890967712,0.969847424482923,
0.),(0.,0.,-1.),(0.290207125027999,0.956963857511339,0.),(0.,0.,-1.),(0.337698806675184,
0.941254224941464,0.),(0.,0.,-1.),(0.382704128953111,0.923870959432236,
0.),(-0.880775508653915,0.473534057228662,0.),(0.,0.,1.),(0.,0.,1.),(-0.881418535606038,
0.472336072188127,0.),(0.,0.,1.),(-0.904548350131863,0.426371061721741,
0.),(-0.85703378153215,-0.515260222909456,0.),(0.,0.,1.),(-0.85703378153215,
-0.515260222909456,0.),(0.,0.,-1.),(-0.857033781532281,0.515260222909239,
0.),(0.,0.,1.),(0.,0.,1.),(-0.831291706427403,-0.555836395736207,0.),(-0.831291706427403,
-0.555836395736207,0.),(0.,0.,-1.),(0.,0.,1.),(-0.833651513181646,-0.552290824267389,
0.),(0.,0.,1.),(-0.858443052265406,-0.512908886662391,0.),(-0.831291706427413,
0.555836395736192,0.),(0.,0.,1.),(0.,0.,1.),(-0.833651513181646,0.552290824267389,
0.),(0.,0.,1.),(-0.858443052265008,0.512908886663058,0.),(-0.803650308131806,
-0.595101825101934,0.),(0.,0.,1.),(-0.803650308131806,-0.595101825101934,
0.),(0.,0.,-1.),(-0.803650308131611,0.595101825102197,0.),(0.,0.,1.),(-0.7748148506097,
-0.632188221398238,0.),(0.,0.,-1.),(-0.7748148506097,-0.632188221398238,
0.),(0.,0.,1.),(0.,0.,1.),(-0.771708415667731,-0.635976509933819,0.),(0.,
0.,1.),(-0.803735255324422,-0.594987091749549,0.),(-0.7748148506097,0.632188221398238,
0.),(0.,0.,1.),(0.,0.,1.),(-0.771708415667796,0.63597650993374,0.),(0.,
0.,1.),(-0.80373525532437,0.59498709174962,0.),(-0.73952937484606,-0.673124285507361,
0.),(0.,0.,1.),(-0.73952937484606,-0.673124285507361,0.),(0.,0.,-1.),(-0.73952937484629,
0.673124285507109,0.),(0.,0.,1.),(0.,0.,1.),(-0.707106781186635,-0.70710678118646,
0.),(-0.707106781186635,-0.70710678118646,0.),(0.,0.,-1.),(0.,0.,1.),(-0.732673027854693,
-0.680580806557338,0.),(-0.707106781186624,0.707106781186471,0.),(0.,0.,
1.),(0.,0.,1.),(-0.73267302785524,0.680580806556749,0.),(-0.673125168760937,
-0.73952857090214,0.),(0.,0.,-1.),(-0.673125168760937,-0.73952857090214,
0.),(0.,0.,1.),(0.,0.,1.),(-0.680555352932067,-0.73269667093246,0.),(0.,
0.,1.),(-0.707111284822593,-0.707102277521818,0.),(-0.673125168760673,0.73952857090238,
0.),(0.,0.,1.),(0.,0.,1.),(-0.680555352933144,0.73269667093146,0.),(0.,
0.,1.),(-0.70711128482261,0.7071022775218,0.),(-0.632192579465497,-0.7748112947478,
0.),(0.,0.,-1.),(-0.632192579465497,-0.7748112947478,0.),(0.,0.,1.),(0.,
0.,1.),(-0.635948005574617,-0.771731905654851,0.),(-0.632192579465497,0.7748112947478,
0.),(0.,0.,1.),(0.,0.,1.),(-0.635948005575246,0.771731905654332,0.),(-0.595106735758125,
-0.803646671775171,0.),(0.,0.,-1.),(-0.595106735758125,-0.803646671775171,
0.),(0.,0.,1.),(0.,0.,1.),(-0.595106735758078,0.803646671775205,0.),(-0.555817213881265,
-0.831304531897468,0.),(0.,0.,-1.),(-0.555817213881265,-0.831304531897468,
0.),(0.,0.,1.),(0.,0.,1.),(-0.552307030072186,-0.833640776673527,0.),(0.,
0.,1.),(-0.594995101247175,-0.8037293260121,0.),(-0.555817213881267,0.831304531897466,
0.),(0.,0.,1.),(0.,0.,1.),(-0.552307030072088,0.833640776673592,0.),(0.,
0.,1.),(-0.594995101247823,0.80372932601162,0.),(-0.51525136121105,-0.857039109241906,
0.),(0.,0.,-1.),(-0.51525136121105,-0.857039109241906,0.),(0.,0.,1.),(0.,
0.,1.),(-0.515251361211521,0.857039109241623,0.),(-0.473537208149288,-0.880773814607461,
0.),(0.,0.,1.),(-0.473537208149288,-0.880773814607461,0.),(0.,0.,-1.),(0.,
0.,1.),(-0.472323553324146,-0.881425244121844,0.),(0.,0.,1.),(-0.512942909165768,
-0.858422723334232,0.),(-0.473537208149275,0.880773814607468,0.),(0.,0.,
1.),(0.,0.,1.),(-0.472323553323368,0.881425244122261,0.),(0.,0.,1.),(-0.51294290916501,
0.858422723334684,0.),(-1.,0.,0.),(0.,0.,1.),(0.,0.,1.),(-0.99864912756166,
-0.0519607546166835,0.),(0.,0.,1.),(-0.70711128482261,0.7071022775218,0.),
(-0.998649127561661,0.0519607546166715,0.),(0.,0.,1.),(0.,0.,1.),(-0.994486295557851,
-0.10486661979688,0.),(-0.99448629555785,0.104866619796886,0.),(0.,0.,1.),
(0.,0.,1.),(-0.989100401613936,-0.147242641674039,0.),(-0.989100401613934,
0.147242641674057,0.),(0.,0.,1.),(0.,0.,1.),(-0.982171403687444,-0.187987589427166,
0.),(-0.982171403687449,0.187987589427137,0.),(0.,0.,1.),(0.,0.,1.),(-0.970727874627755,
-0.240182000617617,0.),(-0.97072787462783,0.240182000617317,0.),(0.,0.,
1.),(0.,0.,1.),(-0.955756756721586,-0.294158158107225,0.),(-0.955756756721571,
0.294158158107273,0.),(0.,0.,1.),(-0.42678555254224,-0.904352858203707,
0.),(0.,0.,-1.),(-0.42678555254224,-0.904352858203707,0.),(0.,0.,1.),(0.,
0.,1.),(-0.426785552541786,0.904352858203922,0.),(-0.942266641991674,-0.334863517555638,
0.),(0.,0.,1.),(0.,0.,1.),(-0.942266641991548,0.334863517555992,0.),(-0.923406215600638,
-0.383824127681036,0.),(0.,0.,1.),(0.,0.,1.),(-0.923406215600618,0.383824127681083,
0.),(-0.904548350131645,-0.426371061722204,0.),(0.,0.,1.),(0.,0.,1.),(-0.904548350131863,
0.426371061721741,0.),(-0.881418535606077,-0.472336072188053,0.),(0.,0.,
1.),(0.,0.,1.),(-0.881418535606038,0.472336072188127,0.),(-0.858443052265406,
-0.512908886662391,0.),(0.,0.,1.),(0.,0.,1.),(-0.858443052265008,0.512908886663058,
0.),(-0.382704128951815,-0.923870959432773,0.),(0.,0.,-1.),(-0.382704128951815,
-0.923870959432773,0.),(0.,0.,1.),(0.,0.,1.),(-0.383829935365394,-0.92340380155022,
0.),(0.,0.,1.),(-0.426363511710785,-0.904551908892822,0.),(-0.382704128951837,
0.923870959432764,0.),(0.,0.,1.),(0.,0.,1.),(-0.38382993536539,0.923403801550222,
0.),(0.,0.,1.),(-0.426363511710903,0.904551908892766,0.),(-0.833651513181646,
-0.552290824267389,0.),(0.,0.,1.),(0.,0.,1.),(-0.833651513181646,0.552290824267389,
0.),(-0.803735255324422,-0.594987091749549,0.),(0.,0.,1.),(0.,0.,1.),(-0.80373525532437,
0.59498709174962,0.),(-0.771708415667731,-0.635976509933819,0.),(0.,0.,
1.),(0.,0.,1.),(-0.771708415667796,0.63597650993374,0.),(0.,0.,1.),(-0.73267302785524,
0.680580806556749,0.),(-0.337698806675154,-0.941254224941475,0.),(0.,0.,
1.),(-0.337698806675154,-0.941254224941475,0.),(0.,0.,-1.),(-0.337698806675181,
0.941254224941466,0.),(0.,0.,1.),(0.,0.,1.),(-0.732673027854693,-0.680580806557338,
0.),(-0.707111284822593,-0.707102277521818,0.),(0.,0.,1.),(0.,0.,1.),(-0.680555352932067,
-0.73269667093246,0.),(0.,0.,1.),(-0.635948005574617,-0.771731905654851,
0.),(-0.680555352933144,0.73269667093146,0.),(0.,0.,1.),(0.,0.,1.),(0.594995101247735,
0.803729326011685,0.),(0.,0.,1.),(-0.594995101247175,-0.8037293260121,0.),
(0.,0.,1.),(-0.552307030072186,-0.833640776673527,0.),(0.,0.,1.),(-0.512942909165768,
-0.858422723334232,0.),(0.,0.,1.),(-0.472323553324146,-0.881425244121844,
0.),(0.,0.,1.),(-0.426363511710785,-0.904551908892822,0.),(0.,0.,1.),(-0.383829935365394,
-0.92340380155022,0.),(0.,0.,1.),(-0.334857409715265,-0.942268812578865,
0.),(0.,0.,1.),(-0.29417119882729,-0.955752743014905,0.),(0.,0.,1.),(-0.240187557464852,
-0.970726499709917,0.),(0.,0.,1.),(-0.187968044757532,-0.982175144335281,
0.),(0.,0.,1.),(-0.14724764343648,-0.98909965701258,0.),(0.,0.,1.),(-0.104886992282359,
-0.994484147108419,0.),(0.,0.,1.),(-0.0519344111763405,-0.998650497889911,
0.),(0.,0.,1.),(0.,-1.,0.),(0.,0.,1.),(0.0519344111763401,-0.998650497889911,
0.),(0.,0.,1.),(0.104886992282361,-0.994484147108419,0.),(0.,0.,1.),(0.147247643436483,
-0.989099657012579,0.),(0.,0.,1.),(0.187968044757532,-0.982175144335281,
0.),(0.,0.,1.),(0.240187557464847,-0.970726499709919,0.),(0.,0.,1.),(0.294171198827352,
-0.955752743014886,0.),(0.,0.,1.),(0.334857409715252,-0.942268812578869,
0.),(0.,0.,1.),(0.383829935365406,-0.923403801550215,0.),(0.,0.,1.),(0.426363511710872,
-0.904551908892781,0.),(0.,0.,1.),(0.472323553324057,-0.881425244121892,
0.),(0.,0.,1.),(0.512942909165769,-0.858422723334231,0.),(0.,0.,1.),(0.552307030072175,
-0.833640776673534,0.),(0.,0.,1.),(0.594995101247184,-0.803729326012093,
0.),(0.,0.,1.),(0.635948005574607,-0.771731905654858,0.),(0.,0.,1.),(0.63594800557523,
0.771731905654345,0.),(0.,0.,1.),(0.680555352932068,-0.732696670932459,
0.),(0.,0.,1.),(0.680555352931527,0.732696670932962,0.),(0.,0.,1.),(0.707111284822592,
-0.707102277521818,0.),(0.,0.,1.),(0.707111284822579,0.707102277521832,
0.),(0.,0.,1.),(0.732673027854693,-0.680580806557337,0.),(0.,0.,1.),(0.73267302785524,
0.680580806556749,0.),(0.,0.,1.),(0.77170841566773,-0.63597650993382,0.),
(0.,0.,1.),(0.771708415667796,0.63597650993374,0.),(0.,0.,1.),(0.803735255324422,
-0.594987091749549,0.),(0.,0.,1.),(0.80373525532437,0.594987091749619,0.),
(0.,0.,1.),(0.833651513181645,-0.55229082426739,0.),(0.,0.,1.),(0.833651513181543,
0.552290824267544,0.),(0.,0.,1.),(0.858443052265134,-0.512908886662847,
0.),(0.,0.,1.),(0.858443052265098,0.512908886662907,0.),(0.,0.,1.),(0.881418535606088,
-0.472336072188034,0.),(0.,0.,1.),(0.881418535606136,0.472336072187944,
0.),(0.,0.,1.),(0.904548350131756,-0.426371061721967,0.),(0.,0.,1.),(0.904548350131785,
0.426371061721906,0.),(0.,0.,1.),(0.923406215600628,-0.383824127681061,
0.),(0.,0.,1.),(0.923406215600608,0.383824127681108,0.),(0.,0.,1.),(0.942266641991736,
-0.334863517555463,0.),(0.,0.,1.),(0.94226664199161,0.334863517555816,0.),
(0.,0.,1.),(0.955756756721652,-0.294158158107011,0.),(0.,0.,1.),(0.955756756721638,
0.294158158107056,0.),(0.,0.,1.),(0.97072787462776,-0.2401820006176,0.),
(0.,0.,1.),(0.970727874627833,0.240182000617302,0.),(0.,0.,1.),(0.982171403687407,
-0.187987589427357,0.),(0.,0.,1.),(0.982171403687413,0.187987589427327,
0.),(0.,0.,1.),(0.989100401613936,-0.147242641674039,0.),(0.,0.,1.),(0.989100401613934,
0.147242641674057,0.),(0.,0.,1.),(0.994486295557828,-0.104866619797094,
0.),(0.,0.,1.),(0.994486295557827,0.1048666197971,0.),(0.,0.,1.),(0.998649127561659,
-0.0519607546167001,0.),(0.,0.,1.),(0.99864912756166,0.0519607546166881,
0.),(0.,0.,1.),(1.,0.,0.),(-0.290207125027578,-0.956963857511467,0.),(0.,
0.,-1.),(-0.290207125027578,-0.956963857511467,0.),(0.,0.,1.),(0.,0.,1.),
(-0.29417119882729,-0.955752743014905,0.),(0.,0.,1.),(-0.334857409715265,
-0.942268812578865,0.),(-0.290207125027935,0.956963857511359,0.),(0.,0.,
1.),(0.,0.,1.),(-0.294171198827424,0.955752743014864,0.),(0.,0.,1.),(-0.334857409715138,
0.94226881257891,0.),(-0.635948005575246,0.771731905654332,0.),(0.,0.,1.),
(0.,0.,1.),(-0.594995101247823,0.80372932601162,0.),(-0.243712890967644,
-0.969847424482941,0.),(0.,0.,-1.),(-0.243712890967644,-0.969847424482941,
0.),(0.,0.,1.),(0.,0.,1.),(-0.240187557464852,-0.970726499709917,0.),(-0.552307030072088,
0.833640776673592,0.),(0.,0.,1.),(0.,0.,1.),(-0.243712890968171,0.969847424482808,
0.),(0.,0.,1.),(-0.240187557464851,0.970726499709918,0.),(-0.51294290916501,
0.858422723334684,0.),(0.,0.,1.),(0.,0.,1.),(-0.472323553323368,0.881425244122261,
0.),(-0.19312779265486,-0.981173611398238,0.),(0.,0.,-1.),(-0.19312779265486,
-0.981173611398238,0.),(0.,0.,1.),(0.,0.,1.),(-0.193127792654381,0.981173611398333,
0.),(-0.426363511710903,0.904551908892766,0.),(0.,0.,1.),(0.,0.,1.),(-0.38382993536539,
0.923403801550222,0.),(-0.142790731533446,-0.989752901985209,0.),(0.,0.,
-1.),(-0.142790731533446,-0.989752901985209,0.),(0.,0.,1.),(0.,0.,1.),(-0.187968044757532,
-0.982175144335281,0.),(-0.142790731532965,0.989752901985279,0.),(0.,0.,
1.),(0.,0.,1.),(-0.187968044757534,0.982175144335281,0.),(-0.334857409715138,
0.94226881257891,0.),(0.,0.,1.),(0.,0.,1.),(-0.294171198827424,0.955752743014864,
0.),(-0.102112080844806,-0.994772900186542,0.),(0.,0.,-1.),(-0.102112080844806,
-0.994772900186542,0.),(0.,0.,1.),(0.,0.,1.),(-0.104886992282359,-0.994484147108419,
0.),(0.,0.,1.),(-0.14724764343648,-0.98909965701258,0.),(-0.102112080844806,
0.994772900186542,0.),(0.,0.,1.),(0.,0.,1.),(-0.104886992282359,0.994484147108419,
0.),(0.,0.,1.),(-0.147247643436622,0.989099657012559,0.),(-0.240187557464851,
0.970726499709918,0.),(0.,0.,1.),(0.,0.,1.),(-0.187968044757534,0.982175144335281,
0.),(-0.0509172794161777,-0.998702874060576,0.),(0.,0.,-1.),(-0.0509172794161777,
-0.998702874060576,0.),(0.,0.,1.),(0.,0.,1.),(-0.0519344111763405,-0.998650497889911,
0.),(-0.0509172794161074,0.99870287406058,0.),(0.,0.,1.),(0.,0.,1.),(-0.0519344111760519,
0.998650497889926,0.),(-0.147247643436622,0.989099657012559,0.),(0.,0.,
1.),(0.,0.,1.),(-0.104886992282359,0.994484147108419,0.),(0.,-1.,0.),(0.,
0.,-1.),(0.,0.,1.),(0.,-1.,0.),(0.,0.,1.),(0.,1.,0.),(-0.0519344111760519,
0.998650497889926,0.),(0.,0.,1.),(0.,0.,1.),(0.,-1.,0.),(0.,1.,0.),(0.,
0.,1.),(0.,1.,0.),(0.,0.,1.),(0.0509172794161856,-0.998702874060576,0.),
(0.,0.,-1.),(0.,0.,1.),(0.0519344111763401,-0.998650497889911,0.),(0.,0.,
1.),(0.0509172794161856,-0.998702874060576,0.),(0.0519344111760412,0.998650497889926,
0.),(0.,0.,1.),(0.0519344111760412,0.998650497889926,0.),(0.,0.,1.),(0.,
0.,1.),(0.104886992282361,0.994484147108419,0.),(0.,0.,1.),(0.147247643436635,
0.989099657012557,0.),(0.,0.,1.),(0.187968044757534,0.982175144335281,0.),
(0.,0.,1.),(0.240187557464846,0.970726499709919,0.),(0.,0.,1.),(0.294171198827485,
0.955752743014845,0.),(0.,0.,1.),(0.334857409715125,0.942268812578914,0.),
(0.,0.,1.),(0.383829935365402,0.923403801550216,0.),(0.,0.,1.),(0.42636351171099,
0.904551908892725,0.),(0.,0.,1.),(0.472323553323279,0.881425244122309,0.),
(0.,0.,1.),(0.512942909165012,0.858422723334683,0.),(0.,0.,1.),(0.552307030072769,
0.833640776673141,0.),(0.,0.,1.),(0.0509172794161153,0.998702874060579,
0.),(0.104886992282361,-0.994484147108419,0.),(0.,0.,1.),(0.,0.,1.),(0.102112080844801,
-0.994772900186543,0.),(0.104886992282361,0.994484147108419,0.),(0.,0.,
1.),(0.,0.,1.),(0.102112080844801,0.994772900186543,0.),(0.147247643436483,
-0.989099657012579,0.),(0.,0.,1.),(0.,0.,1.),(0.142790731533433,-0.989752901985211,
0.),(0.147247643436635,0.989099657012557,0.),(0.,0.,1.),(0.,0.,1.),(0.142790731532952,
0.989752901985281,0.),(0.102112080844801,-0.994772900186543,0.),(0.,0.,
-1.),(0.187968044757532,-0.982175144335281,0.),(0.,0.,1.),(0.,0.,1.),(0.187968044757534,
0.982175144335281,0.),(0.240187557464847,-0.970726499709919,0.),(0.,0.,
1.),(0.,0.,1.),(0.193127792654862,-0.981173611398238,0.),(0.240187557464846,
0.970726499709919,0.),(0.,0.,1.),(0.,0.,1.),(0.193127792654383,0.981173611398332,
0.),(0.142790731533433,-0.989752901985211,0.),(0.,0.,-1.),(0.294171198827352,
-0.955752743014886,0.),(0.,0.,1.),(0.,0.,1.),(0.290207125027608,-0.956963857511458,
0.),(0.,0.,1.),(0.243712890967645,-0.96984742448294,0.),(0.294171198827485,
0.955752743014845,0.),(0.,0.,1.),(0.,0.,1.),(0.290207125027999,0.956963857511339,
0.),(0.,0.,1.),(0.243712890967712,0.969847424482923,0.),(0.334857409715252,
-0.942268812578869,0.),(0.,0.,1.),(0.,0.,1.),(0.337698806675181,-0.941254224941465,
0.),(0.334857409715125,0.942268812578914,0.),(0.,0.,1.),(0.,0.,1.),(0.337698806675184,
0.941254224941464,0.),(0.193127792654862,-0.981173611398238,0.),(0.,0.,
-1.),(0.383829935365406,-0.923403801550215,0.),(0.,0.,1.),(0.,0.,1.),(0.383829935365402,
0.923403801550216,0.),(0.426363511710872,-0.904551908892781,0.),(0.,0.,
1.),(0.,0.,1.),(0.426785552542161,-0.904352858203745,0.),(0.,0.,1.),(0.382704128951808,
-0.923870959432776,0.),(0.42636351171099,0.904551908892725,0.),(0.,0.,1.),
(0.,0.,1.),(0.426785552541658,0.904352858203982,0.),(0.,0.,1.),(0.382704128953111,
0.923870959432236,0.),(0.243712890967645,-0.96984742448294,0.),(0.,0.,-1.),
(0.472323553324057,-0.881425244121892,0.),(0.,0.,1.),(0.,0.,1.),(0.472323553323279,
0.881425244122309,0.),(0.512942909165769,-0.858422723334231,0.),(0.,0.,
1.),(0.,0.,1.),(0.515251361211095,-0.857039109241879,0.),(0.,0.,1.),(0.473537208149251,
-0.880773814607481,0.),(0.512942909165012,0.858422723334683,0.),(0.,0.,
1.),(0.,0.,1.),(0.515251361211567,0.857039109241596,0.),(0.,0.,1.),(0.473537208148128,
0.880773814608084,0.),(0.290207125027608,-0.956963857511458,0.),(0.,0.,
-1.),(0.552307030072175,-0.833640776673534,0.),(0.,0.,1.),(0.,0.,1.),(0.552307030072769,
0.833640776673141,0.),(0.594995101247184,-0.803729326012093,0.),(0.,0.,
1.),(0.,0.,1.),(0.59510673575812,-0.803646671775174,0.),(0.,0.,1.),(0.555817213881265,
-0.831304531897468,0.),(0.594995101247735,0.803729326011685,0.),(0.,0.,
1.),(0.,0.,1.),(0.595106735758074,0.803646671775208,0.),(0.,0.,1.),(0.555817213881267,
0.831304531897466,0.),(0.337698806675181,-0.941254224941465,0.),(0.,0.,
-1.),(0.635948005574607,-0.771731905654858,0.),(0.,0.,1.),(0.,0.,1.),(0.63594800557523,
0.771731905654345,0.),(0.680555352932068,-0.732696670932459,0.),(0.,0.,
1.),(0.,0.,1.),(0.673125168760932,-0.739528570902144,0.),(0.,0.,1.),(0.632192579465497,
-0.7748112947478,0.),(0.680555352931527,0.732696670932962,0.),(0.,0.,1.),
(0.,0.,1.),(0.673125168760668,0.739528570902384,0.),(0.,0.,1.),(0.632192579465497,
0.7748112947478,0.),(0.707111284822592,-0.707102277521818,0.),(0.,0.,1.),
(0.,0.,1.),(0.707106781186689,-0.707106781186406,0.),(0.707111284822579,
0.707102277521832,0.),(0.,0.,1.),(0.,0.,1.),(0.707106781186679,0.707106781186416,
0.),(0.382704128951808,-0.923870959432776,0.),(0.,0.,-1.),(0.732673027854693,
-0.680580806557337,0.),(0.,0.,1.),(0.,0.,1.),(0.73267302785524,0.680580806556749,
0.),(0.77170841566773,-0.63597650993382,0.),(0.,0.,1.),(0.,0.,1.),(0.739529374846062,
-0.67312428550736,0.),(0.771708415667796,0.63597650993374,0.),(0.,0.,1.),
(0.,0.,1.),(0.739529374846292,0.673124285507107,0.),(0.803735255324422,
-0.594987091749549,0.),(0.,0.,1.),(0.,0.,1.),(0.803650308131806,-0.595101825101934,
0.),(0.,0.,1.),(0.774814850609649,-0.632188221398301,0.),(0.80373525532437,
0.594987091749619,0.),(0.,0.,1.),(0.,0.,1.),(0.803650308131611,0.595101825102197,
0.),(0.,0.,1.),(0.774814850609649,0.632188221398301,0.),(0.426785552542161,
-0.904352858203745,0.),(0.,0.,-1.),(0.833651513181645,-0.55229082426739,
0.),(0.,0.,1.),(0.,0.,1.),(0.833651513181543,0.552290824267544,0.),(0.858443052265134,
-0.512908886662847,0.),(0.,0.,1.),(0.,0.,1.),(0.857033781532152,-0.515260222909454,
0.),(0.,0.,1.),(0.831291706427403,-0.555836395736207,0.),(0.858443052265098,
0.512908886662907,0.),(0.,0.,1.),(0.,0.,1.),(0.857033781532287,0.515260222909228,
0.),(0.,0.,1.),(0.831291706427367,0.555836395736261,0.),(0.881418535606088,
-0.472336072188034,0.),(0.,0.,1.),(0.,0.,1.),(0.881418535606136,0.472336072187944,
0.),(0.473537208149251,-0.880773814607481,0.),(0.,0.,-1.),(0.,0.,-1.),(0.473537208148128,
0.880773814608084,0.),(0.,0.,-1.),(0.515251361211095,-0.857039109241879,
0.),(0.,0.,-1.),(0.904354317094805,0.426782461157893,0.),(0.,0.,-1.),(0.555817213881265,
-0.831304531897468,0.),(0.,0.,-1.),(0.59510673575812,-0.803646671775174,
0.),(0.,0.,-1.),(0.632192579465497,-0.7748112947478,0.),(0.,0.,-1.),(0.673125168760932,
-0.739528570902144,0.),(0.,0.,-1.),(0.707106781186689,-0.707106781186406,
0.),(0.,0.,-1.),(0.739529374846062,-0.67312428550736,0.),(0.,0.,-1.),(0.774814850609649,
-0.632188221398301,0.),(0.,0.,-1.),(0.803650308131806,-0.595101825101934,
0.),(0.,0.,-1.),(0.831291706427403,-0.555836395736207,0.),(0.,0.,-1.),(0.857033781532152,
-0.515260222909454,0.),(0.,0.,-1.),(0.880775508653798,-0.473534057228879,
0.),(0.,0.,-1.),(0.904354317094792,-0.426782461157921,0.),(0.,0.,-1.),(0.923878295997785,
-0.382686417559114,0.),(0.,0.,-1.),(0.923878295997785,0.382686417559114,
0.),(0.,0.,-1.),(0.941255884674669,-0.337694180532189,0.),(0.,0.,-1.),(0.941255884674669,
0.337694180532189,0.),(0.,0.,-1.),(0.956965583438548,-0.290201433687224,
0.),(0.,0.,-1.),(0.956965583438504,0.290201433687366,0.),(0.,0.,-1.),(0.969843386677127,
-0.243728958719805,0.),(0.,0.,-1.),(0.96984338667712,0.243728958719833,
0.),(0.,0.,-1.),(0.981168338547719,-0.193154579110898,0.),(0.,0.,-1.),(0.981168338547744,
0.193154579110774,0.),(0.,0.,-1.),(0.989752909994238,-0.142790676018908,
0.),(0.,0.,-1.),(0.989752909994253,0.142790676018804,0.),(0.,0.,-1.),(0.994774834771799,
-0.102093232414008,0.),(0.,0.,-1.),(0.994774834771799,0.102093232414008,
0.),(0.,0.,-1.),(0.998703344597321,-0.050908049364752,0.),(0.,0.,-1.),(0.998703344597321,
0.050908049364752,0.),(0.,0.,-1.),(1.,0.,0.),(0.904548350131756,-0.426371061721967,
0.),(0.,0.,1.),(0.,0.,1.),(0.904354317094792,-0.426782461157921,0.),(0.,
0.,1.),(0.880775508653798,-0.473534057228879,0.),(0.904548350131785,0.426371061721906,
0.),(0.,0.,1.),(0.,0.,1.),(0.904354317094805,0.426782461157893,0.),(0.,
0.,1.),(0.880775508653813,0.473534057228851,0.),(0.923406215600628,-0.383824127681061,
0.),(0.,0.,1.),(0.,0.,1.),(0.923406215600608,0.383824127681108,0.),(0.942266641991736,
-0.334863517555463,0.),(0.,0.,1.),(0.,0.,1.),(0.941255884674669,-0.337694180532189,
0.),(0.,0.,1.),(0.923878295997785,-0.382686417559114,0.),(0.94226664199161,
0.334863517555816,0.),(0.,0.,1.),(0.,0.,1.),(0.941255884674669,0.337694180532189,
0.),(0.,0.,1.),(0.923878295997785,0.382686417559114,0.),(0.955756756721652,
-0.294158158107011,0.),(0.,0.,1.),(0.,0.,1.),(0.955756756721638,0.294158158107056,
0.),(0.97072787462776,-0.2401820006176,0.),(0.,0.,1.),(0.,0.,1.),(0.956965583438548,
-0.290201433687224,0.),(0.970727874627833,0.240182000617302,0.),(0.,0.,
1.),(0.,0.,1.),(0.956965583438504,0.290201433687366,0.),(0.515251361211567,
0.857039109241596,0.),(0.,0.,-1.),(0.982171403687407,-0.187987589427357,
0.),(0.,0.,1.),(0.,0.,1.),(0.981168338547719,-0.193154579110898,0.),(0.,
0.,1.),(0.969843386677127,-0.243728958719805,0.),(0.982171403687413,0.187987589427327,
0.),(0.,0.,1.),(0.,0.,1.),(0.981168338547744,0.193154579110774,0.),(0.,
0.,1.),(0.96984338667712,0.243728958719833,0.),(0.989100401613936,-0.147242641674039,
0.),(0.,0.,1.),(0.,0.,1.),(0.989752909994238,-0.142790676018908,0.),(0.989100401613934,
0.147242641674057,0.),(0.,0.,1.),(0.,0.,1.),(0.989752909994253,0.142790676018804,
0.),(0.994486295557828,-0.104866619797094,0.),(0.,0.,1.),(0.,0.,1.),(0.994486295557827,
0.1048666197971,0.),(0.998649127561659,-0.0519607546167001,0.),(0.,0.,1.),
(0.,0.,1.),(0.994774834771799,-0.102093232414008,0.),(0.99864912756166,
0.0519607546166881,0.),(0.,0.,1.),(0.,0.,1.),(0.994774834771799,0.102093232414008,
0.),(1.,0.,0.),(0.,0.,1.),(1.,0.,0.),(0.,0.,1.),(0.,0.,1.),(0.998703344597321,
-0.050908049364752,0.),(0.,0.,1.),(0.998703344597321,0.050908049364752,
0.),(0.555817213881267,0.831304531897466,0.),(0.,0.,-1.),(0.,0.,-1.),(0.595106735758074,
0.803646671775208,0.),(0.632192579465497,0.7748112947478,0.),(0.,0.,-1.),
(0.,0.,-1.),(0.673125168760668,0.739528570902384,0.),(0.707106781186679,
0.707106781186416,0.),(0.,0.,-1.),(0.,0.,-1.),(0.803650308131611,0.595101825102197,
0.),(0.,0.,-1.),(0.831291706427367,0.555836395736261,0.),(0.,0.,-1.),(0.857033781532287,
0.515260222909228,0.),(0.,0.,-1.),(0.880775508653813,0.473534057228851,
0.),(0.739529374846292,0.673124285507107,0.),(0.,0.,-1.),(0.,0.,-1.),(0.774814850609649,
0.632188221398301,0.)),$,(2,2,1,1,3,3,5,5,380,380,4,4,89,89,6,6,91,91,87,
87,8,8,7,7,9,9,10,10,11,11,12,12,93,93,13,13,14,14,95,95,16,16,15,15,101,
101,97,97,17,17,18,18,103,103,99,99,20,20,19,19,105,105,21,21,22,22,107,
107,24,24,23,23,25,25,26,26,28,28,27,27,113,113,29,29,30,30,115,115,32,
32,31,31,121,121,117,117,33,33,34,34,123,123,119,119,36,36,35,35,38,38,
37,37,40,40,39,39,130,130,125,125,41,41,44,44,49,49,53,53,57,57,61,61,65,
65,69,69,73,73,77,77,81,81,85,85,111,111,134,134,151,151,167,167,184,184,
195,195,207,207,219,219,231,231,243,243,259,259,271,271,283,283,295,295,
307,307,319,319,336,336,346,346,363,363,42,42,132,132,127,127,45,45,43,
43,46,46,48,48,47,47,141,141,137,137,50,50,143,143,139,139,52,52,51,51,
54,54,55,55,56,56,153,153,145,145,58,58,155,155,147,147,60,60,59,59,62,
62,64,64,63,63,157,157,66,66,159,159,67,67,68,68,169,169,161,161,70,70,
171,171,164,164,71,71,72,72,173,173,74,74,175,175,75,75,76,76,78,78,79,
79,80,80,185,185,179,179,82,82,187,187,181,181,83,83,84,84,86,86,110,110,
109,109,197,197,189,189,112,112,199,199,191,191,88,88,90,90,163,163,92,
92,94,94,96,96,98,98,100,100,102,102,104,104,106,106,108,108,114,114,116,
116,133,133,136,136,135,135,118,118,120,120,122,122,124,124,126,126,128,
128,131,131,129,129,138,138,140,140,149,149,150,150,209,209,201,201,152,
152,211,211,203,203,142,142,144,144,146,146,148,148,154,154,156,156,160,
160,166,166,165,165,168,168,158,158,162,162,170,170,174,174,172,172,333,
333,180,180,186,186,190,190,198,198,202,202,210,210,214,214,222,222,226,
226,234,234,238,238,246,246,250,250,256,256,262,262,266,266,274,274,278,
278,286,286,290,290,298,298,302,302,310,310,314,314,322,322,325,325,332,
332,338,338,340,340,342,342,344,344,350,350,352,352,354,354,356,356,358,
358,360,360,366,366,368,368,370,370,372,372,374,374,376,376,381,381,384,
384,386,386,388,388,390,390,392,392,394,394,396,396,398,398,400,400,406,
406,408,408,410,410,412,412,414,414,416,416,418,418,420,420,422,422,424,
424,426,426,177,177,178,178,221,221,213,213,183,183,223,223,215,215,176,
176,182,182,193,193,194,194,225,225,188,188,196,196,227,227,192,192,200,
200,205,205,206,206,208,208,204,204,212,212,217,217,218,218,233,233,220,
220,235,235,216,216,224,224,229,229,230,230,245,245,237,237,232,232,247,
247,239,239,228,228,236,236,241,241,242,242,249,249,244,244,251,251,240,
240,248,248,253,253,254,254,260,260,252,252,255,255,257,257,258,258,269,
269,261,261,270,270,264,264,263,263,267,267,276,276,280,280,288,288,292,
292,300,300,304,304,312,312,316,316,324,324,326,326,272,272,265,265,282,
282,268,268,284,284,273,273,294,294,275,275,296,296,281,281,277,277,279,
279,285,285,306,306,287,287,308,308,293,293,289,289,330,330,318,318,291,
291,335,335,320,320,297,297,347,347,299,299,348,348,305,305,301,301,303,
303,309,309,378,378,362,362,311,311,379,379,364,364,317,317,313,313,315,
315,321,321,428,428,402,402,323,323,430,430,404,404,329,329,327,327,328,
328,331,331,436,436,432,432,334,334,438,438,434,434,345,345,337,337,339,
339,341,341,444,444,440,440,343,343,446,446,442,442,349,349,448,448,351,
351,450,450,361,361,353,353,355,355,357,357,452,452,359,359,454,454,365,
365,460,460,456,456,367,367,462,462,458,458,377,377,369,369,371,371,373,
373,468,468,464,464,375,375,470,470,466,466,382,382,383,383,401,401,403,
403,427,427,477,477,431,431,435,435,439,439,443,443,447,447,451,451,455,
455,459,459,463,463,467,467,471,471,475,475,479,479,481,481,483,483,485,
485,487,487,489,489,491,491,493,493,496,496,497,497,499,499,501,501,503,
503,505,505,507,507,509,509,511,511,385,385,476,476,472,472,387,387,478,
478,474,474,389,389,391,391,393,393,484,484,480,480,395,395,486,486,482,
482,397,397,399,399,405,405,488,488,407,407,490,490,429,429,409,409,495,
495,492,492,411,411,498,498,494,494,413,413,500,500,415,415,502,502,417,
417,419,419,421,421,504,504,423,423,506,506,425,425,512,512,508,508,510,
510,433,433,437,437,441,441,445,445,449,449,461,461,465,465,469,469,473,
473,453,453,457,457),((1,3,6),(7,3,1),(4,9,5),(8,9,4),(1,6,11),(12,13,2),
(7,1,15),(16,2,17),(19,2,13),(19,17,2),(6,21,11),(6,23,21),(24,5,9),(22,
13,12),(26,7,15),(25,9,8),(26,15,27),(28,16,17),(23,29,21),(24,9,30),(31,
21,29),(22,32,33),(13,22,33),(35,26,27),(36,9,25),(35,27,37),(38,28,39),
(17,39,28),(29,41,31),(29,43,41),(30,9,44),(32,42,45),(47,33,32),(45,47,
32),(49,35,37),(50,9,36),(49,37,51),(52,38,53),(39,55,38),(55,53,38),(43,
57,41),(43,59,57),(44,9,60),(58,61,42),(45,42,61),(63,49,51),(64,9,50),
(63,51,65),(66,52,67),(53,67,52),(59,69,57),(59,71,69),(60,9,72),(70,61,
58),(74,63,65),(73,9,64),(74,65,75),(76,66,67),(71,78,69),(71,79,78),(72,
9,80),(77,81,70),(61,70,81),(83,74,75),(84,9,73),(83,75,85),(86,76,87),
(67,87,76),(79,89,78),(79,91,89),(80,9,92),(90,93,77),(81,77,95),(95,77,
93),(97,83,85),(98,9,84),(97,85,99),(100,86,101),(87,103,86),(103,101,86),
(91,105,89),(91,107,105),(92,9,108),(106,93,90),(99,109,97),(111,97,109),
(112,9,98),(110,100,101),(107,113,105),(107,115,113),(108,9,116),(114,117,
106),(93,106,119),(119,106,117),(121,111,109),(122,123,112),(112,123,125),
(112,125,127),(112,127,129),(112,129,131),(112,131,133),(112,133,135),(112,
135,137),(112,137,139),(112,139,141),(112,141,143),(112,143,145),(112,145,
147),(147,149,112),(151,112,149),(151,153,112),(155,112,153),(157,112,155),
(159,112,157),(161,112,159),(163,112,161),(165,112,163),(167,112,165),(169,
112,167),(171,112,169),(171,173,112),(173,175,112),(175,177,112),(179,112,
177),(181,112,179),(9,112,181),(121,109,183),(184,110,185),(101,187,110),
(187,185,110),(115,189,113),(115,191,189),(116,9,192),(190,117,114),(124,
121,183),(124,183,193),(194,184,185),(191,196,189),(191,197,196),(192,9,
198),(195,199,190),(117,190,201),(201,190,199),(126,124,193),(126,193,203),
(194,205,204),(185,207,194),(205,194,207),(197,209,196),(197,211,209),(212,
198,9),(210,199,195),(128,126,203),(128,203,213),(204,205,214),(211,215,
209),(212,9,216),(217,209,215),(218,219,210),(199,210,221),(221,210,219),
(130,128,213),(130,213,223),(214,225,224),(227,214,205),(225,214,227),(215,
229,217),(215,231,229),(216,9,232),(230,219,218),(132,130,223),(132,223,
233),(224,225,234),(231,236,229),(231,237,236),(232,9,238),(235,239,230),
(219,230,239),(134,132,233),(134,233,241),(234,243,242),(243,234,225),(245,
236,237),(238,9,246),(245,247,236),(235,248,249),(239,235,251),(251,235,
249),(136,134,241),(136,241,253),(242,255,254),(257,242,243),(255,242,257),
(259,247,245),(246,9,260),(259,261,247),(248,262,263),(263,249,248),(138,
136,253),(138,253,265),(254,267,266),(267,254,255),(269,261,259),(260,9,
270),(269,271,261),(272,263,262),(140,138,265),(140,265,274),(266,267,273),
(275,271,269),(270,9,276),(275,277,271),(278,279,272),(263,272,281),(281,
272,279),(142,140,274),(142,274,283),(273,285,284),(287,273,267),(285,273,
287),(289,277,275),(276,9,290),(289,291,277),(292,279,278),(144,142,283),
(144,283,294),(284,285,293),(291,289,295),(297,295,289),(290,9,298),(292,
296,299),(279,292,301),(301,292,299),(146,144,294),(146,294,303),(293,305,
304),(307,293,285),(305,293,307),(309,20,14),(309,18,20),(312,309,14),(313,
310,311),(18,309,315),(313,316,310),(14,318,312),(34,318,14),(313,311,317),
(40,18,315),(40,315,319),(313,320,316),(34,48,318),(48,322,318),(313,317,
321),(40,319,56),(323,56,319),(313,324,320),(48,326,322),(326,48,46),(313,
321,325),(323,327,56),(54,56,327),(313,328,324),(46,62,326),(330,326,62),
(329,313,325),(54,327,331),(68,54,331),(313,332,328),(62,82,330),(334,330,
82),(329,333,313),(331,88,68),(88,331,335),(313,336,332),(337,295,297),
(338,298,9),(337,339,295),(296,340,299),(148,146,303),(148,303,342),(341,
304,305),(82,96,334),(343,334,96),(333,344,313),(88,335,346),(104,88,346),
(313,345,336),(96,94,343),(94,347,343),(344,348,313),(102,104,346),(102,
346,350),(313,349,345),(94,351,347),(351,94,120),(352,313,348),(102,350,
188),(354,188,350),(313,353,349),(351,120,355),(118,355,120),(356,313,352),
(354,358,188),(186,188,358),(313,357,353),(118,202,355),(355,202,359),(360,
313,356),(358,362,186),(208,186,362),(313,361,357),(363,339,337),(364,338,
9),(363,365,339),(340,366,367),(369,299,340),(367,369,340),(148,342,371),
(150,148,371),(372,341,373),(375,341,305),(375,373,341),(202,377,359),(202,
200,377),(378,313,360),(362,206,208),(380,206,362),(313,379,361),(200,222,
377),(381,377,222),(382,313,378),(206,380,384),(228,206,384),(313,383,379),
(381,222,385),(220,385,222),(386,313,382),(384,226,228),(226,384,388),(387,
383,389),(313,389,383),(391,365,363),(393,391,363),(364,9,394),(392,367,
366),(371,395,150),(152,150,395),(396,372,373),(220,240,385),(385,240,398),
(397,313,386),(226,388,390),(244,226,390),(240,399,398),(399,240,252),(400,
313,397),(244,390,258),(390,314,258),(399,252,402),(250,402,252),(400,401,
313),(314,256,258),(401,403,313),(256,314,405),(313,407,406),(403,409,313),
(409,411,313),(411,413,313),(413,415,313),(417,313,415),(419,313,417),(419,
421,313),(421,423,313),(425,313,423),(427,313,425),(427,429,313),(429,431,
313),(433,313,431),(433,435,313),(435,437,313),(439,313,437),(439,441,313),
(441,443,313),(443,445,313),(445,447,313),(447,449,313),(449,451,313),(451,
453,313),(453,455,313),(455,457,313),(457,459,313),(459,461,313),(461,463,
313),(407,313,465),(463,467,313),(465,313,469),(467,471,313),(469,313,473),
(471,475,313),(473,313,477),(475,479,313),(477,313,481),(479,483,313),(481,
313,485),(483,487,313),(485,313,489),(487,491,313),(489,313,493),(491,495,
313),(493,313,497),(495,499,313),(501,497,313),(499,503,313),(501,313,505),
(503,507,313),(509,505,313),(507,511,313),(509,313,513),(511,515,313),(513,
313,517),(519,313,515),(517,313,521),(523,313,519),(521,313,525),(523,527,
313),(525,313,529),(527,531,313),(529,313,533),(535,313,531),(535,533,313),
(537,391,393),(394,9,538),(537,539,391),(540,541,392),(367,392,543),(543,
392,541),(154,152,395),(154,395,545),(396,547,546),(549,396,373),(547,396,
549),(264,402,250),(264,404,402),(256,405,551),(268,256,551),(406,407,552),
(264,282,404),(410,404,282),(551,554,268),(288,268,554),(552,407,553),(555,
539,537),(538,9,556),(555,557,539),(540,558,559),(541,540,559),(412,410,
282),(280,412,282),(554,561,288),(286,288,561),(553,407,562),(156,154,545),
(156,545,564),(546,565,563),(565,546,547),(412,280,414),(414,280,302),(286,
561,308),(567,308,561),(562,407,568),(414,302,300),(300,416,414),(306,308,
567),(570,306,567),(568,407,569),(571,557,555),(556,9,572),(571,573,557),
(558,574,559),(158,156,564),(158,564,576),(563,565,575),(300,370,416),(418,
416,370),(306,570,577),(376,306,577),(569,407,578),(368,418,370),(368,420,
418),(374,376,577),(374,577,580),(578,407,579),(581,573,571),(572,9,582),
(581,583,573),(584,585,574),(585,559,574),(160,158,576),(160,576,587),(575,
589,588),(589,575,565),(368,422,420),(544,422,368),(374,580,550),(591,550,
580),(579,407,592),(422,544,542),(542,424,422),(591,594,550),(548,550,594),
(592,407,593),(595,583,581),(582,9,596),(595,597,583),(598,599,584),(585,
584,601),(601,584,599),(162,160,587),(162,587,603),(588,605,604),(607,588,
589),(605,588,607),(424,542,560),(560,426,424),(548,594,609),(566,548,609),
(593,407,610),(560,428,426),(428,560,586),(590,566,609),(609,612,590),(610,
407,611),(613,597,595),(596,9,614),(613,615,597),(616,617,598),(599,598,
617),(164,162,603),(164,603,619),(604,621,620),(621,604,605),(428,586,602),
(602,430,428),(590,612,608),(623,608,612),(611,407,624),(430,602,432),(600,
432,602),(623,626,608),(626,606,608),(624,407,625),(627,615,613),(628,614,
9),(616,629,617),(627,630,615),(166,164,619),(620,621,631),(166,619,632),
(432,600,434),(618,434,600),(626,622,606),(622,626,633),(625,407,634),(436,
434,618),(635,617,629),(436,618,636),(622,633,637),(638,631,621),(639,637,
633),(634,407,640),(641,630,627),(628,9,642),(643,635,629),(629,645,643),
(641,646,630),(644,436,636),(438,436,644),(639,647,637),(638,650,631),(649,
637,647),(640,651,648),(640,653,651),(640,655,653),(640,657,655),(657,640,
659),(661,659,640),(661,640,663),(665,663,640),(665,640,667),(669,667,640),
(671,669,640),(407,671,640),(168,166,632),(673,631,650),(168,632,674),(438,
644,440),(675,440,644),(643,677,676),(677,643,645),(649,647,679),(650,680,
681),(681,673,650),(652,679,647),(675,683,440),(676,685,684),(685,676,677),
(442,440,683),(652,654,679),(687,679,654),(680,688,689),(689,681,680),(691,
646,641),(692,642,9),(691,678,646),(170,168,674),(170,674,682),(683,693,
442),(684,685,694),(444,442,693),(687,654,656),(656,696,687),(688,695,689),
(444,693,446),(697,446,693),(694,699,698),(699,694,685),(656,701,696),(695,
702,703),(703,689,695),(701,656,658),(705,678,691),(706,692,9),(705,686,
678),(172,170,682),(172,682,690),(446,697,448),(707,448,697),(698,709,708),
(711,698,699),(709,698,711),(701,658,713),(702,714,715),(717,703,702),(715,
717,702),(660,713,658),(719,448,707),(708,721,720),(721,708,709),(450,448,
719),(660,662,713),(713,662,723),(714,724,725),(725,715,714),(705,727,686),
(728,706,9),(700,686,727),(690,704,172),(174,172,704),(729,450,719),(720,
721,730),(729,452,450),(723,662,732),(724,731,725),(664,732,662),(452,729,
454),(733,454,729),(730,735,734),(737,730,721),(735,730,737),(739,732,664),
(731,740,741),(743,725,731),(741,743,731),(739,664,666),(745,700,727),(728,
9,746),(745,712,700),(176,174,704),(176,704,718),(733,747,454),(734,735,
748),(456,454,747),(739,666,750),(740,749,741),(668,750,666),(456,747,458),
(751,458,747),(748,753,752),(755,748,735),(753,748,755),(668,670,750),(757,
750,670),(758,759,749),(761,741,749),(761,749,759),(763,712,745),(746,9,
764),(763,710,712),(178,176,718),(178,718,716),(751,765,458),(752,753,766),
(765,460,458),(757,670,672),(768,757,672),(767,759,758),(462,460,765),(462,
765,769),(766,771,770),(773,766,753),(771,766,773),(672,408,768),(775,768,
408),(776,777,767),(759,767,779),(779,767,777),(781,710,763),(764,9,782),
(781,722,710),(462,769,464),(783,464,769),(770,771,784),(775,408,786),(785,
777,776),(466,786,408),(180,178,716),(180,716,726),(464,783,787),(784,789,
788),(791,784,771),(789,784,791),(787,468,464),(793,786,466),(794,795,785),
(777,785,797),(797,785,795),(470,793,466),(468,787,472),(799,472,787),(788,
801,800),(801,788,789),(470,474,793),(803,793,474),(804,805,794),(795,794,
805),(807,722,781),(782,9,808),(807,738,722),(182,180,726),(182,726,744),
(799,809,472),(800,801,810),(476,472,809),(803,474,812),(811,805,804),(478,
812,474),(809,480,476),(480,809,813),(810,815,814),(815,810,801),(812,478,
482),(817,812,482),(818,819,811),(805,811,819),(813,484,480),(813,821,484),
(814,823,822),(815,825,814),(823,814,825),(817,482,827),(818,828,829),(819,
818,831),(831,818,829),(486,827,482),(833,738,807),(808,9,834),(833,736,
738),(10,182,744),(10,744,742),(821,835,484),(822,823,836),(835,488,484),
(486,838,827),(828,837,829),(838,486,490),(488,835,839),(836,841,840),(843,
836,823),(841,836,843),(492,488,839),(494,838,490),(494,845,838),(837,846,
847),(849,829,837),(847,849,837),(496,492,839),(496,839,851),(840,841,852),
(845,494,498),(854,845,498),(846,853,847),(855,736,833),(834,9,856),(855,
756,736),(858,10,742),(856,9,859),(9,857,861),(859,9,863),(865,863,9),(867,
865,9),(867,9,869),(869,9,871),(871,9,873),(873,9,875),(875,9,877),(877,
9,879),(879,9,881),(881,9,883),(883,9,885),(885,9,887),(861,889,9),(887,
9,891),(893,9,889),(891,9,895),(897,9,893),(895,9,899),(901,9,897),(899,
9,903),(905,9,901),(907,903,9),(909,9,905),(911,907,9),(913,9,909),(911,
9,915),(917,9,913),(915,9,919),(919,9,917),(858,742,762),(851,500,496),
(851,921,500),(922,852,923),(925,852,841),(925,923,852),(498,927,854),(853,
928,929),(931,847,853),(929,931,853),(927,498,502),(933,500,921),(922,923,
934),(933,504,500),(927,502,506),(927,506,936),(928,935,929),(933,937,504),
(938,934,939),(923,941,934),(941,939,934),(508,504,937),(936,506,510),(943,
936,510),(935,944,945),(947,929,935),(945,947,935),(512,508,937),(512,937,
949),(950,938,939),(510,514,943),(952,943,514),(944,951,945),(949,516,512),
(953,516,949),(954,950,955),(939,955,950),(952,514,957),(951,958,959),(959,
945,951),(518,957,514),(860,756,855),(860,754,756),(961,858,762),(962,861,
857),(961,762,760),(963,516,953),(964,954,965),(967,954,955),(967,965,954),
(963,520,516),(518,522,957),(957,522,969),(958,970,971),(973,959,958),(971,
973,958),(963,524,520),(975,524,963),(976,964,977),(965,977,964),(969,522,
979),(970,980,981),(981,971,970),(522,526,979),(983,524,975),(984,976,977),
(983,528,524),(979,526,530),(530,986,979),(980,985,981),(528,983,532),(532,
983,987),(988,984,989),(977,989,984),(986,530,991),(985,992,993),(993,981,
985),(530,534,991),(987,995,532),(996,988,998),(989,999,988),(999,998,988),
(536,532,995),(991,534,995),(992,996,998),(1001,993,992),(998,1001,992),
(536,995,534),(864,754,860),(864,774,754),(1003,961,760),(1004,861,962),
(1003,760,780),(866,774,864),(866,772,774),(1006,1003,780),(1005,861,1004),
(1006,780,778),(868,772,866),(868,792,772),(1007,1006,778),(1008,861,1005),
(1007,778,798),(790,792,868),(868,870,790),(798,796,1007),(1010,1007,796),
(1009,861,1008),(870,802,790),(870,872,802),(1011,1010,796),(1009,1012,
1013),(1009,1013,1015),(1009,1015,1017),(1009,1017,1019),(1009,1019,861),
(1011,796,806),(872,816,802),(872,874,816),(1011,806,820),(1011,820,1021),
(1012,1022,1013),(874,826,816),(874,876,826),(1021,820,832),(1021,832,1024),
(1023,1013,1022),(876,824,826),(876,878,824),(1024,832,830),(1024,830,1014),
(878,844,824),(878,880,844),(1014,830,850),(1014,850,1016),(880,842,844),
(880,882,842),(1016,850,848),(1016,848,1018),(882,884,842),(926,842,884),
(1018,848,932),(1018,932,1020),(884,924,926),(884,886,924),(1020,932,930),
(1020,930,862),(886,942,924),(886,888,942),(930,890,862),(930,948,890),
(888,940,942),(888,892,940),(890,948,946),(890,946,894),(892,956,940),(892,
896,956),(894,946,960),(894,960,898),(896,968,956),(896,900,968),(898,960,
974),(898,974,902),(900,966,968),(900,904,966),(902,974,972),(902,972,906),
(908,966,904),(908,978,966),(906,972,982),(906,982,910),(990,978,908),(908,
912,990),(910,982,994),(910,994,914),(912,1000,990),(912,916,1000),(914,
994,1002),(914,1002,918),(916,997,1000),(916,920,997),(918,1002,997),(918,
997,920)),());
#64=COORDINATES_LIST('',2109,((-0.081911003112793,-0.0618969993591309,0.),
(-0.081911003112793,-0.0618969993591309,0.026),(-0.081911003112793,0.0818970031738281,
0.),(-0.081911003112793,0.0818970031738281,0.026),(-0.0803160018920899,
-0.0603019981384277,0.00199699997901916),(-0.0803160018920899,-0.0603019981384277,
0.026),(-0.0803160018920899,0.080302001953125,0.00199699997901916),(-0.0803160018920899,
0.080302001953125,0.026),(-0.0799140014648438,-0.0599000015258789,0.00199699997901916),
(-0.0799140014648438,-0.0599000015258788,0.002),(-0.0799140014648438,0.0799000015258789,
0.00199699997901916),(-0.0799140014648438,0.0799000015258789,0.002),(-0.0794150009155274,
-0.0559049987792969,0.002),(-0.0794150009155274,-0.0559049987792969,0.014),
(-0.0794150009155274,0.0759049987792969,0.002),(-0.0794150009155274,0.0759049987792969,
0.014),(-0.0794150009155273,0.0737279968261719,0.002),(-0.0794100036621094,
-0.0560769996643066,0.002),(-0.0794100036621094,-0.0560769996643066,0.014),
(-0.0794100036621094,-0.055734001159668,0.002),(-0.0794100036621094,-0.055734001159668,
0.014),(-0.0794100036621094,0.075734001159668,0.002),(-0.0794100036621094,
0.075734001159668,0.014),(-0.0794100036621094,0.0760770034790039,0.002),
(-0.0794100036621094,0.0760770034790039,0.014),(-0.0793980026245117,-0.0562480010986328,
0.002),(-0.0793980026245117,-0.0562480010986328,0.014),(-0.0793980026245117,
-0.0555629997253418,0.002),(-0.0793980026245117,-0.0555629997253418,0.014),
(-0.0793980026245117,0.0755630035400391,0.002),(-0.0793980026245117,0.0755630035400391,
0.014),(-0.0793980026245117,0.0762480010986328,0.002),(-0.0793980026245117,
0.0762480010986328,0.014),(-0.0793769989013672,-0.0564179992675781,0.002),
(-0.0793769989013672,-0.0564179992675781,0.014),(-0.0793769989013672,-0.0553930015563965,
0.002),(-0.0793769989013672,-0.0553930015563965,0.014),(-0.0793769989013672,
0.0753929977416992,0.002),(-0.0793769989013672,0.0753929977416992,0.014),
(-0.0793769989013672,0.0764179992675781,0.002),(-0.0793769989013672,0.0764179992675781,
0.014),(-0.0793479995727539,-0.0565870018005371,0.002),(-0.0793479995727539,
-0.0565870018005371,0.014),(-0.0793479995727539,-0.0552239990234375,0.002),
(-0.0793479995727539,-0.0552239990234375,0.014),(-0.0793479995727539,0.0752239990234375,
0.002),(-0.0793479995727539,0.0752239990234375,0.014),(-0.0793479995727539,
0.0765869979858398,0.002),(-0.0793479995727539,0.0765869979858398,0.014),
(-0.0793099975585938,-0.0567550010681152,0.002),(-0.0793099975585938,-0.0567550010681152,
0.014),(-0.0793099975585938,-0.0550559997558594,0.002),(-0.0793099975585938,
-0.0550559997558594,0.014),(-0.0793099975585938,0.0750559997558594,0.002),
(-0.0793099975585938,0.0750559997558594,0.014),(-0.0793099975585938,0.076754997253418,
0.002),(-0.0793099975585938,0.076754997253418,0.014),(-0.0792639999389649,
-0.054890998840332,0.002),(-0.0792639999389649,0.074890998840332,0.002),
(-0.0792639999389649,0.0769199981689453,0.002),(-0.0792639999389648,-0.0569199981689453,
0.002),(-0.0792639999389648,-0.0569199981689453,0.014),(-0.0792639999389648,
-0.054890998840332,0.014),(-0.0792639999389648,0.074890998840332,0.014),
(-0.0792639999389648,0.0769199981689453,0.014),(-0.0792099990844727,-0.0570830001831055,
0.002),(-0.0792099990844727,-0.0570830001831055,0.014),(-0.0792099990844727,
-0.0547280006408691,0.002),(-0.0792099990844727,-0.0547280006408691,0.014),
(-0.0792099990844727,0.0747279968261719,0.002),(-0.0792099990844727,0.0747279968261719,
0.014),(-0.0792099990844727,0.0770830001831055,0.002),(-0.0792099990844727,
0.0770830001831055,0.014),(-0.0791490020751953,-0.0572430000305176,0.002),
(-0.0791490020751953,-0.0572430000305176,0.014),(-0.0791490020751953,-0.054568000793457,
0.002),(-0.0791490020751953,-0.054568000793457,0.014),(-0.0791490020751953,
0.074568000793457,0.002),(-0.0791490020751953,0.074568000793457,0.014),
(-0.0791490020751953,0.0772429962158203,0.002),(-0.0791490020751953,0.0772429962158203,
0.014),(-0.0790790023803711,-0.0574000015258789,0.002),(-0.0790790023803711,
-0.0574000015258789,0.014),(-0.0790790023803711,-0.0544109992980957,0.002),
(-0.0790790023803711,-0.0544109992980957,0.014),(-0.0790790023803711,0.074411003112793,
0.002),(-0.0790790023803711,0.074411003112793,0.014),(-0.0790790023803711,
0.0774000015258789,0.002),(-0.0790790023803711,0.0774000015258789,0.014),
(-0.0790019989013672,-0.0575530014038086,0.002),(-0.0790019989013672,-0.0575530014038086,
0.014),(-0.0790019989013672,-0.054257999420166,0.002),(-0.0790019989013672,
-0.054257999420166,0.014),(-0.0790019989013672,0.0742580032348633,0.002),
(-0.0790019989013672,0.0742580032348633,0.014),(-0.0790019989013672,0.0775530014038086,
0.002),(-0.0790019989013672,0.0775530014038086,0.014),(-0.0789169998168946,
0.0741090011596679,0.014),(-0.0789169998168945,-0.0577019996643067,0.002),
(-0.0789169998168945,-0.0577019996643066,0.014),(-0.0789169998168945,-0.054109001159668,
0.002),(-0.0789169998168945,-0.054109001159668,0.014),(-0.0789169998168945,
0.074109001159668,0.002),(-0.0789169998168945,0.0777020034790039,0.002),
(-0.0789169998168945,0.0777020034790039,0.014),(-0.0788259963989258,-0.0578470001220703,
0.002),(-0.0788259963989258,-0.0578470001220703,0.014),(-0.0788259963989258,
-0.0539640007019043,0.002),(-0.0788259963989258,-0.0539640007019043,0.014),
(-0.0788259963989258,0.073963996887207,0.002),(-0.0788259963989258,0.073963996887207,
0.014),(-0.0788259963989258,0.0778470001220703,0.002),(-0.0788259963989258,
0.0778470001220703,0.014),(-0.0787269973754883,-0.0579869995117188,0.002),
(-0.0787269973754883,-0.0579869995117188,0.014),(-0.0787269973754883,-0.0538230018615723,
0.002),(-0.0787269973754883,-0.0538230018615723,0.014),(-0.0787269973754883,
0.073822998046875,0.002),(-0.0787269973754883,0.073822998046875,0.014),
(-0.0787269973754883,0.0779869995117187,0.014),(-0.0787269973754883,0.0779869995117188,
0.002),(-0.0786210021972656,-0.0581230010986328,0.002),(-0.0786210021972656,
-0.0581230010986328,0.014),(-0.0786210021972656,-0.0536879997253418,0.002),
(-0.0786210021972656,-0.0536879997253418,0.014),(-0.0786210021972656,0.0736880035400391,
0.002),(-0.0786210021972656,0.0736880035400391,0.014),(-0.0786210021972656,
0.0781230010986328,0.002),(-0.0786210021972656,0.0781230010986328,0.014),
(-0.0785090026855469,-0.0582519989013672,0.002),(-0.0785090026855469,-0.0582519989013672,
0.014),(-0.0785090026855469,-0.0535579986572266,0.002),(-0.0785090026855469,
-0.0535579986572266,0.014),(-0.0785090026855469,0.0735579986572266,0.002),
(-0.0785090026855469,0.0735579986572266,0.014),(-0.0785090026855469,0.0782519989013672,
0.002),(-0.0785090026855469,0.0782519989013672,0.014),(-0.078390998840332,
-0.0583769989013672,0.002),(-0.078390998840332,-0.0583769989013672,0.014),
(-0.078390998840332,-0.0534339981079102,0.002),(-0.078390998840332,-0.0534339981079102,
0.014),(-0.078390998840332,0.0734339981079102,0.002),(-0.078390998840332,
0.0734339981079102,0.014),(-0.078390998840332,0.0783769989013672,0.002),
(-0.078390998840332,0.0783769989013672,0.014),(-0.0782669982910156,-0.0584949989318848,
0.002),(-0.0782669982910156,-0.0584949989318848,0.014),(-0.0782669982910156,
-0.0533160018920899,0.002),(-0.0782669982910156,-0.0533160018920899,0.014),
(-0.0782669982910156,0.0733160018920899,0.002),(-0.0782669982910156,0.0733160018920899,
0.014),(-0.0782669982910156,0.078495002746582,0.002),(-0.0782669982910156,
0.078495002746582,0.014),(-0.0781370010375977,-0.0586069984436035,0.002),
(-0.0781370010375977,-0.0586069984436035,0.014),(-0.0781370010375977,-0.0532039985656738,
0.002),(-0.0781370010375977,-0.0532039985656738,0.014),(-0.0781370010375977,
0.0732040023803711,0.002),(-0.0781370010375977,0.0732040023803711,0.014),
(-0.0781370010375977,0.0786070022583008,0.002),(-0.0781370010375977,0.0786070022583008,
0.014),(-0.0780019989013672,-0.0587130012512207,0.002),(-0.0780019989013672,
-0.0587130012512207,0.014),(-0.0780019989013672,-0.0530979995727539,0.002),
(-0.0780019989013672,-0.0530979995727539,0.014),(-0.0780019989013672,0.0730979995727539,
0.002),(-0.0780019989013672,0.0730979995727539,0.014),(-0.0780019989013672,
0.0787129974365234,0.002),(-0.0780019989013672,0.0787129974365234,0.014),
(-0.0778610000610352,-0.0588110008239746,0.002),(-0.0778610000610352,-0.0588110008239746,
0.014),(-0.0778610000610352,-0.0529990005493164,0.002),(-0.0778610000610352,
-0.0529990005493164,0.014),(-0.0778610000610352,0.0729990005493164,0.002),
(-0.0778610000610352,0.0729990005493164,0.014),(-0.0778610000610352,0.0788109970092774,
0.002),(-0.0778610000610352,0.0788109970092774,0.014),(-0.0777160034179688,
-0.0589029998779297,0.002),(-0.0777160034179688,-0.0589029998779297,0.014),
(-0.0777160034179688,-0.0529080009460449,0.002),(-0.0777160034179688,-0.0529080009460449,
0.014),(-0.0777160034179688,0.0729079971313477,0.002),(-0.0777160034179688,
0.0729079971313477,0.014),(-0.0777160034179688,0.0789029998779297,0.002),
(-0.0777160034179688,0.0789029998779297,0.014),(-0.0775670013427735,-0.0589879989624024,
0.002),(-0.0775670013427735,-0.0589879989624024,0.014),(-0.0775670013427735,
-0.0528230018615723,0.002),(-0.0775670013427735,-0.0528230018615723,0.014),
(-0.0775670013427735,0.072822998046875,0.002),(-0.0775670013427735,0.072822998046875,
0.014),(-0.0775670013427735,0.0789879989624023,0.002),(-0.0775670013427735,
0.0789879989624023,0.014),(-0.0774199981689453,-0.0559049987792969,0.002),
(-0.0774199981689453,-0.0559049987792969,0.014),(-0.0774199981689453,0.0759049987792969,
0.00199699997901916),(-0.0774199981689453,0.0759049987792969,0.014),(-0.0774179992675781,
-0.0559790000915528,0.014),(-0.0774179992675781,-0.0559790000915527,0.002),
(-0.0774179992675781,-0.0558320007324219,0.002),(-0.0774179992675781,-0.0558320007324219,
0.014),(-0.0774179992675781,0.0758320007324219,0.00199699997901916),(-0.0774179992675781,
0.0758320007324219,0.014),(-0.0774179992675781,0.0759789962768555,0.00199699997901916),
(-0.0774179992675781,0.0759789962768555,0.014),(-0.0774140014648438,-0.059064998626709,
0.002),(-0.0774140014648438,-0.059064998626709,0.014),(-0.0774140014648438,
-0.0527459983825684,0.002),(-0.0774140014648438,-0.0527459983825684,0.014),
(-0.0774140014648438,0.0727460021972656,0.002),(-0.0774140014648438,0.0727460021972656,
0.014),(-0.0774140014648438,0.0790650024414063,0.002),(-0.0774140014648438,
0.0790650024414063,0.014),(-0.0774130020141602,-0.0560519981384277,0.014),
(-0.0774130020141602,0.0757580032348633,0.00199699997901916),(-0.0774130020141602,
0.076052001953125,0.014),(-0.0774130020141601,-0.0560519981384277,0.002),
(-0.0774130020141601,-0.055757999420166,0.002),(-0.0774130020141601,-0.055757999420166,
0.014),(-0.0774130020141601,0.0757580032348633,0.014),(-0.0774130020141601,
0.076052001953125,0.00199699997901916),(-0.0774039993286133,-0.0561259994506836,
0.002),(-0.0774039993286133,-0.0561259994506836,0.014),(-0.0774039993286133,
-0.055685001373291,0.002),(-0.0774039993286133,-0.055685001373291,0.014),
(-0.0774039993286133,0.0756849975585937,0.014),(-0.0774039993286133,0.0756849975585938,
0.00199699997901916),(-0.0774039993286133,0.0761259994506836,0.00199699997901916),
(-0.0774039993286133,0.0761259994506836,0.014),(-0.0773909988403321,0.0756129989624022,
0.00199699997901916),(-0.077390998840332,-0.0561980018615723,0.002),(-0.077390998840332,
-0.0561980018615723,0.014),(-0.077390998840332,-0.0556129989624023,0.002),
(-0.077390998840332,-0.0556129989624023,0.014),(-0.077390998840332,0.0756129989624023,
0.014),(-0.077390998840332,0.076197998046875,0.00199699997901916),(-0.077390998840332,
0.076197998046875,0.014),(-0.077375,-0.0562700004577637,0.002),(-0.077375,
-0.0562700004577637,0.014),(-0.077375,-0.055541000366211,0.014),(-0.077375,
-0.0555410003662109,0.002),(-0.077375,0.0755410003662109,0.00199699997901916),
(-0.077375,0.0755410003662109,0.014),(-0.077375,0.0762699966430664,0.00199699997901916),
(-0.077375,0.0762699966430664,0.014),(-0.0773550033569336,-0.0563409996032715,
0.002),(-0.0773550033569336,-0.0563409996032715,0.014),(-0.0773550033569336,
-0.0554700012207031,0.002),(-0.0773550033569336,-0.0554700012207031,0.014),
(-0.0773550033569336,0.0754700012207031,0.00199699997901916),(-0.0773550033569336,
0.0754700012207031,0.014),(-0.0773550033569336,0.0763410034179688,0.00199699997901916),
(-0.0773550033569336,0.0763410034179688,0.014),(-0.0773320007324219,-0.0564109992980957,
0.002),(-0.0773320007324219,-0.0564109992980957,0.014),(-0.0773320007324219,
-0.0554000015258789,0.002),(-0.0773320007324219,-0.0554000015258789,0.014),
(-0.0773320007324219,0.0754000015258789,0.00199699997901916),(-0.0773320007324219,
0.0754000015258789,0.014),(-0.0773320007324219,0.076411003112793,0.00199699997901916),
(-0.0773320007324219,0.076411003112793,0.014),(-0.0773059997558594,-0.0564799995422363,
0.002),(-0.0773059997558594,-0.0564799995422363,0.014),(-0.0773059997558594,
-0.0553310012817383,0.002),(-0.0773059997558594,-0.0553310012817383,0.014),
(-0.0773059997558594,0.0753310012817383,0.00199699997901916),(-0.0773059997558594,
0.0753310012817383,0.014),(-0.0773059997558594,0.0764800033569336,0.00199699997901916),
(-0.0773059997558594,0.0764800033569336,0.014),(-0.0772760009765625,-0.0565470008850098,
0.002),(-0.0772760009765625,-0.0565470008850098,0.014),(-0.0772760009765625,
-0.0552639999389649,0.002),(-0.0772760009765625,-0.0552639999389648,0.014),
(-0.0772760009765625,0.0752639999389648,0.00199699997901916),(-0.0772760009765625,
0.0752639999389648,0.014),(-0.0772760009765625,0.0765469970703125,0.00199699997901916),
(-0.0772760009765625,0.0765469970703125,0.014),(-0.0772570037841797,-0.0591339988708496,
0.002),(-0.0772570037841797,-0.0591339988708496,0.014),(-0.0772570037841797,
-0.0526759986877441,0.002),(-0.0772570037841797,-0.0526759986877441,0.014),
(-0.0772570037841797,0.0726760025024414,0.002),(-0.0772570037841797,0.0726760025024414,
0.014),(-0.0772570037841797,0.0791340026855469,0.002),(-0.0772570037841797,
0.0791340026855469,0.014),(-0.0772429962158203,-0.0566129989624023,0.002),
(-0.0772429962158203,-0.0566129989624023,0.014),(-0.0772429962158203,-0.0551980018615723,
0.002),(-0.0772429962158203,-0.0551980018615723,0.014),(-0.0772429962158203,
0.075197998046875,0.00199699997901916),(-0.0772429962158203,0.075197998046875,
0.014),(-0.0772429962158203,0.0766129989624023,0.00199699997901916),(-0.0772429962158203,
0.0766129989624024,0.014),(-0.0772070007324219,-0.0566769981384277,0.002),
(-0.0772070007324219,-0.0566769981384277,0.014),(-0.0772070007324219,-0.0551339988708496,
0.002),(-0.0772070007324219,-0.0551339988708496,0.014),(-0.0772070007324219,
0.0751340026855469,0.00199699997901916),(-0.0772070007324219,0.0751340026855469,
0.014),(-0.0772070007324219,0.076677001953125,0.00199699997901916),(-0.0772070007324219,
0.076677001953125,0.014),(-0.0771669998168946,-0.0567389984130859,0.014),
(-0.0771669998168946,0.0750719985961914,0.00199699997901916),(-0.0771669998168946,
0.0767389984130859,0.00199699997901916),(-0.0771669998168945,-0.0567389984130859,
0.002),(-0.0771669998168945,-0.0550719985961914,0.002),(-0.0771669998168945,
-0.0550719985961914,0.014),(-0.0771669998168945,0.0750719985961914,0.014),
(-0.0771669998168945,0.0767389984130859,0.014),(-0.077125,-0.056798999786377,
0.002),(-0.077125,-0.056798999786377,0.014),(-0.077125,-0.0550120010375977,
0.002),(-0.077125,-0.0550120010375977,0.014),(-0.077125,0.0750120010375977,
0.00199699997901916),(-0.077125,0.0750120010375977,0.014),(-0.077125,0.0767990036010742,
0.00199699997901916),(-0.077125,0.0767990036010742,0.014),(-0.0770970001220703,
-0.0591959991455078,0.002),(-0.0770970001220703,-0.0591959991455078,0.014),
(-0.0770970001220703,-0.0526150016784668,0.002),(-0.0770970001220703,-0.0526150016784668,
0.014),(-0.0770970001220703,0.0726149978637695,0.002),(-0.0770970001220703,
0.0726149978637695,0.014),(-0.0770970001220703,0.0791959991455078,0.002),
(-0.0770970001220703,0.0791959991455078,0.014),(-0.0770800018310547,-0.0568569984436035,
0.002),(-0.0770800018310547,-0.0568569984436035,0.014),(-0.0770800018310547,
-0.0549539985656738,0.002),(-0.0770800018310547,-0.0549539985656738,0.014),
(-0.0770800018310547,0.0749540023803711,0.00199699997901916),(-0.0770800018310547,
0.0749540023803711,0.014),(-0.0770800018310547,0.0768570022583008,0.00199699997901916),
(-0.0770800018310547,0.0768570022583008,0.014),(-0.0770309982299805,-0.0569129981994629,
0.002),(-0.0770309982299805,-0.0569129981994629,0.014),(-0.0770309982299805,
-0.0548979988098145,0.002),(-0.0770309982299805,-0.0548979988098145,0.014),
(-0.0770309982299805,0.0748980026245117,0.00199699997901916),(-0.0770309982299805,
0.0748980026245117,0.014),(-0.0770309982299805,0.0769130020141602,0.00199699997901916),
(-0.0770309982299805,0.0769130020141602,0.014),(-0.0769810028076172,-0.0569659996032715,
0.002),(-0.0769810028076172,-0.0569659996032715,0.014),(-0.0769810028076172,
-0.0548440017700195,0.002),(-0.0769810028076172,-0.0548440017700195,0.014),
(-0.0769810028076172,0.0748440017700195,0.00199699997901916),(-0.0769810028076172,
0.0748440017700195,0.014),(-0.0769810028076172,0.0769660034179688,0.00199699997901916),
(-0.0769810028076172,0.0769660034179688,0.014),(-0.0769339981079102,0.0725609970092773,
0.002),(-0.0769339981079101,-0.05925,0.002),(-0.0769339981079101,-0.05925,
0.014),(-0.0769339981079101,-0.0525610008239746,0.002),(-0.0769339981079101,
-0.0525610008239746,0.014),(-0.0769339981079101,0.0725609970092773,0.014),
(-0.0769339981079101,0.07925,0.002),(-0.0769339981079101,0.07925,0.014),
(-0.076927001953125,-0.0570169982910156,0.002),(-0.076927001953125,-0.0570169982910156,
0.014),(-0.076927001953125,-0.0547939987182617,0.002),(-0.076927001953125,
-0.0547939987182617,0.014),(-0.076927001953125,0.0747939987182617,0.00199699997901916),
(-0.076927001953125,0.0747939987182617,0.014),(-0.076927001953125,0.0770169982910156,
0.00199699997901916),(-0.076927001953125,0.0770169982910156,0.014),(-0.0768720016479492,
-0.057064998626709,0.002),(-0.0768720016479492,-0.057064998626709,0.014),
(-0.0768720016479492,-0.0547459983825684,0.002),(-0.0768720016479492,-0.0547459983825684,
0.014),(-0.0768720016479492,0.0747460021972656,0.00199699997901916),(-0.0768720016479492,
0.0747460021972656,0.014),(-0.0768720016479492,0.0770650024414063,0.00199699997901916),
(-0.0768720016479492,0.0770650024414063,0.014),(-0.0768130035400391,-0.0571100006103516,
0.002),(-0.0768130035400391,-0.0571100006103516,0.014),(-0.0768130035400391,
-0.0547000007629395,0.002),(-0.0768130035400391,-0.0547000007629395,0.014),
(-0.0768130035400391,0.0746999969482422,0.00199699997901916),(-0.0768130035400391,
0.0746999969482422,0.014),(-0.0768130035400391,0.0771100006103516,0.00199699997901916),
(-0.0768130035400391,0.0771100006103516,0.014),(-0.0767689971923828,-0.0592960014343262,
0.002),(-0.0767689971923828,-0.0592960014343262,0.014),(-0.0767689971923828,
-0.0525149993896484,0.002),(-0.0767689971923828,-0.0525149993896484,0.014),
(-0.0767689971923828,0.0725149993896484,0.002),(-0.0767689971923828,0.0725149993896484,
0.014),(-0.0767689971923828,0.0792959976196289,0.002),(-0.0767689971923828,
0.0792959976196289,0.014),(-0.0767529983520508,-0.0571529998779297,0.002),
(-0.0767529983520508,-0.0571529998779297,0.014),(-0.0767529983520508,-0.0546580009460449,
0.002),(-0.0767529983520508,-0.0546580009460449,0.014),(-0.0767529983520508,
0.0746579971313477,0.00199699997901916),(-0.0767529983520508,0.0746579971313477,
0.014),(-0.0767529983520508,0.0771529998779297,0.00199699997901916),(-0.0767529983520508,
0.0771529998779297,0.014),(-0.0766910018920898,-0.0571920013427736,0.002),
(-0.0766910018920898,-0.0571920013427734,0.014),(-0.0766910018920898,-0.0546180000305176,
0.002),(-0.0766910018920898,-0.0546180000305176,0.014),(-0.0766910018920898,
0.0746179962158203,0.00199699997901916),(-0.0766910018920898,0.0746179962158203,
0.014),(-0.0766910018920898,0.0771920013427734,0.00199699997901916),(-0.0766910018920898,
0.0771920013427734,0.014),(-0.0766269989013672,-0.0572290000915527,0.002),
(-0.0766269989013672,-0.0572290000915527,0.014),(-0.0766269989013672,-0.0545820007324219,
0.002),(-0.0766269989013672,-0.0545820007324219,0.014),(-0.0766269989013672,
0.0745820007324219,0.00199699997901916),(-0.0766269989013672,0.0745820007324219,
0.014),(-0.0766269989013672,0.0772289962768555,0.00199699997901916),(-0.0766269989013672,
0.0772289962768555,0.014),(-0.0766019973754883,-0.0593330001831055,0.002),
(-0.0766019973754883,-0.0593330001831055,0.014),(-0.0766019973754883,-0.0524780006408692,
0.014),(-0.0766019973754883,-0.0524780006408691,0.002),(-0.0766019973754883,
0.0724779968261719,0.002),(-0.0766019973754883,0.0724779968261719,0.014),
(-0.0766019973754883,0.0793330001831055,0.002),(-0.0766019973754883,0.0793330001831055,
0.014),(-0.0765609970092774,-0.0572620010375977,0.002),(-0.0765609970092774,
-0.054548999786377,0.014),(-0.0765609970092774,0.0745490036010742,0.00199699997901916),
(-0.0765609970092774,0.0772620010375977,0.014),(-0.0765609970092773,-0.0572620010375977,
0.014),(-0.0765609970092773,-0.054548999786377,0.002),(-0.0765609970092773,
0.0745490036010742,0.014),(-0.0765609970092773,0.0772620010375977,0.00199699997901916),
(-0.0764940032958984,-0.0572919998168945,0.002),(-0.0764940032958984,-0.0572919998168945,
0.014),(-0.0764940032958984,-0.0545190010070801,0.002),(-0.0764940032958984,
-0.0545190010070801,0.014),(-0.0764940032958984,0.0745189971923828,0.00199699997901916),
(-0.0764940032958984,0.0745189971923828,0.014),(-0.0764940032958984,0.0772919998168945,
0.00199699997901916),(-0.0764940032958984,0.0772919998168945,0.014),(-0.0764329986572266,
-0.0593629989624024,0.002),(-0.0764329986572266,-0.0593629989624023,0.014),
(-0.0764329986572266,-0.0524480018615723,0.002),(-0.0764329986572266,-0.0524480018615723,
0.014),(-0.0764329986572266,0.072447998046875,0.002),(-0.0764329986572266,
0.072447998046875,0.014),(-0.0764329986572266,0.0793629989624023,0.002),
(-0.0764329986572266,0.0793629989624023,0.014),(-0.0764250030517578,-0.057318000793457,
0.002),(-0.0764250030517578,-0.057318000793457,0.014),(-0.0764250030517578,
-0.0544930000305176,0.002),(-0.0764250030517578,-0.0544930000305176,0.014),
(-0.0764250030517578,0.0744929962158203,0.00199699997901916),(-0.0764250030517578,
0.0744929962158203,0.014),(-0.0764250030517578,0.077318000793457,0.00199699997901916),
(-0.0764250030517578,0.077318000793457,0.014),(-0.0763550033569336,-0.0573409996032715,
0.002),(-0.0763550033569336,-0.0573409996032715,0.014),(-0.0763550033569336,
-0.0544700012207031,0.002),(-0.0763550033569336,-0.0544700012207031,0.014),
(-0.0763550033569336,0.0744700012207031,0.00199699997901916),(-0.0763550033569336,
0.0744700012207031,0.014),(-0.0763550033569336,0.0773410034179688,0.00199699997901916),
(-0.0763550033569336,0.0773410034179688,0.014),(-0.0762839965820313,-0.0573610000610352,
0.002),(-0.0762839965820313,0.0744499969482422,0.00199699997901916),(-0.0762839965820312,
-0.0573610000610352,0.014),(-0.0762839965820312,-0.0544500007629395,0.002),
(-0.0762839965820312,-0.0544500007629395,0.014),(-0.0762839965820312,0.0744499969482422,
0.014),(-0.0762839965820312,0.0773610000610352,0.00199699997901916),(-0.0762839965820312,
0.0773610000610352,0.014),(-0.0762620010375977,-0.0593839988708496,0.002),
(-0.0762620010375977,-0.0593839988708496,0.014),(-0.0762620010375977,-0.0524269981384277,
0.002),(-0.0762620010375977,-0.0524269981384277,0.014),(-0.0762620010375977,
0.072427001953125,0.002),(-0.0762620010375977,0.072427001953125,0.014),
(-0.0762620010375977,0.0793840026855469,0.002),(-0.0762620010375977,0.0793840026855469,
0.014),(-0.0762119979858398,-0.0573769989013672,0.002),(-0.0762119979858398,
-0.0573769989013672,0.014),(-0.0762119979858398,-0.0544339981079102,0.002),
(-0.0762119979858398,-0.0544339981079102,0.014),(-0.0762119979858398,0.0744339981079102,
0.00199699997901916),(-0.0762119979858398,0.0744339981079102,0.014),(-0.0762119979858398,
0.0773769989013672,0.00199699997901916),(-0.0762119979858398,0.0773769989013672,
0.014),(-0.0761399993896484,-0.0573889999389649,0.002),(-0.0761399993896484,
-0.0573889999389649,0.014),(-0.0761399993896484,-0.0544210014343262,0.002),
(-0.0761399993896484,-0.0544210014343262,0.014),(-0.0761399993896484,0.0744209976196289,
0.00199699997901916),(-0.0761399993896484,0.0744209976196289,0.014),(-0.0761399993896484,
0.0773889999389649,0.00199699997901916),(-0.0761399993896484,0.0773889999389649,
0.014),(-0.0760910034179688,-0.0593959999084473,0.002),(-0.0760910034179688,
-0.0593959999084473,0.014),(-0.0760910034179688,-0.0524150009155274,0.014),
(-0.0760910034179688,-0.0524150009155273,0.002),(-0.0760910034179688,0.0724150009155273,
0.002),(-0.0760910034179688,0.0724150009155273,0.014),(-0.0760910034179688,
0.0793960037231445,0.002),(-0.0760910034179688,0.0793960037231446,0.014),
(-0.0760670013427734,-0.0573989982604981,0.002),(-0.0760670013427734,-0.0573989982604981,
0.014),(-0.0760670013427734,-0.0544119987487793,0.002),(-0.0760670013427734,
-0.0544119987487793,0.014),(-0.0760670013427734,0.0744120025634766,0.00199699997901916),
(-0.0760670013427734,0.0744120025634766,0.014),(-0.0760670013427734,0.0773990020751953,
0.00199699997901916),(-0.0760670013427734,0.0773990020751953,0.014),(-0.0759929962158203,
-0.0574039993286133,0.002),(-0.0759929962158203,-0.0574039993286133,0.014),
(-0.0759929962158203,-0.0544070014953613,0.002),(-0.0759929962158203,-0.0544070014953613,
0.014),(-0.0759929962158203,0.0744069976806641,0.00199699997901916),(-0.0759929962158203,
0.0744069976806641,0.014),(-0.0759929962158203,0.0774039993286133,0.00199699997901916),
(-0.0759929962158203,0.0774039993286133,0.014),(-0.0759199981689453,-0.0594000015258789,
0.002),(-0.0759199981689453,-0.0594000015258789,0.014),(-0.0759199981689453,
-0.0574059982299805,0.002),(-0.0759199981689453,-0.0574059982299805,0.014),
(-0.0759199981689453,-0.0544049987792969,0.002),(-0.0759199981689453,-0.0544049987792969,
0.014),(-0.0759199981689453,-0.0524099998474121,0.002),(-0.0759199981689453,
-0.0524099998474121,0.014),(-0.0759199981689453,0.0724100036621094,0.002),
(-0.0759199981689453,0.0724100036621094,0.014),(-0.0759199981689453,0.0744049987792969,
0.00199699997901916),(-0.0759199981689453,0.0744049987792969,0.014),(-0.0759199981689453,
0.0774059982299805,0.00199699997901916),(-0.0759199981689453,0.0774059982299805,
0.014),(-0.0759199981689453,0.0794000015258789,0.002),(-0.0759199981689453,
0.0794000015258789,0.014),(-0.0758460006713867,-0.0574039993286133,0.002),
(-0.0758460006713867,-0.0574039993286133,0.014),(-0.0758460006713867,-0.0544070014953613,
0.002),(-0.0758460006713867,-0.0544070014953613,0.014),(-0.0758460006713867,
0.0744069976806641,0.00199699997901916),(-0.0758460006713867,0.0744069976806641,
0.014),(-0.0758460006713867,0.0774039993286133,0.00199699997901916),(-0.0758460006713867,
0.0774039993286133,0.014),(-0.0757730026245117,-0.0573989982604981,0.002),
(-0.0757730026245117,-0.0573989982604981,0.014),(-0.0757730026245117,-0.0544119987487793,
0.002),(-0.0757730026245117,-0.0544119987487793,0.014),(-0.0757730026245117,
0.0744120025634766,0.00199699997901916),(-0.0757730026245117,0.0744120025634766,
0.014),(-0.0757730026245117,0.0773990020751953,0.00199699997901916),(-0.0757730026245117,
0.0773990020751953,0.014),(-0.0757480010986328,-0.0593959999084473,0.002),
(-0.0757480010986328,-0.0593959999084473,0.014),(-0.0757480010986328,-0.0524150009155274,
0.014),(-0.0757480010986328,-0.0524150009155273,0.002),(-0.0757480010986328,
0.0724150009155273,0.002),(-0.0757480010986328,0.0724150009155273,0.014),
(-0.0757480010986328,0.0793960037231445,0.002),(-0.0757480010986328,0.0793960037231445,
0.014),(-0.0756999969482422,-0.0573889999389649,0.002),(-0.0756999969482422,
-0.0573889999389649,0.014),(-0.0756999969482422,-0.0544210014343262,0.002),
(-0.0756999969482422,-0.0544210014343262,0.014),(-0.0756999969482422,0.0744209976196289,
0.00199699997901916),(-0.0756999969482422,0.0744209976196289,0.014),(-0.0756999969482422,
0.0773889999389649,0.00199699997901916),(-0.0756999969482422,0.0773889999389649,
0.014),(-0.0756269989013672,-0.0573769989013672,0.002),(-0.0756269989013672,
-0.0573769989013672,0.014),(-0.0756269989013672,-0.0544339981079102,0.002),
(-0.0756269989013672,-0.0544339981079102,0.014),(-0.0756269989013672,0.0744339981079102,
0.00199699997901916),(-0.0756269989013672,0.0744339981079102,0.014),(-0.0756269989013672,
0.0773769989013672,0.00199699997901916),(-0.0756269989013672,0.0773769989013672,
0.014),(-0.0755770034790039,-0.0593839988708496,0.002),(-0.0755770034790039,
-0.0593839988708496,0.014),(-0.0755770034790039,-0.0524269981384277,0.002),
(-0.0755770034790039,-0.0524269981384277,0.014),(-0.0755770034790039,0.072427001953125,
0.002),(-0.0755770034790039,0.072427001953125,0.014),(-0.0755770034790039,
0.0793840026855469,0.002),(-0.0755770034790039,0.0793840026855469,0.014),
(-0.0755550003051758,-0.0573610000610352,0.002),(-0.0755550003051758,-0.0573610000610352,
0.014),(-0.0755550003051758,-0.0544500007629395,0.002),(-0.0755550003051758,
-0.0544500007629394,0.014),(-0.0755550003051758,0.0744499969482422,0.00199699997901916),
(-0.0755550003051758,0.0744499969482422,0.014),(-0.0755550003051758,0.0773610000610352,
0.014),(-0.0755550003051757,0.0773610000610352,0.00199699997901916),(-0.075484001159668,
-0.0573409996032715,0.002),(-0.075484001159668,-0.0573409996032715,0.014),
(-0.075484001159668,-0.0544700012207031,0.002),(-0.075484001159668,-0.0544700012207031,
0.014),(-0.075484001159668,0.0744700012207031,0.00199699997901916),(-0.075484001159668,
0.0744700012207031,0.014),(-0.075484001159668,0.0773410034179688,0.00199699997901916),
(-0.075484001159668,0.0773410034179688,0.014),(-0.0754140014648438,-0.057318000793457,
0.002),(-0.0754140014648438,-0.057318000793457,0.014),(-0.0754140014648438,
-0.0544930000305176,0.014),(-0.0754140014648438,0.0744929962158203,0.00199699997901916),
(-0.0754140014648438,0.0744929962158203,0.014),(-0.0754140014648438,0.077318000793457,
0.00199699997901916),(-0.0754140014648438,0.077318000793457,0.014),(-0.0754140014648437,
-0.0544930000305175,0.002),(-0.0754069976806641,-0.0593629989624024,0.002),
(-0.0754069976806641,-0.0593629989624024,0.014),(-0.0754069976806641,-0.0524480018615723,
0.002),(-0.0754069976806641,-0.0524480018615723,0.014),(-0.0754069976806641,
0.072447998046875,0.002),(-0.0754069976806641,0.072447998046875,0.014),
(-0.0754069976806641,0.0793629989624023,0.002),(-0.0754069976806641,0.0793629989624024,
0.014),(-0.0753460006713867,-0.0572919998168945,0.002),(-0.0753460006713867,
-0.0572919998168945,0.014),(-0.0753460006713867,-0.0545190010070801,0.002),
(-0.0753460006713867,-0.0545190010070801,0.014),(-0.0753460006713867,0.0745189971923828,
0.00199699997901916),(-0.0753460006713867,0.0745189971923828,0.014),(-0.0753460006713867,
0.0772919998168945,0.00199699997901916),(-0.0753460006713867,0.0772919998168945,
0.014),(-0.0752779998779297,-0.0572620010375977,0.002),(-0.0752779998779297,
-0.0572620010375977,0.014),(-0.0752779998779297,-0.054548999786377,0.002),
(-0.0752779998779297,-0.054548999786377,0.014),(-0.0752779998779297,0.0745490036010742,
0.00199699997901916),(-0.0752779998779297,0.0745490036010742,0.014),(-0.0752779998779297,
0.0772620010375977,0.00199699997901916),(-0.0752779998779297,0.0772620010375977,
0.014),(-0.0752379989624023,-0.0593330001831055,0.002),(-0.0752379989624023,
-0.0593330001831055,0.014),(-0.0752379989624023,-0.0524780006408692,0.002),
(-0.0752379989624023,-0.0524780006408691,0.014),(-0.0752379989624023,0.0724779968261719,
0.002),(-0.0752379989624023,0.0724779968261719,0.014),(-0.0752379989624023,
0.0793330001831055,0.002),(-0.0752379989624023,0.0793330001831055,0.014),
(-0.0752119979858398,-0.0572290000915527,0.002),(-0.0752119979858398,-0.0572290000915527,
0.014),(-0.0752119979858398,-0.0545820007324219,0.002),(-0.0752119979858398,
-0.0545820007324219,0.014),(-0.0752119979858398,0.0745820007324219,0.00199699997901916),
(-0.0752119979858398,0.0745820007324219,0.014),(-0.0752119979858398,0.0772289962768555,
0.00199699997901916),(-0.0752119979858398,0.0772289962768555,0.014),(-0.0751480026245117,
-0.0571920013427735,0.002),(-0.0751480026245117,-0.0571920013427734,0.014),
(-0.0751480026245117,-0.0546180000305176,0.002),(-0.0751480026245117,-0.0546180000305176,
0.014),(-0.0751480026245117,0.0746179962158203,0.00199699997901916),(-0.0751480026245117,
0.0746179962158203,0.014),(-0.0751480026245117,0.0771920013427734,0.00199699997901916),
(-0.0751480026245117,0.0771920013427734,0.014),(-0.0750859985351563,-0.0571529998779297,
0.002),(-0.0750859985351563,-0.0571529998779297,0.014),(-0.0750859985351563,
-0.0546580009460449,0.002),(-0.0750859985351563,-0.0546580009460449,0.014),
(-0.0750859985351563,0.0746579971313477,0.00199699997901916),(-0.0750859985351563,
0.0746579971313477,0.014),(-0.0750859985351563,0.0771529998779297,0.00199699997901916),
(-0.0750859985351563,0.0771529998779297,0.014),(-0.0750699996948242,-0.0592960014343262,
0.002),(-0.0750699996948242,-0.0592960014343262,0.014),(-0.0750699996948242,
-0.0525149993896484,0.002),(-0.0750699996948242,-0.0525149993896484,0.014),
(-0.0750699996948242,0.0725149993896484,0.002),(-0.0750699996948242,0.0725149993896484,
0.014),(-0.0750699996948242,0.0792959976196289,0.002),(-0.0750699996948242,
0.0792959976196289,0.014),(-0.0750260009765625,-0.0571100006103516,0.002),
(-0.0750260009765625,-0.0571100006103516,0.014),(-0.0750260009765625,-0.0547000007629395,
0.002),(-0.0750260009765625,-0.0547000007629395,0.014),(-0.0750260009765625,
0.0746999969482422,0.00199699997901916),(-0.0750260009765625,0.0746999969482422,
0.014),(-0.0750260009765625,0.0771100006103516,0.00199699997901916),(-0.0750260009765625,
0.0771100006103516,0.014),(-0.0749680023193359,-0.057064998626709,0.002),
(-0.0749680023193359,-0.057064998626709,0.014),(-0.0749680023193359,-0.0547459983825684,
0.002),(-0.0749680023193359,-0.0547459983825684,0.014),(-0.0749680023193359,
0.0747460021972656,0.00199699997901916),(-0.0749680023193359,0.0747460021972656,
0.014),(-0.0749680023193359,0.0770650024414063,0.00199699997901916),(-0.0749680023193359,
0.0770650024414063,0.014),(-0.0749120025634766,-0.0570169982910156,0.002),
(-0.0749120025634766,-0.0570169982910156,0.014),(-0.0749120025634766,-0.0547939987182617,
0.002),(-0.0749120025634766,-0.0547939987182617,0.014),(-0.0749120025634766,
0.0747939987182617,0.00199699997901916),(-0.0749120025634766,0.0747939987182617,
0.014),(-0.0749120025634766,0.0770169982910156,0.00199699997901916),(-0.0749120025634766,
0.0770169982910156,0.014),(-0.0749049987792969,-0.05925,0.002),(-0.0749049987792969,
-0.05925,0.014),(-0.0749049987792969,-0.0525610008239746,0.002),(-0.0749049987792969,
-0.0525610008239746,0.014),(-0.0749049987792969,0.0725609970092773,0.002),
(-0.0749049987792969,0.0725609970092773,0.014),(-0.0749049987792969,0.07925,
0.002),(-0.0749049987792969,0.07925,0.014),(-0.074859001159668,-0.0569659996032715,
0.002),(-0.074859001159668,-0.0569659996032715,0.014),(-0.074859001159668,
-0.0548440017700195,0.002),(-0.074859001159668,-0.0548440017700195,0.014),
(-0.074859001159668,0.0748440017700195,0.00199699997901916),(-0.074859001159668,
0.0748440017700195,0.014),(-0.074859001159668,0.0769660034179688,0.00199699997901916),
(-0.074859001159668,0.0769660034179688,0.014),(-0.0748079986572266,-0.0569129981994629,
0.002),(-0.0748079986572266,-0.0569129981994629,0.014),(-0.0748079986572266,
-0.0548979988098145,0.002),(-0.0748079986572266,-0.0548979988098145,0.014),
(-0.0748079986572266,0.0748980026245117,0.014),(-0.0748079986572266,0.0748980026245118,
0.00199699997901916),(-0.0748079986572266,0.0769130020141602,0.00199699997901916),
(-0.0748079986572266,0.0769130020141602,0.014),(-0.0747600021362305,-0.0568569984436035,
0.002),(-0.0747600021362305,-0.0568569984436035,0.014),(-0.0747600021362305,
-0.0549539985656738,0.002),(-0.0747600021362305,-0.0549539985656738,0.014),
(-0.0747600021362305,0.0749540023803711,0.00199699997901916),(-0.0747600021362305,
0.0749540023803711,0.014),(-0.0747600021362305,0.0768570022583008,0.00199699997901916),
(-0.0747600021362305,0.0768570022583008,0.014),(-0.0747419967651367,-0.0591959991455078,
0.002),(-0.0747419967651367,-0.0591959991455078,0.014),(-0.0747419967651367,
-0.0526150016784668,0.002),(-0.0747419967651367,-0.0526150016784668,0.014),
(-0.0747419967651367,0.0726149978637695,0.002),(-0.0747419967651367,0.0726149978637695,
0.014),(-0.0747419967651367,0.0791959991455078,0.002),(-0.0747419967651367,
0.0791959991455078,0.014),(-0.0747149963378906,-0.056798999786377,0.002),
(-0.0747149963378906,-0.056798999786377,0.014),(-0.0747149963378906,-0.0550120010375977,
0.002),(-0.0747149963378906,-0.0550120010375977,0.014),(-0.0747149963378906,
0.0750120010375977,0.00199699997901916),(-0.0747149963378906,0.0750120010375977,
0.014),(-0.0747149963378906,0.0767990036010742,0.00199699997901916),(-0.0747149963378906,
0.0767990036010742,0.014),(-0.0746719970703125,-0.0567389984130859,0.002),
(-0.0746719970703125,-0.0567389984130859,0.014),(-0.0746719970703125,-0.0550719985961914,
0.002),(-0.0746719970703125,-0.0550719985961914,0.014),(-0.0746719970703125,
0.0750719985961914,0.00199699997901916),(-0.0746719970703125,0.0750719985961914,
0.014),(-0.0746719970703125,0.0767389984130859,0.00199699997901916),(-0.0746719970703125,
0.0767389984130859,0.014),(-0.0746330032348633,-0.0566769981384277,0.002),
(-0.0746330032348633,-0.0566769981384277,0.014),(-0.0746330032348633,-0.0551339988708496,
0.002),(-0.0746330032348633,-0.0551339988708496,0.014),(-0.0746330032348633,
0.0751340026855469,0.00199699997901916),(-0.0746330032348633,0.0751340026855469,
0.014),(-0.0746330032348633,0.076677001953125,0.00199699997901916),(-0.0746330032348633,
0.076677001953125,0.014),(-0.0745970001220703,-0.0566129989624023,0.002),
(-0.0745970001220703,-0.0566129989624023,0.014),(-0.0745970001220703,-0.0551980018615723,
0.002),(-0.0745970001220703,-0.0551980018615723,0.014),(-0.0745970001220703,
0.075197998046875,0.00199699997901916),(-0.0745970001220703,0.075197998046875,
0.014),(-0.0745970001220703,0.0766129989624023,0.00199699997901916),(-0.0745970001220703,
0.0766129989624024,0.014),(-0.0745820007324219,-0.0591339988708496,0.002),
(-0.0745820007324219,-0.0591339988708496,0.014),(-0.0745820007324219,-0.0526759986877441,
0.002),(-0.0745820007324219,-0.0526759986877441,0.014),(-0.0745820007324219,
0.0726760025024414,0.002),(-0.0745820007324219,0.0726760025024414,0.014),
(-0.0745820007324219,0.0791340026855469,0.002),(-0.0745820007324219,0.0791340026855469,
0.014),(-0.0745630035400391,-0.0565470008850098,0.002),(-0.0745630035400391,
-0.0565470008850098,0.014),(-0.0745630035400391,-0.0552639999389649,0.002),
(-0.0745630035400391,-0.0552639999389649,0.014),(-0.0745630035400391,0.0752639999389648,
0.014),(-0.0745630035400391,0.0752639999389649,0.00199699997901916),(-0.0745630035400391,
0.0765469970703125,0.00199699997901916),(-0.0745630035400391,0.0765469970703125,
0.014),(-0.0745339965820313,-0.0564799995422363,0.002),(-0.0745339965820313,
-0.0564799995422363,0.014),(-0.0745339965820313,-0.0553310012817383,0.002),
(-0.0745339965820313,-0.0553310012817383,0.014),(-0.0745339965820313,0.0753310012817383,
0.00199699997901916),(-0.0745339965820313,0.0753310012817383,0.014),(-0.0745339965820313,
0.0764800033569336,0.014),(-0.0745339965820312,0.0764800033569336,0.00199699997901916),
(-0.0745070037841797,-0.0564109992980957,0.002),(-0.0745070037841797,-0.0564109992980957,
0.014),(-0.0745070037841797,-0.0554000015258789,0.002),(-0.0745070037841797,
-0.0554000015258789,0.014),(-0.0745070037841797,0.0754000015258789,0.00199699997901916),
(-0.0745070037841797,0.0754000015258789,0.014),(-0.0745070037841797,0.0764110031127929,
0.014),(-0.0745070037841797,0.076411003112793,0.00199699997901916),(-0.074484001159668,
-0.0563409996032715,0.002),(-0.074484001159668,-0.0563409996032715,0.014),
(-0.074484001159668,-0.0554700012207031,0.002),(-0.074484001159668,-0.0554700012207031,
0.014),(-0.074484001159668,0.0754700012207031,0.00199699997901916),(-0.074484001159668,
0.0754700012207031,0.014),(-0.074484001159668,0.0763410034179688,0.00199699997901916),
(-0.074484001159668,0.0763410034179688,0.014),(-0.0744639968872071,-0.0562700004577637,
0.002),(-0.0744639968872071,-0.0562700004577637,0.014),(-0.0744639968872071,
-0.0555410003662109,0.002),(-0.0744639968872071,-0.0555410003662109,0.014),
(-0.0744639968872071,0.0755410003662109,0.014),(-0.074463996887207,0.0755410003662109,
0.00199699997901916),(-0.074463996887207,0.0762699966430664,0.00199699997901916),
(-0.074463996887207,0.0762699966430664,0.014),(-0.074447998046875,-0.0561980018615723,
0.002),(-0.074447998046875,-0.0561980018615723,0.014),(-0.074447998046875,
-0.0556129989624023,0.002),(-0.074447998046875,-0.0556129989624023,0.014),
(-0.074447998046875,0.0756129989624023,0.014),(-0.074447998046875,0.0756129989624024,
0.00199699997901916),(-0.074447998046875,0.076197998046875,0.00199699997901916),
(-0.074447998046875,0.076197998046875,0.014),(-0.0744359970092774,-0.0561259994506836,
0.002),(-0.0744359970092774,-0.0561259994506836,0.014),(-0.0744359970092774,
-0.055685001373291,0.002),(-0.0744359970092774,-0.055685001373291,0.014),
(-0.0744359970092774,0.0756849975585938,0.00199699997901916),(-0.0744359970092774,
0.0756849975585938,0.014),(-0.0744359970092774,0.0761259994506836,0.00199699997901916),
(-0.0744359970092774,0.0761259994506836,0.014),(-0.074427001953125,-0.0560519981384277,
0.002),(-0.074427001953125,-0.0560519981384277,0.014),(-0.074427001953125,
-0.055757999420166,0.002),(-0.074427001953125,-0.055757999420166,0.014),
(-0.074427001953125,0.0757580032348633,0.00199699997901916),(-0.074427001953125,
0.0757580032348633,0.014),(-0.074427001953125,0.076052001953125,0.00199699997901916),
(-0.074427001953125,0.076052001953125,0.014),(-0.0744250030517578,-0.059064998626709,
0.002),(-0.0744250030517578,-0.059064998626709,0.014),(-0.0744250030517578,
-0.0527459983825684,0.002),(-0.0744250030517578,-0.0527459983825684,0.014),
(-0.0744250030517578,0.0727460021972656,0.002),(-0.0744250030517578,0.0727460021972656,
0.014),(-0.0744250030517578,0.0790650024414063,0.002),(-0.0744250030517578,
0.0790650024414063,0.014),(-0.0744209976196289,-0.0559790000915528,0.014),
(-0.0744209976196289,-0.0559790000915527,0.002),(-0.0744209976196289,-0.0558320007324219,
0.002),(-0.0744209976196289,-0.0558320007324219,0.014),(-0.0744209976196289,
0.0758320007324219,0.00199699997901916),(-0.0744209976196289,0.0758320007324219,
0.014),(-0.0744209976196289,0.0759789962768555,0.00199699997901916),(-0.0744209976196289,
0.0759789962768555,0.014),(-0.0744189987182617,-0.0559049987792969,0.002),
(-0.0744189987182617,-0.0559049987792969,0.014),(-0.0744189987182617,0.0759049987792969,
0.00199699997901916),(-0.0744189987182617,0.0759049987792969,0.014),(-0.0742720031738281,
-0.0589879989624024,0.002),(-0.0742720031738281,-0.0589879989624024,0.014),
(-0.0742720031738281,-0.0528230018615723,0.002),(-0.0742720031738281,-0.0528230018615723,
0.014),(-0.0742720031738281,0.072822998046875,0.002),(-0.0742720031738281,
0.072822998046875,0.014),(-0.0742720031738281,0.0789879989624023,0.002),
(-0.0742720031738281,0.0789879989624023,0.014),(-0.0741230010986328,-0.0589029998779297,
0.002),(-0.0741230010986328,-0.0589029998779297,0.014),(-0.0741230010986328,
-0.0529080009460449,0.002),(-0.0741230010986328,-0.0529080009460449,0.014),
(-0.0741230010986328,0.0729079971313477,0.002),(-0.0741230010986328,0.0729079971313477,
0.014),(-0.0741230010986328,0.0789029998779297,0.002),(-0.0741230010986328,
0.0789029998779297,0.014),(-0.0739779968261719,-0.0588110008239746,0.002),
(-0.0739779968261719,-0.0588110008239746,0.014),(-0.0739779968261719,-0.0529990005493164,
0.002),(-0.0739779968261719,-0.0529990005493164,0.014),(-0.0739779968261719,
0.0729990005493164,0.002),(-0.0739779968261719,0.0729990005493164,0.014),
(-0.0739779968261719,0.0788109970092774,0.002),(-0.0739779968261719,0.0788109970092774,
0.014),(-0.0738379974365234,-0.0587130012512207,0.002),(-0.0738379974365234,
-0.0587130012512207,0.014),(-0.0738379974365234,-0.0530979995727539,0.002),
(-0.0738379974365234,-0.0530979995727539,0.014),(-0.0738379974365234,0.0730979995727539,
0.002),(-0.0738379974365234,0.0730979995727539,0.014),(-0.0738379974365234,
0.0787129974365234,0.002),(-0.0738379974365234,0.0787129974365234,0.014),
(-0.0737030029296875,-0.0586069984436035,0.002),(-0.0737030029296875,-0.0586069984436035,
0.014),(-0.0737030029296875,-0.0532039985656738,0.002),(-0.0737030029296875,
-0.0532039985656738,0.014),(-0.0737030029296875,0.0732040023803711,0.002),
(-0.0737030029296875,0.0732040023803711,0.014),(-0.0737030029296875,0.0786070022583008,
0.002),(-0.0737030029296875,0.0786070022583008,0.014),(-0.073572998046875,
-0.0584949989318848,0.002),(-0.073572998046875,-0.0584949989318848,0.014),
(-0.073572998046875,-0.0533160018920899,0.002),(-0.073572998046875,-0.0533160018920899,
0.014),(-0.073572998046875,0.0733160018920899,0.002),(-0.073572998046875,
0.0733160018920899,0.014),(-0.073572998046875,0.078495002746582,0.002),
(-0.073572998046875,0.078495002746582,0.014),(-0.073447998046875,-0.0583769989013672,
0.002),(-0.073447998046875,-0.0583769989013672,0.014),(-0.073447998046875,
-0.0534339981079102,0.002),(-0.073447998046875,-0.0534339981079102,0.014),
(-0.073447998046875,0.0734339981079102,0.002),(-0.073447998046875,0.0734339981079102,
0.014),(-0.073447998046875,0.0783769989013672,0.002),(-0.073447998046875,
0.0783769989013672,0.014),(-0.0733300018310547,-0.0582519989013672,0.002),
(-0.0733300018310547,-0.0582519989013672,0.014),(-0.0733300018310547,-0.0535579986572266,
0.002),(-0.0733300018310547,-0.0535579986572266,0.014),(-0.0733300018310547,
0.0735579986572266,0.002),(-0.0733300018310547,0.0735579986572266,0.014),
(-0.0733300018310547,0.0782519989013672,0.002),(-0.0733300018310547,0.0782519989013672,
0.014),(-0.0732180023193359,-0.0581230010986328,0.002),(-0.0732180023193359,
-0.0581230010986328,0.014),(-0.0732180023193359,-0.0536879997253418,0.002),
(-0.0732180023193359,-0.0536879997253418,0.014),(-0.0732180023193359,0.0736880035400391,
0.002),(-0.0732180023193359,0.0736880035400391,0.014),(-0.0732180023193359,
0.0781230010986328,0.002),(-0.0732180023193359,0.0781230010986328,0.014),
(-0.0731129989624024,-0.0579869995117188,0.002),(-0.0731129989624024,-0.0579869995117188,
0.014),(-0.0731129989624024,-0.0538230018615723,0.002),(-0.0731129989624024,
-0.0538230018615723,0.014),(-0.0731129989624024,0.073822998046875,0.002),
(-0.0731129989624024,0.073822998046875,0.014),(-0.0731129989624024,0.0779869995117187,
0.014),(-0.0731129989624024,0.0779869995117188,0.002),(-0.0730139999389649,
-0.0578470001220703,0.002),(-0.0730139999389649,-0.0578470001220703,0.014),
(-0.0730139999389649,-0.0539640007019043,0.002),(-0.0730139999389649,-0.0539640007019043,
0.014),(-0.0730139999389649,0.073963996887207,0.002),(-0.0730139999389649,
0.073963996887207,0.014),(-0.0730139999389649,0.0778470001220703,0.002),
(-0.0730139999389649,0.0778470001220703,0.014),(-0.0729219970703125,-0.0577019996643067,
0.002),(-0.0729219970703125,-0.0577019996643067,0.014),(-0.0729219970703125,
-0.054109001159668,0.002),(-0.0729219970703125,-0.054109001159668,0.014),
(-0.0729219970703125,0.074109001159668,0.002),(-0.0729219970703125,0.074109001159668,
0.014),(-0.0729219970703125,0.0777020034790039,0.002),(-0.0729219970703125,
0.0777020034790039,0.014),(-0.0728369979858399,-0.0575530014038086,0.014),
(-0.0728369979858399,-0.054257999420166,0.002),(-0.0728369979858399,-0.054257999420166,
0.014),(-0.0728369979858399,0.0742580032348633,0.002),(-0.0728369979858399,
0.0742580032348633,0.014),(-0.0728369979858399,0.0775530014038086,0.014),
(-0.0728369979858398,-0.0575530014038086,0.002),(-0.0728369979858398,0.0775530014038086,
0.002),(-0.0727600021362305,-0.0574000015258789,0.002),(-0.0727600021362305,
-0.0574000015258789,0.014),(-0.0727600021362305,-0.0544109992980957,0.002),
(-0.0727600021362305,-0.0544109992980957,0.014),(-0.0727600021362305,0.074411003112793,
0.002),(-0.0727600021362305,0.074411003112793,0.014),(-0.0727600021362305,
0.0774000015258789,0.002),(-0.0727600021362305,0.0774000015258789,0.014),
(-0.0726910018920899,-0.0572430000305176,0.002),(-0.0726910018920899,-0.0572430000305176,
0.014),(-0.0726910018920899,-0.054568000793457,0.002),(-0.0726910018920899,
-0.054568000793457,0.014),(-0.0726910018920899,0.074568000793457,0.002),
(-0.0726910018920899,0.074568000793457,0.014),(-0.0726910018920899,0.0772429962158203,
0.002),(-0.0726910018920899,0.0772429962158203,0.014),(-0.0726289978027344,
-0.0570830001831055,0.002),(-0.0726289978027344,-0.0570830001831055,0.014),
(-0.0726289978027344,-0.0547280006408691,0.002),(-0.0726289978027344,-0.0547280006408691,
0.014),(-0.0726289978027344,0.0747279968261719,0.002),(-0.0726289978027344,
0.0747279968261719,0.014),(-0.0726289978027344,0.0770830001831055,0.002),
(-0.0726289978027344,0.0770830001831055,0.014),(-0.0725749969482422,-0.0569199981689453,
0.002),(-0.0725749969482422,-0.0569199981689453,0.014),(-0.0725749969482422,
-0.054890998840332,0.002),(-0.0725749969482422,-0.054890998840332,0.014),
(-0.0725749969482422,0.074890998840332,0.002),(-0.0725749969482422,0.074890998840332,
0.014),(-0.0725749969482422,0.0769199981689453,0.002),(-0.0725749969482422,
0.0769199981689453,0.014),(-0.0725289993286133,-0.0567550010681152,0.002),
(-0.0725289993286133,-0.0567550010681152,0.014),(-0.0725289993286133,-0.0550559997558594,
0.002),(-0.0725289993286133,-0.0550559997558594,0.014),(-0.0725289993286133,
0.0750559997558594,0.002),(-0.0725289993286133,0.0750559997558594,0.014),
(-0.0725289993286133,0.076754997253418,0.002),(-0.0725289993286133,0.076754997253418,
0.014),(-0.0724919967651367,-0.0565870018005371,0.002),(-0.0724919967651367,
-0.0565870018005371,0.014),(-0.0724919967651367,-0.0552239990234375,0.002),
(-0.0724919967651367,-0.0552239990234375,0.014),(-0.0724919967651367,0.0752239990234375,
0.002),(-0.0724919967651367,0.0752239990234375,0.014),(-0.0724919967651367,
0.0765869979858398,0.002),(-0.0724919967651367,0.0765869979858398,0.014),
(-0.0724629974365234,-0.0564179992675781,0.002),(-0.0724629974365234,-0.0564179992675781,
0.014),(-0.0724629974365234,-0.0553930015563965,0.002),(-0.0724629974365234,
-0.0553930015563965,0.014),(-0.0724629974365234,0.0753929977416992,0.002),
(-0.0724629974365234,0.0753929977416992,0.014),(-0.0724629974365234,0.0764179992675781,
0.002),(-0.0724629974365234,0.0764179992675781,0.014),(-0.0724420013427734,
-0.0562480010986328,0.002),(-0.0724420013427734,-0.0562480010986328,0.014),
(-0.0724420013427734,-0.0555629997253418,0.002),(-0.0724420013427734,-0.0555629997253418,
0.014),(-0.0724420013427734,0.0755630035400391,0.002),(-0.0724420013427734,
0.0755630035400391,0.014),(-0.0724420013427734,0.0762480010986328,0.002),
(-0.0724420013427734,0.0762480010986328,0.014),(-0.0724290008544922,-0.0560769996643066,
0.002),(-0.0724290008544922,-0.0560769996643066,0.014),(-0.0724290008544922,
-0.055734001159668,0.002),(-0.0724290008544922,-0.055734001159668,0.014),
(-0.0724290008544922,0.075734001159668,0.002),(-0.0724290008544922,0.075734001159668,
0.014),(-0.0724290008544922,0.0760770034790039,0.002),(-0.0724290008544922,
0.0760770034790039,0.014),(-0.0724250030517578,-0.0559049987792969,0.002),
(-0.0724250030517578,-0.0559049987792969,0.014),(-0.0724250030517578,0.0759049987792969,
0.002),(-0.0724250030517578,0.0759049987792969,0.014),(-0.00600299978256226,
0.0759980010986328,0.00199800002574921),(-0.00600299978256226,0.0799000015258789,
0.00199800002574921),(-0.00600299978256226,0.080302001953125,0.00199800002574921),
(-0.00600299978256226,0.0818970031738281,0.00199800002574921),(-0.00600299978256225,
0.0759980010986329,0.002),(-0.00600299978256225,0.0799000015258789,0.002),
(-0.00600299978256225,0.080302001953125,0.0120030002593994),(-0.00600299978256225,
0.0818970031738281,0.0120030002593994),(0.00600299978256225,0.0799000015258789,
0.002),(0.00600299978256225,0.080302001953125,0.0120030002593994),(0.00600299978256225,
0.0818970031738281,0.0120030002593994),(0.00600299978256226,0.0759980010986328,
0.00199800002574921),(0.00600299978256226,0.0759980010986328,0.002),(0.00600299978256226,
0.0799000015258789,0.00199800002574921),(0.00600299978256226,0.080302001953125,
0.00199800002574921),(0.00600299978256226,0.0818970031738281,0.00199800002574921),
(0.011,-0.0599000015258788,0.002),(0.011,0.0799000015258789,0.00199699997901916),
(0.011,0.080302001953125,0.00199699997901916),(0.0129980001449585,0.080302001953125,
0.00299799990653992),(0.0129980001449585,0.080302001953125,0.0130030002593994),
(0.0129980001449585,0.0818970031738281,0.00299799990653992),(0.0129980001449585,
0.0818970031738281,0.0130030002593994),(0.0139980001449585,0.080302001953125,
0.0210270004272461),(0.0139980001449585,0.080302001953125,0.026),(0.0139980001449585,
0.0818970031738281,0.0210270004272461),(0.0139980001449585,0.0818970031738281,
0.026),(0.0250030002593994,0.080302001953125,0.0210270004272461),(0.0250030002593994,
0.080302001953125,0.026),(0.0250030002593994,0.0818970031738281,0.0210270004272461),
(0.0250030002593994,0.0818970031738281,0.026),(0.0270030002593994,0.080302001953125,
0.00299799990653992),(0.0270030002593994,0.080302001953125,0.0130030002593994),
(0.0270030002593994,0.0818970031738281,0.00299799990653992),(0.0270030002593994,
0.0818970031738281,0.0130030002593994),(0.0324249992370605,-0.0559049987792969,
0.002),(0.0324249992370605,-0.0559049987792969,0.014),(0.0324249992370605,
0.0759049987792969,0.002),(0.0324249992370605,0.0759049987792969,0.014),
(0.0324290008544922,-0.0560769996643066,0.002),(0.0324290008544922,-0.0560769996643066,
0.014),(0.0324290008544922,-0.055734001159668,0.002),(0.0324290008544922,
-0.055734001159668,0.014),(0.0324290008544922,0.075734001159668,0.002),
(0.0324290008544922,0.075734001159668,0.014),(0.0324290008544922,0.0760770034790039,
0.002),(0.0324290008544922,0.0760770034790039,0.014),(0.0324420013427735,
-0.0562480010986328,0.002),(0.0324420013427735,-0.0562480010986328,0.014),
(0.0324420013427735,-0.0555629997253418,0.002),(0.0324420013427735,-0.0555629997253418,
0.014),(0.0324420013427735,0.0755630035400391,0.002),(0.0324420013427735,
0.0755630035400391,0.014),(0.0324420013427735,0.0762480010986328,0.002),
(0.0324420013427735,0.0762480010986328,0.014),(0.0324630012512207,-0.0564179992675781,
0.002),(0.0324630012512207,-0.0564179992675781,0.014),(0.0324630012512207,
-0.0553930015563965,0.002),(0.0324630012512207,-0.0553930015563965,0.014),
(0.0324630012512207,0.0753929977416992,0.002),(0.0324630012512207,0.0753929977416992,
0.014),(0.0324630012512207,0.0764179992675781,0.002),(0.0324630012512207,
0.0764179992675781,0.014),(0.032492000579834,-0.0565870018005371,0.002),
(0.032492000579834,-0.0565870018005371,0.014),(0.032492000579834,-0.0552239990234375,
0.002),(0.032492000579834,-0.0552239990234375,0.014),(0.032492000579834,
0.0752239990234375,0.002),(0.032492000579834,0.0752239990234375,0.014),
(0.032492000579834,0.0765869979858398,0.002),(0.032492000579834,0.0765869979858398,
0.014),(0.0325289993286133,-0.0567550010681152,0.002),(0.0325289993286133,
-0.0567550010681152,0.014),(0.0325289993286133,-0.0550559997558594,0.002),
(0.0325289993286133,-0.0550559997558594,0.014),(0.0325289993286133,0.0750559997558594,
0.002),(0.0325289993286133,0.0750559997558594,0.014),(0.0325289993286133,
0.076754997253418,0.002),(0.0325289993286133,0.076754997253418,0.014),(0.0325750007629395,
-0.0569199981689453,0.002),(0.0325750007629395,-0.0569199981689453,0.014),
(0.0325750007629395,-0.054890998840332,0.002),(0.0325750007629395,-0.054890998840332,
0.014),(0.0325750007629395,0.074890998840332,0.002),(0.0325750007629395,
0.074890998840332,0.014),(0.0325750007629395,0.0769199981689453,0.002),
(0.0325750007629395,0.0769199981689453,0.014),(0.0326290016174317,-0.0570830001831055,
0.002),(0.0326290016174317,-0.0570830001831055,0.014),(0.0326290016174317,
-0.0547280006408692,0.002),(0.0326290016174317,-0.0547280006408692,0.014),
(0.0326290016174317,0.0747279968261719,0.002),(0.0326290016174317,0.0747279968261719,
0.014),(0.0326290016174317,0.0770830001831055,0.002),(0.0326290016174317,
0.0770830001831055,0.014),(0.0326910018920899,-0.0572430000305176,0.002),
(0.0326910018920899,-0.0572430000305176,0.014),(0.0326910018920899,-0.054568000793457,
0.002),(0.0326910018920899,-0.054568000793457,0.014),(0.0326910018920899,
0.074568000793457,0.002),(0.0326910018920899,0.074568000793457,0.014),(0.0326910018920899,
0.0772429962158203,0.002),(0.0326910018920899,0.0772429962158203,0.014),
(0.0327599983215332,-0.0574000015258789,0.002),(0.0327599983215332,-0.0574000015258789,
0.014),(0.0327599983215332,-0.0544109992980957,0.002),(0.0327599983215332,
-0.0544109992980957,0.014),(0.0327599983215332,0.074411003112793,0.002),
(0.0327599983215332,0.074411003112793,0.014),(0.0327599983215332,0.0774000015258789,
0.002),(0.0327599983215332,0.0774000015258789,0.014),(0.0328370018005371,
-0.0575530014038086,0.002),(0.0328370018005371,-0.0575530014038086,0.014),
(0.0328370018005371,-0.054257999420166,0.002),(0.0328370018005371,-0.054257999420166,
0.014),(0.0328370018005371,0.0742580032348633,0.002),(0.0328370018005371,
0.0742580032348633,0.014),(0.0328370018005371,0.0775530014038086,0.002),
(0.0328370018005371,0.0775530014038086,0.014),(0.0329220008850097,-0.0577019996643067,
0.014),(0.0329220008850097,-0.0577019996643066,0.002),(0.0329220008850097,
-0.054109001159668,0.002),(0.0329220008850097,-0.054109001159668,0.014),
(0.0329220008850097,0.074109001159668,0.002),(0.0329220008850097,0.074109001159668,
0.014),(0.0329220008850097,0.0777020034790039,0.002),(0.0329220008850097,
0.0777020034790039,0.014),(0.0330139999389649,-0.0578470001220703,0.002),
(0.0330139999389649,-0.0578470001220703,0.014),(0.0330139999389649,-0.0539640007019043,
0.002),(0.0330139999389649,-0.0539640007019043,0.014),(0.0330139999389649,
0.073963996887207,0.002),(0.0330139999389649,0.073963996887207,0.014),(0.0330139999389649,
0.0778470001220703,0.002),(0.0330139999389649,0.0778470001220703,0.014),
(0.0331129989624023,-0.0579869995117188,0.002),(0.0331129989624023,-0.0579869995117188,
0.014),(0.0331129989624023,-0.0538230018615723,0.002),(0.0331129989624023,
-0.0538230018615723,0.014),(0.0331129989624023,0.073822998046875,0.002),
(0.0331129989624023,0.073822998046875,0.014),(0.0331129989624023,0.0779869995117187,
0.014),(0.0331129989624023,0.0779869995117188,0.002),(0.0332179985046386,
-0.0581230010986328,0.002),(0.0332179985046386,-0.0581230010986328,0.014),
(0.0332179985046386,-0.0536879997253418,0.002),(0.0332179985046386,-0.0536879997253418,
0.014),(0.0332179985046386,0.0736880035400391,0.002),(0.0332179985046386,
0.0736880035400391,0.014),(0.0332179985046386,0.0781230010986328,0.002),
(0.0332179985046386,0.0781230010986328,0.014),(0.0333300018310547,-0.0582519989013672,
0.002),(0.0333300018310547,-0.0582519989013672,0.014),(0.0333300018310547,
-0.0535579986572266,0.002),(0.0333300018310547,-0.0535579986572266,0.014),
(0.0333300018310547,0.0735579986572266,0.002),(0.0333300018310547,0.0735579986572266,
0.014),(0.0333300018310547,0.0782519989013672,0.002),(0.0333300018310547,
0.0782519989013672,0.014),(0.0334480018615722,-0.0583769989013672,0.002),
(0.0334480018615722,-0.0583769989013672,0.014),(0.0334480018615722,-0.0534339981079102,
0.002),(0.0334480018615722,-0.0534339981079102,0.014),(0.0334480018615722,
0.0734339981079102,0.002),(0.0334480018615722,0.0734339981079102,0.014),
(0.0334480018615722,0.0783769989013672,0.002),(0.0334480018615722,0.0783769989013672,
0.014),(0.0335730018615722,-0.0584949989318848,0.002),(0.0335730018615722,
-0.0584949989318848,0.014),(0.0335730018615722,-0.0533160018920899,0.002),
(0.0335730018615722,-0.0533160018920899,0.014),(0.0335730018615722,0.0733160018920899,
0.002),(0.0335730018615722,0.0733160018920899,0.014),(0.0335730018615722,
0.078495002746582,0.002),(0.0335730018615722,0.078495002746582,0.014),(0.0337029991149903,
-0.0586069984436035,0.002),(0.0337029991149903,-0.0586069984436035,0.014),
(0.0337029991149903,-0.0532039985656738,0.002),(0.0337029991149903,-0.0532039985656738,
0.014),(0.0337029991149903,0.0732040023803711,0.002),(0.0337029991149903,
0.0732040023803711,0.014),(0.0337029991149903,0.0786070022583008,0.002),
(0.0337029991149903,0.0786070022583008,0.014),(0.0338380012512207,-0.0587130012512207,
0.002),(0.0338380012512207,-0.0587130012512207,0.014),(0.0338380012512207,
-0.0530979995727539,0.002),(0.0338380012512207,-0.0530979995727539,0.014),
(0.0338380012512207,0.0730979995727539,0.002),(0.0338380012512207,0.0730979995727539,
0.014),(0.0338380012512207,0.0787129974365234,0.002),(0.0338380012512207,
0.0787129974365234,0.014),(0.0339780006408692,-0.0588110008239746,0.002),
(0.0339780006408692,-0.0588110008239746,0.014),(0.0339780006408692,-0.0529990005493164,
0.002),(0.0339780006408692,-0.0529990005493164,0.014),(0.0339780006408692,
0.0729990005493164,0.002),(0.0339780006408692,0.0729990005493164,0.014),
(0.0339780006408692,0.0788109970092774,0.002),(0.0339780006408692,0.0788109970092774,
0.014),(0.0341230010986328,-0.0589029998779297,0.002),(0.0341230010986328,
-0.0589029998779297,0.014),(0.0341230010986328,-0.0529080009460449,0.002),
(0.0341230010986328,-0.0529080009460449,0.014),(0.0341230010986328,0.0729079971313477,
0.002),(0.0341230010986328,0.0729079971313477,0.014),(0.0341230010986328,
0.0789029998779297,0.002),(0.0341230010986328,0.0789029998779297,0.014),
(0.0342719993591309,-0.0589879989624024,0.002),(0.0342719993591309,-0.0589879989624024,
0.014),(0.0342719993591309,-0.0528230018615723,0.002),(0.0342719993591309,
-0.0528230018615723,0.014),(0.0342719993591309,0.072822998046875,0.002),
(0.0342719993591309,0.072822998046875,0.014),(0.0342719993591309,0.0789879989624023,
0.002),(0.0342719993591309,0.0789879989624023,0.014),(0.0344189987182617,
-0.0559049987792969,0.002),(0.0344189987182617,-0.0559049987792969,0.014),
(0.0344189987182617,0.0759049987792969,0.002),(0.0344189987182617,0.0759049987792969,
0.014),(0.0344210014343262,-0.0559790000915528,0.014),(0.0344210014343262,
-0.0559790000915527,0.002),(0.0344210014343262,-0.0558320007324219,0.002),
(0.0344210014343262,-0.0558320007324219,0.014),(0.0344210014343262,0.0758320007324219,
0.002),(0.0344210014343262,0.0758320007324219,0.014),(0.0344210014343262,
0.0759789962768555,0.002),(0.0344210014343262,0.0759789962768555,0.014),
(0.0344249992370605,-0.059064998626709,0.002),(0.0344249992370605,-0.059064998626709,
0.014),(0.0344249992370605,-0.0527459983825684,0.002),(0.0344249992370605,
-0.0527459983825684,0.014),(0.0344249992370605,0.0727460021972656,0.002),
(0.0344249992370605,0.0727460021972656,0.014),(0.0344249992370605,0.0790650024414063,
0.002),(0.0344249992370605,0.0790650024414063,0.014),(0.0344269981384277,
-0.0560519981384277,0.002),(0.0344269981384277,-0.0560519981384277,0.014),
(0.0344269981384277,-0.055757999420166,0.002),(0.0344269981384277,-0.055757999420166,
0.014),(0.0344269981384277,0.0757580032348633,0.002),(0.0344269981384277,
0.0757580032348633,0.014),(0.0344269981384277,0.076052001953125,0.002),
(0.0344269981384277,0.076052001953125,0.014),(0.0344360008239746,-0.0561259994506836,
0.002),(0.0344360008239746,-0.0561259994506836,0.014),(0.0344360008239746,
-0.055685001373291,0.002),(0.0344360008239746,-0.055685001373291,0.014),
(0.0344360008239746,0.0756849975585937,0.002),(0.0344360008239746,0.0756849975585938,
0.014),(0.0344360008239746,0.0761259994506836,0.002),(0.0344360008239746,
0.0761259994506836,0.014),(0.0344480018615722,-0.0561980018615723,0.002),
(0.0344480018615722,-0.0561980018615723,0.014),(0.0344480018615722,-0.0556129989624023,
0.002),(0.0344480018615722,-0.0556129989624023,0.014),(0.0344480018615722,
0.0756129989624023,0.002),(0.0344480018615722,0.0756129989624023,0.014),
(0.0344480018615722,0.076197998046875,0.002),(0.0344480018615722,0.076197998046875,
0.014),(0.0344640007019043,-0.0562700004577637,0.002),(0.0344640007019043,
-0.0562700004577637,0.014),(0.0344640007019043,-0.055541000366211,0.014),
(0.0344640007019043,-0.0555410003662109,0.002),(0.0344640007019043,0.0755410003662109,
0.002),(0.0344640007019043,0.0755410003662109,0.014),(0.0344640007019043,
0.0762699966430664,0.002),(0.0344640007019043,0.0762699966430664,0.014),
(0.034484001159668,-0.0563409996032715,0.002),(0.034484001159668,-0.0563409996032715,
0.014),(0.034484001159668,-0.0554700012207031,0.002),(0.034484001159668,
-0.0554700012207031,0.014),(0.034484001159668,0.0754700012207031,0.002),
(0.034484001159668,0.0754700012207031,0.014),(0.034484001159668,0.0763410034179688,
0.002),(0.034484001159668,0.0763410034179688,0.014),(0.0345069999694824,
-0.0564109992980957,0.002),(0.0345069999694824,-0.0564109992980957,0.014),
(0.0345069999694824,-0.0554000015258789,0.002),(0.0345069999694824,-0.0554000015258789,
0.014),(0.0345069999694824,0.0754000015258789,0.002),(0.0345069999694824,
0.0754000015258789,0.014),(0.0345069999694824,0.076411003112793,0.002),
(0.0345069999694824,0.076411003112793,0.014),(0.0345340003967285,-0.0564799995422363,
0.002),(0.0345340003967285,-0.0564799995422363,0.014),(0.0345340003967285,
-0.0553310012817383,0.002),(0.0345340003967285,-0.0553310012817383,0.014),
(0.0345340003967285,0.0753310012817383,0.002),(0.0345340003967285,0.0753310012817383,
0.014),(0.0345340003967285,0.0764800033569336,0.002),(0.0345340003967285,
0.0764800033569336,0.014),(0.0345629997253418,-0.0565470008850098,0.002),
(0.0345629997253418,-0.0565470008850098,0.014),(0.0345629997253418,-0.0552639999389649,
0.014),(0.0345629997253418,-0.0552639999389648,0.002),(0.0345629997253418,
0.0752639999389649,0.002),(0.0345629997253418,0.0752639999389649,0.014),
(0.0345629997253418,0.0765469970703125,0.002),(0.0345629997253418,0.0765469970703125,
0.014),(0.0345820007324219,-0.0591339988708496,0.002),(0.0345820007324219,
-0.0591339988708496,0.014),(0.0345820007324219,-0.0526759986877441,0.002),
(0.0345820007324219,-0.0526759986877441,0.014),(0.0345820007324219,0.0726760025024414,
0.002),(0.0345820007324219,0.0726760025024414,0.014),(0.0345820007324219,
0.0791340026855469,0.002),(0.0345820007324219,0.0791340026855469,0.014),
(0.0345970001220703,-0.0566129989624023,0.002),(0.0345970001220703,-0.0566129989624023,
0.014),(0.0345970001220703,-0.0551980018615723,0.002),(0.0345970001220703,
-0.0551980018615723,0.014),(0.0345970001220703,0.075197998046875,0.002),
(0.0345970001220703,0.075197998046875,0.014),(0.0345970001220703,0.0766129989624023,
0.014),(0.0345970001220703,0.0766129989624024,0.002),(0.034632999420166,
-0.0566769981384277,0.002),(0.034632999420166,-0.0566769981384277,0.014),
(0.034632999420166,-0.0551339988708496,0.002),(0.034632999420166,-0.0551339988708496,
0.014),(0.034632999420166,0.0751340026855469,0.002),(0.034632999420166,
0.0751340026855469,0.014),(0.034632999420166,0.076677001953125,0.002),(0.034632999420166,
0.076677001953125,0.014),(0.0346720008850097,-0.0567389984130859,0.002),
(0.0346720008850097,-0.0567389984130859,0.014),(0.0346720008850097,-0.0550719985961914,
0.002),(0.0346720008850097,-0.0550719985961914,0.014),(0.0346720008850097,
0.0750719985961914,0.002),(0.0346720008850097,0.0750719985961914,0.014),
(0.0346720008850097,0.0767389984130859,0.002),(0.0346720008850097,0.0767389984130859,
0.014),(0.0347150001525879,-0.056798999786377,0.014),(0.0347150001525879,
-0.0567989997863769,0.002),(0.0347150001525879,-0.0550120010375977,0.002),
(0.0347150001525879,-0.0550120010375977,0.014),(0.0347150001525879,0.0750120010375977,
0.002),(0.0347150001525879,0.0750120010375977,0.014),(0.0347150001525879,
0.0767990036010742,0.002),(0.0347150001525879,0.0767990036010742,0.014),
(0.034742000579834,-0.0591959991455078,0.002),(0.034742000579834,-0.0591959991455078,
0.014),(0.034742000579834,-0.0526150016784668,0.002),(0.034742000579834,
-0.0526150016784668,0.014),(0.034742000579834,0.0726149978637695,0.002),
(0.034742000579834,0.0726149978637695,0.014),(0.034742000579834,0.0791959991455078,
0.002),(0.034742000579834,0.0791959991455078,0.014),(0.0347599983215332,
-0.0568569984436035,0.002),(0.0347599983215332,-0.0568569984436035,0.014),
(0.0347599983215332,-0.0549539985656738,0.002),(0.0347599983215332,-0.0549539985656738,
0.014),(0.0347599983215332,0.0749540023803711,0.002),(0.0347599983215332,
0.0749540023803711,0.014),(0.0347599983215332,0.0768570022583008,0.002),
(0.0347599983215332,0.0768570022583008,0.014),(0.0348079986572266,-0.0569129981994629,
0.014),(0.0348079986572266,-0.0548979988098145,0.002),(0.0348079986572266,
-0.0548979988098145,0.014),(0.0348079986572266,0.0748980026245117,0.002),
(0.0348079986572266,0.0748980026245117,0.014),(0.0348079986572266,0.0769130020141602,
0.002),(0.0348079986572266,0.0769130020141602,0.014),(0.0348079986572266,
-0.0569129981994629,0.002),(0.034859001159668,-0.0569659996032715,0.002),
(0.034859001159668,-0.0569659996032715,0.014),(0.034859001159668,-0.0548440017700195,
0.002),(0.034859001159668,-0.0548440017700195,0.014),(0.034859001159668,
0.0748440017700195,0.002),(0.034859001159668,0.0748440017700195,0.014),
(0.034859001159668,0.0769660034179688,0.002),(0.034859001159668,0.0769660034179688,
0.014),(0.0349049987792969,-0.05925,0.002),(0.0349049987792969,-0.05925,
0.014),(0.0349049987792969,-0.0525610008239746,0.002),(0.0349049987792969,
-0.0525610008239746,0.014),(0.0349049987792969,0.0725609970092773,0.002),
(0.0349049987792969,0.0725609970092773,0.014),(0.0349049987792969,0.07925,
0.002),(0.0349049987792969,0.07925,0.014),(0.0349119987487793,-0.0570169982910156,
0.002),(0.0349119987487793,-0.0570169982910156,0.014),(0.0349119987487793,
-0.0547939987182617,0.002),(0.0349119987487793,-0.0547939987182617,0.014),
(0.0349119987487793,0.0747939987182617,0.002),(0.0349119987487793,0.0747939987182617,
0.014),(0.0349119987487793,0.0770169982910156,0.002),(0.0349119987487793,
0.0770169982910156,0.014),(0.0349679985046387,-0.057064998626709,0.002),
(0.0349679985046387,-0.057064998626709,0.014),(0.0349679985046387,-0.0547459983825684,
0.002),(0.0349679985046387,-0.0547459983825684,0.014),(0.0349679985046387,
0.0747460021972656,0.014),(0.0349679985046387,0.0770650024414063,0.002),
(0.0349679985046387,0.0770650024414063,0.014),(0.0349679985046387,0.0747460021972657,
0.002),(0.0350260009765625,-0.0571100006103516,0.002),(0.0350260009765625,
-0.0571100006103516,0.014),(0.0350260009765625,-0.0547000007629395,0.002),
(0.0350260009765625,-0.0547000007629395,0.014),(0.0350260009765625,0.0746999969482422,
0.002),(0.0350260009765625,0.0746999969482422,0.014),(0.0350260009765625,
0.0771100006103516,0.002),(0.0350260009765625,0.0771100006103516,0.014),
(0.0350709991455078,-0.0592960014343262,0.002),(0.0350709991455078,-0.0592960014343262,
0.014),(0.0350709991455078,-0.0525149993896485,0.014),(0.0350709991455078,
-0.0525149993896484,0.002),(0.0350709991455078,0.0725149993896484,0.002),
(0.0350709991455078,0.0725149993896484,0.014),(0.0350709991455078,0.0792959976196289,
0.002),(0.0350709991455078,0.0792959976196289,0.014),(0.0350859985351563,
-0.0571529998779297,0.002),(0.0350859985351563,-0.0571529998779297,0.014),
(0.0350859985351563,-0.0546580009460449,0.002),(0.0350859985351563,-0.0546580009460449,
0.014),(0.0350859985351563,0.0746579971313477,0.002),(0.0350859985351563,
0.0746579971313477,0.014),(0.0350859985351563,0.0771529998779297,0.002),
(0.0350859985351563,0.0771529998779297,0.014),(0.0351479988098144,-0.0571920013427735,
0.002),(0.0351479988098144,-0.0571920013427734,0.014),(0.0351479988098144,
-0.0546180000305176,0.002),(0.0351479988098144,-0.0546180000305176,0.014),
(0.0351479988098144,0.0746179962158203,0.002),(0.0351479988098144,0.0746179962158203,
0.014),(0.0351479988098144,0.0771920013427734,0.002),(0.0351479988098144,
0.0771920013427734,0.014),(0.0352120018005371,-0.0572290000915527,0.002),
(0.0352120018005371,-0.0572290000915527,0.014),(0.0352120018005371,-0.0545820007324219,
0.002),(0.0352120018005371,-0.0545820007324219,0.014),(0.0352120018005371,
0.0745820007324219,0.002),(0.0352120018005371,0.0745820007324219,0.014),
(0.0352120018005371,0.0772289962768555,0.002),(0.0352120018005371,0.0772289962768555,
0.014),(0.0352379989624023,-0.0593330001831055,0.002),(0.0352379989624023,
-0.0593330001831055,0.014),(0.0352379989624023,-0.0524780006408692,0.014),
(0.0352379989624023,-0.0524780006408691,0.002),(0.0352379989624023,0.0724779968261719,
0.002),(0.0352379989624023,0.0724779968261719,0.014),(0.0352379989624023,
0.0793330001831055,0.002),(0.0352379989624023,0.0793330001831055,0.014),
(0.0352779998779297,-0.0572620010375977,0.002),(0.0352779998779297,-0.0572620010375977,
0.014),(0.0352779998779297,-0.054548999786377,0.002),(0.0352779998779297,
-0.054548999786377,0.014),(0.0352779998779297,0.0745490036010742,0.002),
(0.0352779998779297,0.0745490036010742,0.014),(0.0352779998779297,0.0772620010375977,
0.002),(0.0352779998779297,0.0772620010375977,0.014),(0.0353460006713867,
-0.0572919998168945,0.002),(0.0353460006713867,-0.0572919998168945,0.014),
(0.0353460006713867,-0.0545190010070801,0.002),(0.0353460006713867,-0.0545190010070801,
0.014),(0.0353460006713867,0.0745189971923828,0.002),(0.0353460006713867,
0.0745189971923828,0.014),(0.0353460006713867,0.0772919998168945,0.002),
(0.0353460006713867,0.0772919998168945,0.014),(0.0354070014953613,-0.0593629989624024,
0.002),(0.0354070014953613,-0.0593629989624023,0.014),(0.0354070014953613,
-0.0524480018615723,0.002),(0.0354070014953613,-0.0524480018615723,0.014),
(0.0354070014953613,0.072447998046875,0.002),(0.0354070014953613,0.072447998046875,
0.014),(0.0354070014953613,0.0793629989624023,0.002),(0.0354070014953613,
0.0793629989624023,0.014),(0.0354140014648437,-0.0573180007934571,0.014),
(0.0354140014648437,-0.057318000793457,0.002),(0.0354140014648437,-0.0544930000305176,
0.002),(0.0354140014648437,-0.0544930000305176,0.014),(0.0354140014648437,
0.0744929962158203,0.002),(0.0354140014648437,0.0744929962158203,0.014),
(0.0354140014648437,0.077318000793457,0.002),(0.0354140014648437,0.077318000793457,
0.014),(0.035484001159668,-0.0573409996032715,0.002),(0.035484001159668,
-0.0573409996032715,0.014),(0.035484001159668,-0.0544700012207031,0.002),
(0.035484001159668,-0.0544700012207031,0.014),(0.035484001159668,0.0744700012207031,
0.002),(0.035484001159668,0.0744700012207031,0.014),(0.035484001159668,
0.0773410034179688,0.002),(0.035484001159668,0.0773410034179688,0.014),
(0.0355550003051758,-0.0573610000610352,0.002),(0.0355550003051758,-0.0573610000610352,
0.014),(0.0355550003051758,-0.0544500007629395,0.002),(0.0355550003051758,
-0.0544500007629394,0.014),(0.0355550003051758,0.0744499969482422,0.002),
(0.0355550003051758,0.0744499969482422,0.014),(0.0355550003051758,0.0773610000610352,
0.002),(0.0355550003051758,0.0773610000610352,0.014),(0.0355769996643066,
-0.0593839988708496,0.002),(0.0355769996643066,-0.0593839988708496,0.014),
(0.0355769996643066,-0.0524269981384277,0.002),(0.0355769996643066,-0.0524269981384277,
0.014),(0.0355769996643066,0.072427001953125,0.002),(0.0355769996643066,
0.072427001953125,0.014),(0.0355769996643066,0.0793840026855469,0.002),
(0.0355769996643066,0.0793840026855469,0.014),(0.0356269989013672,-0.0573769989013672,
0.002),(0.0356269989013672,-0.0573769989013672,0.014),(0.0356269989013672,
-0.0544339981079102,0.002),(0.0356269989013672,-0.0544339981079102,0.014),
(0.0356269989013672,0.0744339981079102,0.002),(0.0356269989013672,0.0744339981079102,
0.014),(0.0356269989013672,0.0773769989013672,0.002),(0.0356269989013672,
0.0773769989013672,0.014),(0.0357000007629395,-0.0573889999389649,0.002),
(0.0357000007629395,-0.0573889999389649,0.014),(0.0357000007629395,-0.0544210014343262,
0.002),(0.0357000007629395,-0.0544210014343262,0.014),(0.0357000007629395,
0.0744209976196289,0.002),(0.0357000007629395,0.0744209976196289,0.014),
(0.0357000007629395,0.0773889999389649,0.002),(0.0357000007629395,0.0773889999389649,
0.014),(0.0357480010986328,-0.0593959999084473,0.002),(0.0357480010986328,
-0.0593959999084473,0.014),(0.0357480010986328,-0.0524150009155273,0.002),
(0.0357480010986328,-0.0524150009155273,0.014),(0.0357480010986328,0.0724150009155273,
0.002),(0.0357480010986328,0.0724150009155273,0.014),(0.0357480010986328,
0.0793960037231445,0.014),(0.0357480010986328,0.0793960037231446,0.002),
(0.0357729988098144,-0.0573989982604981,0.002),(0.0357729988098144,-0.0573989982604981,
0.014),(0.0357729988098144,-0.0544119987487793,0.002),(0.0357729988098144,
-0.0544119987487793,0.014),(0.0357729988098144,0.0744120025634766,0.002),
(0.0357729988098144,0.0744120025634766,0.014),(0.0357729988098144,0.0773990020751953,
0.002),(0.0357729988098144,0.0773990020751953,0.014),(0.0358460006713867,
-0.0574039993286133,0.002),(0.0358460006713867,-0.0574039993286133,0.014),
(0.0358460006713867,-0.0544070014953613,0.002),(0.0358460006713867,-0.0544070014953613,
0.014),(0.0358460006713867,0.0744069976806641,0.002),(0.0358460006713867,
0.0744069976806641,0.014),(0.0358460006713867,0.0774039993286133,0.002),
(0.0358460006713867,0.0774039993286133,0.014),(0.0359199981689453,-0.0594000015258789,
0.002),(0.0359199981689453,-0.0594000015258789,0.014),(0.0359199981689453,
-0.0574059982299805,0.002),(0.0359199981689453,-0.0574059982299805,0.014),
(0.0359199981689453,-0.0544049987792969,0.002),(0.0359199981689453,-0.0544049987792969,
0.014),(0.0359199981689453,-0.0524099998474121,0.002),(0.0359199981689453,
-0.0524099998474121,0.014),(0.0359199981689453,0.0724100036621094,0.002),
(0.0359199981689453,0.0724100036621094,0.014),(0.0359199981689453,0.0744049987792969,
0.002),(0.0359199981689453,0.0744049987792969,0.014),(0.0359199981689453,
0.0774059982299805,0.002),(0.0359199981689453,0.0774059982299805,0.014),
(0.0359199981689453,0.0794000015258789,0.002),(0.0359199981689453,0.0794000015258789,
0.014),(0.0359930000305176,-0.0574039993286133,0.002),(0.0359930000305176,
-0.0574039993286133,0.014),(0.0359930000305176,-0.0544070014953613,0.002),
(0.0359930000305176,-0.0544070014953613,0.014),(0.0359930000305176,0.0744069976806641,
0.002),(0.0359930000305176,0.0744069976806641,0.014),(0.0359930000305176,
0.0774039993286133,0.002),(0.0359930000305176,0.0774039993286133,0.014),
(0.0360670013427734,-0.0573989982604981,0.002),(0.0360670013427734,-0.0573989982604981,
0.014),(0.0360670013427734,-0.0544119987487793,0.002),(0.0360670013427734,
-0.0544119987487793,0.014),(0.0360670013427734,0.0744120025634766,0.002),
(0.0360670013427734,0.0744120025634766,0.014),(0.0360670013427734,0.0773990020751953,
0.002),(0.0360670013427734,0.0773990020751953,0.014),(0.0360909996032715,
-0.0593959999084473,0.002),(0.0360909996032715,-0.0593959999084473,0.014),
(0.0360909996032715,-0.0524150009155274,0.014),(0.0360909996032715,-0.0524150009155273,
0.002),(0.0360909996032715,0.0724150009155273,0.002),(0.0360909996032715,
0.0724150009155273,0.014),(0.0360909996032715,0.0793960037231445,0.002),
(0.0360909996032715,0.0793960037231446,0.014),(0.0361399993896485,-0.0573889999389649,
0.002),(0.0361399993896485,-0.0573889999389649,0.014),(0.0361399993896485,
-0.0544210014343262,0.002),(0.0361399993896485,-0.0544210014343262,0.014),
(0.0361399993896485,0.0744209976196289,0.002),(0.0361399993896485,0.0744209976196289,
0.014),(0.0361399993896485,0.0773889999389649,0.002),(0.0361399993896485,
0.0773889999389649,0.014),(0.0362120018005371,-0.0573769989013672,0.002),
(0.0362120018005371,-0.0573769989013672,0.014),(0.0362120018005371,-0.0544339981079102,
0.002),(0.0362120018005371,-0.0544339981079102,0.014),(0.0362120018005371,
0.0744339981079102,0.002),(0.0362120018005371,0.0744339981079102,0.014),
(0.0362120018005371,0.0773769989013672,0.002),(0.0362120018005371,0.0773769989013672,
0.014),(0.0362620010375976,-0.0593839988708496,0.002),(0.0362620010375976,
-0.0593839988708496,0.014),(0.0362620010375976,-0.0524269981384277,0.002),
(0.0362620010375976,-0.0524269981384277,0.014),(0.0362620010375976,0.072427001953125,
0.002),(0.0362620010375976,0.072427001953125,0.014),(0.0362620010375976,
0.0793840026855469,0.002),(0.0362620010375976,0.0793840026855469,0.014),
(0.0362840003967285,-0.0573610000610352,0.002),(0.0362840003967285,-0.0573610000610352,
0.014),(0.0362840003967285,-0.0544500007629395,0.002),(0.0362840003967285,
-0.0544500007629394,0.014),(0.0362840003967285,0.0744499969482422,0.002),
(0.0362840003967285,0.0744499969482422,0.014),(0.0362840003967285,0.0773610000610352,
0.002),(0.0362840003967285,0.0773610000610352,0.014),(0.0363549995422364,
-0.0573409996032715,0.002),(0.0363549995422364,-0.0573409996032715,0.014),
(0.0363549995422364,-0.0544700012207031,0.002),(0.0363549995422364,-0.0544700012207031,
0.014),(0.0363549995422364,0.0744700012207031,0.002),(0.0363549995422364,
0.0744700012207031,0.014),(0.0363549995422364,0.0773410034179688,0.002),
(0.0363549995422364,0.0773410034179688,0.014),(0.0364249992370606,-0.057318000793457,
0.002),(0.0364249992370606,-0.057318000793457,0.014),(0.0364249992370606,
-0.0544930000305176,0.002),(0.0364249992370606,-0.0544930000305176,0.014),
(0.0364249992370606,0.0744929962158203,0.002),(0.0364249992370606,0.0744929962158203,
0.014),(0.0364249992370606,0.077318000793457,0.002),(0.0364249992370606,
0.077318000793457,0.014),(0.0364329986572266,-0.0593629989624024,0.002),
(0.0364329986572266,-0.0593629989624023,0.014),(0.0364329986572266,-0.0524480018615723,
0.002),(0.0364329986572266,-0.0524480018615723,0.014),(0.0364329986572266,
0.072447998046875,0.002),(0.0364329986572266,0.072447998046875,0.014),(0.0364329986572266,
0.0793629989624023,0.002),(0.0364329986572266,0.0793629989624023,0.014),
(0.0364939994812012,-0.0572919998168945,0.002),(0.0364939994812012,-0.0572919998168945,
0.014),(0.0364939994812012,-0.0545190010070801,0.002),(0.0364939994812012,
-0.0545190010070801,0.014),(0.0364939994812012,0.0745189971923828,0.002),
(0.0364939994812012,0.0745189971923828,0.014),(0.0364939994812012,0.0772919998168945,
0.002),(0.0364939994812012,0.0772919998168945,0.014),(0.0365610008239746,
-0.0572620010375977,0.002),(0.0365610008239746,-0.0572620010375977,0.014),
(0.0365610008239746,-0.054548999786377,0.002),(0.0365610008239746,-0.054548999786377,
0.014),(0.0365610008239746,0.0745490036010742,0.002),(0.0365610008239746,
0.0745490036010742,0.014),(0.0365610008239746,0.0772620010375977,0.002),
(0.0365610008239746,0.0772620010375977,0.014),(0.0366020011901855,-0.0593330001831055,
0.002),(0.0366020011901855,-0.0593330001831055,0.014),(0.0366020011901855,
-0.0524780006408692,0.014),(0.0366020011901855,-0.0524780006408691,0.002),
(0.0366020011901855,0.0724779968261719,0.002),(0.0366020011901855,0.0724779968261719,
0.014),(0.0366020011901855,0.0793330001831055,0.002),(0.0366020011901855,
0.0793330001831055,0.014),(0.0366269989013672,-0.0572290000915527,0.002),
(0.0366269989013672,-0.0572290000915527,0.014),(0.0366269989013672,-0.0545820007324219,
0.002),(0.0366269989013672,-0.0545820007324219,0.014),(0.0366269989013672,
0.0745820007324219,0.002),(0.0366269989013672,0.0745820007324219,0.014),
(0.0366269989013672,0.0772289962768555,0.002),(0.0366269989013672,0.0772289962768555,
0.014),(0.0366910018920898,-0.0571920013427735,0.014),(0.0366910018920898,
-0.0571920013427734,0.002),(0.0366910018920898,-0.0546180000305176,0.002),
(0.0366910018920898,-0.0546180000305176,0.014),(0.0366910018920898,0.0746179962158203,
0.002),(0.0366910018920898,0.0746179962158203,0.014),(0.0366910018920898,
0.0771920013427734,0.002),(0.0366910018920898,0.0771920013427734,0.014),
(0.0367529983520508,-0.0571529998779297,0.002),(0.0367529983520508,-0.0571529998779297,
0.014),(0.0367529983520508,-0.0546580009460449,0.002),(0.0367529983520508,
-0.0546580009460449,0.014),(0.0367529983520508,0.0746579971313477,0.002),
(0.0367529983520508,0.0746579971313477,0.014),(0.0367529983520508,0.0771529998779297,
0.002),(0.0367529983520508,0.0771529998779297,0.014),(0.0367690010070801,
-0.0592960014343262,0.002),(0.0367690010070801,-0.0592960014343262,0.014),
(0.0367690010070801,-0.0525149993896484,0.002),(0.0367690010070801,-0.0525149993896484,
0.014),(0.0367690010070801,0.0725149993896484,0.002),(0.0367690010070801,
0.0725149993896484,0.014),(0.0367690010070801,0.0792959976196289,0.002),
(0.0367690010070801,0.0792959976196289,0.014),(0.0368129997253418,-0.0571100006103516,
0.002),(0.0368129997253418,-0.0571100006103516,0.014),(0.0368129997253418,
-0.0547000007629395,0.002),(0.0368129997253418,-0.0547000007629395,0.014),
(0.0368129997253418,0.0746999969482422,0.002),(0.0368129997253418,0.0746999969482422,
0.014),(0.0368129997253418,0.0771100006103516,0.002),(0.0368129997253418,
0.0771100006103516,0.014),(0.0368720016479492,-0.057064998626709,0.002),
(0.0368720016479492,-0.057064998626709,0.014),(0.0368720016479492,-0.0547459983825684,
0.002),(0.0368720016479492,-0.0547459983825684,0.014),(0.0368720016479492,
0.0747460021972656,0.002),(0.0368720016479492,0.0747460021972656,0.014),
(0.0368720016479492,0.0770650024414063,0.002),(0.0368720016479492,0.0770650024414063,
0.014),(0.0369269981384277,-0.0570169982910156,0.002),(0.0369269981384277,
-0.0570169982910156,0.014),(0.0369269981384277,-0.0547939987182617,0.002),
(0.0369269981384277,-0.0547939987182617,0.014),(0.0369269981384277,0.0747939987182617,
0.002),(0.0369269981384277,0.0747939987182617,0.014),(0.0369269981384277,
0.0770169982910156,0.002),(0.0369269981384277,0.0770169982910156,0.014),
(0.0369339981079101,-0.05925,0.002),(0.0369339981079101,-0.05925,0.014),
(0.0369339981079101,-0.0525610008239746,0.002),(0.0369339981079101,-0.0525610008239746,
0.014),(0.0369339981079101,0.0725609970092773,0.002),(0.0369339981079101,
0.0725609970092773,0.014),(0.0369339981079101,0.07925,0.002),(0.0369339981079101,
0.07925,0.014),(0.0369809989929199,-0.0569659996032715,0.002),(0.0369809989929199,
-0.0569659996032715,0.014),(0.0369809989929199,-0.0548440017700195,0.002),
(0.0369809989929199,-0.0548440017700195,0.014),(0.0369809989929199,0.0748440017700195,
0.002),(0.0369809989929199,0.0748440017700195,0.014),(0.0369809989929199,
0.0769660034179688,0.002),(0.0369809989929199,0.0769660034179688,0.014),
(0.0370309982299804,-0.0569129981994629,0.002),(0.0370309982299804,-0.0569129981994629,
0.014),(0.0370309982299804,-0.0548979988098145,0.002),(0.0370309982299804,
-0.0548979988098145,0.014),(0.0370309982299804,0.0748980026245117,0.002),
(0.0370309982299804,0.0748980026245117,0.014),(0.0370309982299804,0.0769130020141602,
0.002),(0.0370309982299804,0.0769130020141602,0.014),(0.0370789985656738,
-0.0568569984436035,0.002),(0.0370789985656738,-0.0549539985656738,0.002),
(0.0370789985656738,0.0749540023803711,0.002),(0.0370789985656738,0.0768570022583008,
0.002),(0.0370789985656738,-0.0568569984436035,0.014),(0.0370789985656738,
-0.0549539985656738,0.014),(0.0370789985656738,0.0749540023803711,0.014),
(0.0370789985656738,0.0768570022583008,0.014),(0.0370970001220703,-0.0591959991455078,
0.002),(0.0370970001220703,-0.0591959991455078,0.014),(0.0370970001220703,
-0.0526150016784668,0.002),(0.0370970001220703,-0.0526150016784668,0.014),
(0.0370970001220703,0.0726149978637695,0.002),(0.0370970001220703,0.0726149978637695,
0.014),(0.0370970001220703,0.0791959991455078,0.002),(0.0370970001220703,
0.0791959991455078,0.014),(0.037125,-0.056798999786377,0.002),(0.037125,
-0.0567989997863769,0.014),(0.037125,-0.0550120010375977,0.002),(0.037125,
-0.0550120010375977,0.014),(0.037125,0.0750120010375977,0.002),(0.037125,
0.0750120010375977,0.014),(0.037125,0.0767990036010742,0.002),(0.037125,
0.0767990036010742,0.014),(0.0371669998168946,-0.0567389984130859,0.002),
(0.0371669998168946,-0.0567389984130859,0.014),(0.0371669998168946,-0.0550719985961914,
0.002),(0.0371669998168946,-0.0550719985961914,0.014),(0.0371669998168946,
0.0750719985961914,0.002),(0.0371669998168946,0.0750719985961914,0.014),
(0.0371669998168946,0.0767389984130859,0.002),(0.0371669998168946,0.0767389984130859,
0.014),(0.0372070007324219,-0.0566769981384277,0.002),(0.0372070007324219,
-0.0566769981384277,0.014),(0.0372070007324219,-0.0551339988708496,0.002),
(0.0372070007324219,-0.0551339988708496,0.014),(0.0372070007324219,0.0751340026855469,
0.002),(0.0372070007324219,0.0751340026855469,0.014),(0.0372070007324219,
0.076677001953125,0.002),(0.0372070007324219,0.076677001953125,0.014),(0.0372430000305176,
-0.0566129989624023,0.002),(0.0372430000305176,-0.0566129989624023,0.014),
(0.0372430000305176,-0.0551980018615723,0.002),(0.0372430000305176,-0.0551980018615723,
0.014),(0.0372430000305176,0.075197998046875,0.002),(0.0372430000305176,
0.075197998046875,0.014),(0.0372430000305176,0.0766129989624023,0.014),
(0.0372430000305176,0.0766129989624024,0.002),(0.0372569999694824,-0.0591339988708496,
0.002),(0.0372569999694824,-0.0591339988708496,0.014),(0.0372569999694824,
-0.0526759986877441,0.002),(0.0372569999694824,-0.0526759986877441,0.014),
(0.0372569999694824,0.0726760025024414,0.002),(0.0372569999694824,0.0726760025024414,
0.014),(0.0372569999694824,0.0791340026855469,0.002),(0.0372569999694824,
0.0791340026855469,0.014),(0.0372760009765625,-0.0565470008850098,0.002),
(0.0372760009765625,-0.0565470008850098,0.014),(0.0372760009765625,-0.0552639999389649,
0.002),(0.0372760009765625,-0.0552639999389648,0.014),(0.0372760009765625,
0.0752639999389648,0.002),(0.0372760009765625,0.0752639999389649,0.014),
(0.0372760009765625,0.0765469970703125,0.002),(0.0372760009765625,0.0765469970703125,
0.014),(0.0373059997558594,0.0753310012817383,0.002),(0.0373059997558594,
-0.0564799995422363,0.002),(0.0373059997558594,-0.0564799995422363,0.014),
(0.0373059997558594,-0.0553310012817383,0.002),(0.0373059997558594,-0.0553310012817383,
0.014),(0.0373059997558594,0.0753310012817383,0.014),(0.0373059997558594,
0.0764800033569336,0.002),(0.0373059997558594,0.0764800033569336,0.014),
(0.0373320007324219,-0.0564109992980957,0.002),(0.0373320007324219,-0.0564109992980957,
0.014),(0.0373320007324219,-0.0554000015258789,0.002),(0.0373320007324219,
-0.0554000015258789,0.014),(0.0373320007324219,0.0754000015258789,0.002),
(0.0373320007324219,0.0754000015258789,0.014),(0.0373320007324219,0.076411003112793,
0.002),(0.0373320007324219,0.076411003112793,0.014),(0.0373549995422364,
-0.0563409996032715,0.002),(0.0373549995422364,-0.0563409996032715,0.014),
(0.0373549995422364,-0.0554700012207031,0.002),(0.0373549995422364,-0.0554700012207031,
0.014),(0.0373549995422364,0.0754700012207031,0.002),(0.0373549995422364,
0.0754700012207031,0.014),(0.0373549995422364,0.0763410034179688,0.002),
(0.0373549995422364,0.0763410034179688,0.014),(0.037375,-0.0562700004577637,
0.002),(0.037375,-0.0562700004577637,0.014),(0.037375,-0.0555410003662109,
0.002),(0.037375,-0.0555410003662109,0.014),(0.037375,0.0755410003662109,
0.002),(0.037375,0.0755410003662109,0.014),(0.037375,0.0762699966430664,
0.002),(0.037375,0.0762699966430664,0.014),(0.037390998840332,-0.0561980018615723,
0.002),(0.037390998840332,-0.0561980018615723,0.014),(0.037390998840332,
-0.0556129989624023,0.002),(0.037390998840332,-0.0556129989624023,0.014),
(0.037390998840332,0.0756129989624023,0.002),(0.037390998840332,0.0756129989624023,
0.014),(0.037390998840332,0.076197998046875,0.002),(0.037390998840332,0.076197998046875,
0.014),(0.0374039993286133,-0.0561259994506836,0.002),(0.0374039993286133,
-0.0561259994506836,0.014),(0.0374039993286133,-0.055685001373291,0.002),
(0.0374039993286133,-0.055685001373291,0.014),(0.0374039993286133,0.0756849975585937,
0.014),(0.0374039993286133,0.0756849975585938,0.002),(0.0374039993286133,
0.0761259994506836,0.002),(0.0374039993286133,0.0761259994506836,0.014),
(0.0374129981994629,-0.0560519981384277,0.002),(0.0374129981994629,-0.0560519981384277,
0.014),(0.0374129981994629,-0.055757999420166,0.002),(0.0374129981994629,
-0.055757999420166,0.014),(0.0374129981994629,0.0757580032348633,0.002),
(0.0374129981994629,0.0757580032348633,0.014),(0.0374129981994629,0.076052001953125,
0.002),(0.0374129981994629,0.076052001953125,0.014),(0.0374140014648437,
-0.059064998626709,0.002),(0.0374140014648437,-0.059064998626709,0.014),
(0.0374140014648437,-0.0527459983825684,0.002),(0.0374140014648437,-0.0527459983825684,
0.014),(0.0374140014648437,0.0727460021972656,0.002),(0.0374140014648437,
0.0727460021972656,0.014),(0.0374140014648437,0.0790650024414063,0.002),
(0.0374140014648437,0.0790650024414063,0.014),(0.0374179992675782,-0.0559790000915528,
0.014),(0.0374179992675782,-0.0559790000915527,0.002),(0.0374179992675782,
-0.0558320007324219,0.002),(0.0374179992675782,-0.0558320007324219,0.014),
(0.0374179992675782,0.0758320007324219,0.002),(0.0374179992675782,0.0758320007324219,
0.014),(0.0374179992675782,0.0759789962768555,0.002),(0.0374179992675782,
0.0759789962768555,0.014),(0.0374199981689453,-0.0559049987792969,0.002),
(0.0374199981689453,-0.0559049987792969,0.014),(0.0374199981689453,0.0759049987792969,
0.002),(0.0374199981689453,0.0759049987792969,0.014),(0.0375670013427735,
-0.0589879989624024,0.002),(0.0375670013427735,-0.0589879989624024,0.014),
(0.0375670013427735,-0.0528230018615723,0.002),(0.0375670013427735,-0.0528230018615723,
0.014),(0.0375670013427735,0.072822998046875,0.002),(0.0375670013427735,
0.072822998046875,0.014),(0.0375670013427735,0.0789879989624023,0.002),
(0.0375670013427735,0.0789879989624023,0.014),(0.0377159996032715,-0.0589029998779297,
0.002),(0.0377159996032715,-0.0589029998779297,0.014),(0.0377159996032715,
-0.0529080009460449,0.002),(0.0377159996032715,-0.0529080009460449,0.014),
(0.0377159996032715,0.0729079971313477,0.002),(0.0377159996032715,0.0729079971313477,
0.014),(0.0377159996032715,0.0789029998779297,0.002),(0.0377159996032715,
0.0789029998779297,0.014),(0.0378610000610351,-0.0588110008239746,0.002),
(0.0378610000610351,-0.0588110008239746,0.014),(0.0378610000610351,-0.0529990005493164,
0.002),(0.0378610000610351,-0.0529990005493164,0.014),(0.0378610000610351,
0.0729990005493164,0.002),(0.0378610000610351,0.0729990005493164,0.014),
(0.0378610000610351,0.0788109970092774,0.002),(0.0378610000610351,0.0788109970092774,
0.014),(0.0380019989013672,-0.0587130012512207,0.002),(0.0380019989013672,
-0.0587130012512207,0.014),(0.0380019989013672,-0.0530979995727539,0.002),
(0.0380019989013672,-0.0530979995727539,0.014),(0.0380019989013672,0.0730979995727539,
0.002),(0.0380019989013672,0.0730979995727539,0.014),(0.0380019989013672,
0.0787129974365234,0.002),(0.0380019989013672,0.0787129974365234,0.014),
(0.0381370010375976,-0.0586069984436035,0.002),(0.0381370010375976,-0.0586069984436035,
0.014),(0.0381370010375976,-0.0532039985656738,0.002),(0.0381370010375976,
-0.0532039985656738,0.014),(0.0381370010375976,0.0732040023803711,0.002),
(0.0381370010375976,0.0732040023803711,0.014),(0.0381370010375976,0.0786070022583008,
0.002),(0.0381370010375976,0.0786070022583008,0.014),(0.0382669982910156,
-0.0584949989318848,0.014),(0.0382669982910157,-0.0584949989318848,0.002),
(0.0382669982910157,-0.0533160018920899,0.002),(0.0382669982910157,-0.0533160018920899,
0.014),(0.0382669982910157,0.0733160018920899,0.002),(0.0382669982910157,
0.0733160018920899,0.014),(0.0382669982910157,0.078495002746582,0.002),
(0.0382669982910157,0.078495002746582,0.014),(0.038390998840332,-0.0583769989013672,
0.002),(0.038390998840332,-0.0583769989013672,0.014),(0.038390998840332,
-0.0534339981079102,0.002),(0.038390998840332,-0.0534339981079102,0.014),
(0.038390998840332,0.0734339981079102,0.002),(0.038390998840332,0.0734339981079102,
0.014),(0.038390998840332,0.0783769989013672,0.002),(0.038390998840332,
0.0783769989013672,0.014),(0.0385089988708496,-0.0582519989013672,0.002),
(0.0385089988708496,-0.0582519989013672,0.014),(0.0385089988708496,-0.0535579986572266,
0.002),(0.0385089988708496,-0.0535579986572266,0.014),(0.0385089988708496,
0.0735579986572266,0.002),(0.0385089988708496,0.0735579986572266,0.014),
(0.0385089988708496,0.0782519989013672,0.002),(0.0385089988708496,0.0782519989013672,
0.014),(0.0386209983825683,-0.0581230010986328,0.002),(0.0386209983825683,
-0.0581230010986328,0.014),(0.0386209983825683,-0.0536879997253418,0.002),
(0.0386209983825683,-0.0536879997253418,0.014),(0.0386209983825683,0.0736880035400391,
0.002),(0.0386209983825683,0.0736880035400391,0.014),(0.0386209983825683,
0.0781230010986328,0.002),(0.0386209983825683,0.0781230010986328,0.014),
(0.0387270011901855,-0.0579869995117188,0.002),(0.0387270011901855,-0.0579869995117188,
0.014),(0.0387270011901855,-0.0538230018615723,0.002),(0.0387270011901855,
-0.0538230018615723,0.014),(0.0387270011901855,0.073822998046875,0.002),
(0.0387270011901855,0.073822998046875,0.014),(0.0387270011901855,0.0779869995117188,
0.002),(0.0387270011901855,0.0779869995117188,0.014),(0.038826000213623,
-0.0578470001220703,0.002),(0.038826000213623,-0.0578470001220703,0.014),
(0.038826000213623,-0.0539640007019043,0.002),(0.038826000213623,-0.0539640007019043,
0.014),(0.038826000213623,0.073963996887207,0.002),(0.038826000213623,0.073963996887207,
0.014),(0.038826000213623,0.0778470001220703,0.002),(0.038826000213623,
0.0778470001220703,0.014),(0.0389169998168945,-0.0577019996643067,0.002),
(0.0389169998168945,-0.0577019996643067,0.014),(0.0389169998168945,-0.054109001159668,
0.002),(0.0389169998168945,-0.054109001159668,0.014),(0.0389169998168945,
0.074109001159668,0.002),(0.0389169998168945,0.074109001159668,0.014),(0.0389169998168945,
0.0777020034790039,0.002),(0.0389169998168945,0.0777020034790039,0.014),
(0.0390019989013672,-0.0575530014038086,0.002),(0.0390019989013672,-0.0575530014038086,
0.014),(0.0390019989013672,-0.054257999420166,0.002),(0.0390019989013672,
-0.054257999420166,0.014),(0.0390019989013672,0.0742580032348633,0.002),
(0.0390019989013672,0.0742580032348633,0.014),(0.0390019989013672,0.0775530014038086,
0.002),(0.0390019989013672,0.0775530014038086,0.014),(0.0390789985656739,
-0.0574000015258789,0.002),(0.0390789985656739,-0.0574000015258789,0.014),
(0.0390789985656739,-0.0544109992980957,0.002),(0.0390789985656739,-0.0544109992980957,
0.014),(0.0390789985656739,0.074411003112793,0.002),(0.0390789985656739,
0.074411003112793,0.014),(0.0390789985656739,0.0774000015258789,0.002),
(0.0390789985656739,0.0774000015258789,0.014),(0.0391489982604981,-0.0572430000305176,
0.002),(0.0391489982604981,-0.0572430000305176,0.014),(0.0391489982604981,
-0.054568000793457,0.002),(0.0391489982604981,-0.054568000793457,0.014),
(0.0391489982604981,0.074568000793457,0.002),(0.0391489982604981,0.074568000793457,
0.014),(0.0391489982604981,0.0772429962158203,0.002),(0.0391489982604981,
0.0772429962158203,0.014),(0.0392099990844727,-0.0570830001831055,0.002),
(0.0392099990844727,-0.0570830001831055,0.014),(0.0392099990844727,-0.0547280006408692,
0.014),(0.0392099990844727,-0.0547280006408691,0.002),(0.0392099990844727,
0.0747279968261719,0.002),(0.0392099990844727,0.0747279968261719,0.014),
(0.0392099990844727,0.0770830001831055,0.002),(0.0392099990844727,0.0770830001831055,
0.014),(0.0392639999389649,-0.0569199981689453,0.002),(0.0392639999389649,
-0.0569199981689453,0.014),(0.0392639999389649,-0.054890998840332,0.002),
(0.0392639999389649,-0.054890998840332,0.014),(0.0392639999389649,0.074890998840332,
0.002),(0.0392639999389649,0.074890998840332,0.014),(0.0392639999389649,
0.0769199981689453,0.002),(0.0392639999389649,0.0769199981689453,0.014),
(0.039310001373291,-0.0567550010681152,0.002),(0.039310001373291,-0.0567550010681152,
0.014),(0.039310001373291,-0.0550559997558594,0.002),(0.039310001373291,
-0.0550559997558594,0.014),(0.039310001373291,0.0750559997558594,0.002),
(0.039310001373291,0.0750559997558594,0.014),(0.039310001373291,0.076754997253418,
0.002),(0.039310001373291,0.076754997253418,0.014),(0.0393479995727539,
-0.0565870018005371,0.002),(0.0393479995727539,-0.0565870018005371,0.014),
(0.0393479995727539,-0.0552239990234375,0.002),(0.0393479995727539,-0.0552239990234375,
0.014),(0.0393479995727539,0.0752239990234375,0.002),(0.0393479995727539,
0.0752239990234375,0.014),(0.0393479995727539,0.0765869979858398,0.002),
(0.0393479995727539,0.0765869979858398,0.014),(0.0393769989013672,-0.0564179992675781,
0.002),(0.0393769989013672,-0.0564179992675781,0.014),(0.0393769989013672,
-0.0553930015563965,0.002),(0.0393769989013672,-0.0553930015563965,0.014),
(0.0393769989013672,0.0753929977416992,0.002),(0.0393769989013672,0.0753929977416992,
0.014),(0.0393769989013672,0.0764179992675781,0.002),(0.0393769989013672,
0.0764179992675781,0.014),(0.0393979988098144,-0.0562480010986328,0.002),
(0.0393979988098144,-0.0562480010986328,0.014),(0.0393979988098144,-0.0555629997253418,
0.002),(0.0393979988098144,-0.0555629997253418,0.014),(0.0393979988098144,
0.0755630035400391,0.002),(0.0393979988098144,0.0755630035400391,0.014),
(0.0393979988098144,0.0762480010986328,0.002),(0.0393979988098144,0.0762480010986328,
0.014),(0.0394099998474121,-0.0560769996643066,0.002),(0.0394099998474121,
-0.0560769996643066,0.014),(0.0394099998474121,-0.055734001159668,0.002),
(0.0394099998474121,-0.055734001159668,0.014),(0.0394099998474121,0.075734001159668,
0.002),(0.0394099998474121,0.075734001159668,0.014),(0.0394099998474121,
0.0760770034790039,0.002),(0.0394099998474121,0.0760770034790039,0.014),
(0.0394150009155273,-0.0559049987792969,0.002),(0.0394150009155273,-0.0559049987792969,
0.014),(0.0394150009155273,0.0759049987792969,0.002),(0.0394150009155273,
0.0759049987792969,0.014),(0.0399140014648438,-0.0599000015258789,0.00199699997901916),
(0.0399140014648438,0.0799000015258789,0.00199699997901916),(0.0399140014648438,
-0.0599000015258788,0.002),(0.0399140014648438,0.0724100036621094,0.002),
(0.0399140014648438,0.0799000015258789,0.002),(0.0403160018920899,-0.0603019981384277,
0.00199699997901916),(0.0403160018920899,-0.0603019981384277,0.026),(0.0403160018920899,
0.080302001953125,0.00199699997901916),(0.0403160018920899,0.080302001953125,
0.026),(0.0419109992980957,-0.0618969993591309,0.),(0.0419109992980957,
-0.0618969993591309,0.026),(0.0419109992980957,0.0818970031738281,0.),(0.0419109992980957,
0.0818970031738281,0.026)));
#65=COORDINATES_LIST('',512,((0.025,0.076,0.003),(0.025,0.076,0.004),(0.0250020008087158,
0.0759020004272461,0.003),(0.0250020008087158,0.0759020004272461,0.004),
(0.0250020008087158,0.0760979995727539,0.003),(0.0250020008087158,0.0760979995727539,
0.004),(0.0250100002288818,0.0758040008544922,0.003),(0.0250100002288818,
0.0758040008544922,0.004),(0.0250100002288818,0.0761959991455078,0.003),
(0.0250100002288818,0.0761959991455078,0.004),(0.0250219993591308,0.0757070007324219,
0.003),(0.0250219993591308,0.0757070007324219,0.004),(0.0250219993591308,
0.0762929992675781,0.003),(0.0250219993591308,0.0762929992675781,0.004),
(0.0250380001068115,0.0756100006103516,0.003),(0.0250380001068115,0.0756100006103516,
0.004),(0.0250380001068115,0.0763899993896484,0.003),(0.0250380001068115,
0.0763899993896484,0.004),(0.0250599994659424,0.0755139999389649,0.003),
(0.0250599994659424,0.0755139999389649,0.004),(0.0250599994659424,0.0764860000610352,
0.003),(0.0250599994659424,0.0764860000610352,0.004),(0.0250860004425049,
0.0754189987182617,0.003),(0.0250860004425049,0.0754189987182617,0.004),
(0.0250860004425049,0.0765810012817383,0.003),(0.0250860004425049,0.0765810012817383,
0.004),(0.025117000579834,0.0753259963989258,0.003),(0.025117000579834,
0.0753259963989258,0.004),(0.025117000579834,0.0766740036010742,0.003),
(0.025117000579834,0.0766740036010742,0.004),(0.0251520004272461,0.0752350006103516,
0.003),(0.0251520004272461,0.0752350006103516,0.004),(0.0251520004272461,
0.0767649993896484,0.003),(0.0251520004272461,0.0767649993896484,0.004),
(0.0251919994354248,0.0751449966430664,0.003),(0.0251919994354248,0.0751449966430664,
0.004),(0.0251919994354248,0.0768550033569336,0.004),(0.0251919994354249,
0.0768550033569335,0.003),(0.0252360000610352,0.075056999206543,0.003),
(0.0252360000610352,0.075056999206543,0.004),(0.0252360000610352,0.076943000793457,
0.003),(0.0252360000610352,0.076943000793457,0.004),(0.0252849998474121,
0.0749720001220703,0.003),(0.0252849998474121,0.0749720001220703,0.004),
(0.0252849998474121,0.0770279998779297,0.003),(0.0252849998474121,0.0770279998779297,
0.004),(0.0253369998931885,0.0748889999389649,0.003),(0.0253369998931885,
0.0748889999389649,0.004),(0.0253369998931885,0.0771110000610352,0.003),
(0.0253369998931885,0.0771110000610352,0.004),(0.0253939990997314,0.0748089981079102,
0.003),(0.0253939990997314,0.0748089981079102,0.004),(0.0253939990997314,
0.0771910018920898,0.003),(0.0253939990997314,0.0771910018920898,0.004),
(0.0254540004730224,0.0747310028076172,0.003),(0.0254540004730224,0.0747310028076172,
0.004),(0.0254540004730224,0.0772689971923828,0.003),(0.0254540004730224,
0.0772689971923828,0.004),(0.0255179996490478,0.0746569976806641,0.003),
(0.0255179996490478,0.0746569976806641,0.004),(0.0255179996490478,0.0773430023193359,
0.003),(0.0255179996490478,0.0773430023193359,0.004),(0.0255860004425049,
0.0745859985351563,0.003),(0.0255860004425049,0.0745859985351563,0.004),
(0.0255860004425049,0.0774140014648438,0.003),(0.0255860004425049,0.0774140014648438,
0.004),(0.0256569995880127,0.0745179977416992,0.003),(0.0256569995880127,
0.0745179977416992,0.004),(0.0256569995880127,0.0774820022583008,0.003),
(0.0256569995880127,0.0774820022583008,0.004),(0.0257310009002685,0.0744540023803711,
0.003),(0.0257310009002685,0.0744540023803711,0.004),(0.0257310009002685,
0.0775459976196289,0.003),(0.0257310009002685,0.0775459976196289,0.004),
(0.0258090000152588,0.0743939971923828,0.003),(0.0258090000152588,0.0743939971923828,
0.004),(0.0258090000152588,0.0776060028076172,0.003),(0.0258090000152588,
0.0776060028076172,0.004),(0.0258889999389648,0.0743369979858398,0.003),
(0.0258889999389648,0.0743369979858398,0.004),(0.0258889999389648,0.0776630020141602,
0.003),(0.0258889999389648,0.0776630020141602,0.004),(0.0259720001220703,
0.0742850036621094,0.003),(0.0259720001220703,0.0742850036621094,0.004),
(0.0259720001220703,0.0777149963378906,0.003),(0.0259720001220703,0.0777149963378906,
0.004),(0.0260249996185303,0.076,0.004),(0.0260249996185303,0.076,0.007),
(0.0260259990692139,0.0759520034790039,0.007),(0.0260259990692139,0.0760479965209961,
0.004),(0.0260259990692139,0.0760479965209961,0.007),(0.0260259990692139,
0.0759520034790039,0.004),(0.0260300006866455,0.0759039993286133,0.004),
(0.0260300006866455,0.0759039993286133,0.007),(0.0260300006866455,0.0760960006713867,
0.004),(0.0260300006866455,0.0760960006713867,0.007),(0.0260359992980957,
0.0758570022583008,0.004),(0.0260359992980957,0.0758570022583008,0.007),
(0.0260359992980957,0.0761429977416992,0.004),(0.0260359992980957,0.0761429977416992,
0.007),(0.0260440006256103,0.0758099975585937,0.004),(0.0260440006256103,
0.0761900024414063,0.004),(0.0260440006256103,0.0761900024414063,0.007),
(0.0260440006256104,0.0758099975585935,0.007),(0.0260540008544922,0.0757630004882812,
0.004),(0.0260540008544922,0.0757630004882812,0.007),(0.0260540008544922,
0.0762369995117188,0.004),(0.0260540008544922,0.0762369995117188,0.007),
(0.026056999206543,0.0742360000610352,0.003),(0.026056999206543,0.0742360000610352,
0.004),(0.026056999206543,0.0777639999389649,0.003),(0.026056999206543,
0.0777639999389649,0.004),(0.0260669994354248,0.0757170028686524,0.004),
(0.0260669994354248,0.0757170028686524,0.007),(0.0260669994354248,0.0762829971313477,
0.004),(0.0260669994354248,0.0762829971313477,0.007),(0.0260820007324218,
0.0756719970703125,0.007),(0.0260820007324219,0.0756719970703125,0.004),
(0.0260820007324219,0.0763280029296875,0.004),(0.0260820007324219,0.0763280029296875,
0.007),(0.0260990009307862,0.0756269989013672,0.004),(0.0260990009307862,
0.0756269989013672,0.007),(0.0260990009307862,0.0763730010986328,0.004),
(0.0260990009307862,0.0763730010986328,0.007),(0.0261189994812011,0.0755830001831055,
0.007),(0.0261189994812012,0.0755830001831055,0.004),(0.0261189994812012,
0.0764169998168945,0.004),(0.0261189994812012,0.0764169998168945,0.007),
(0.0261399993896484,0.0755400009155273,0.007),(0.0261399993896484,0.0755400009155274,
0.004),(0.0261399993896484,0.0764599990844727,0.004),(0.0261399993896484,
0.0764599990844727,0.007),(0.0261450004577637,0.0741920013427734,0.003),
(0.0261450004577637,0.0741920013427734,0.004),(0.0261450004577637,0.0778079986572266,
0.003),(0.0261450004577637,0.0778079986572266,0.004),(0.0261639995574951,
0.0754990005493164,0.004),(0.0261639995574951,0.0754990005493164,0.007),
(0.0261639995574951,0.0765009994506836,0.004),(0.0261639995574951,0.0765009994506836,
0.007),(0.0261889991760254,0.0754580001831055,0.004),(0.0261889991760254,
0.0754580001831055,0.007),(0.0261889991760254,0.0765419998168945,0.004),
(0.0261889991760254,0.0765419998168945,0.007),(0.0262169990539551,0.0754189987182617,
0.004),(0.0262169990539551,0.0754189987182617,0.007),(0.0262169990539551,
0.0765810012817383,0.004),(0.0262169990539551,0.0765810012817383,0.007),
(0.0262350006103515,0.0741520004272461,0.003),(0.0262350006103515,0.0741520004272461,
0.004),(0.0262350006103515,0.0778479995727539,0.003),(0.0262350006103515,
0.0778479995727539,0.004),(0.026246000289917,0.0753809967041016,0.004),
(0.026246000289917,0.0753809967041016,0.007),(0.026246000289917,0.0766190032958984,
0.004),(0.026246000289917,0.0766190032958984,0.007),(0.0262779998779297,
0.0753450012207031,0.004),(0.0262779998779297,0.0753450012207031,0.007),
(0.0262779998779297,0.0766549987792969,0.004),(0.0262779998779297,0.0766549987792969,
0.007),(0.0263110008239746,0.0753109970092774,0.004),(0.0263110008239746,
0.0753109970092774,0.007),(0.0263110008239746,0.0766890029907227,0.004),
(0.0263110008239746,0.0766890029907227,0.007),(0.0263260002136231,0.0741169967651367,
0.003),(0.0263260002136231,0.0741169967651367,0.004),(0.0263260002136231,
0.0778830032348633,0.003),(0.0263260002136231,0.0778830032348633,0.004),
(0.0263449993133545,0.0752779998779297,0.004),(0.0263449993133545,0.0752779998779297,
0.007),(0.0263449993133545,0.0767220001220703,0.004),(0.0263449993133545,
0.0767220001220703,0.007),(0.0263810005187989,0.0752460021972656,0.004),
(0.0263810005187989,0.0752460021972656,0.007),(0.0263810005187989,0.0767539978027344,
0.004),(0.0263810005187989,0.0767539978027344,0.007),(0.0264190006256103,
0.0740859985351563,0.003),(0.0264190006256103,0.0740859985351563,0.004),
(0.0264190006256103,0.0752170028686524,0.004),(0.0264190006256103,0.0752170028686524,
0.007),(0.0264190006256103,0.0767829971313477,0.004),(0.0264190006256103,
0.0767829971313477,0.007),(0.0264190006256103,0.0779140014648437,0.004),
(0.0264190006256103,0.0779140014648438,0.003),(0.0264580001831054,0.0751890029907227,
0.004),(0.0264580001831054,0.0751890029907227,0.007),(0.0264580001831054,
0.0768109970092773,0.004),(0.0264580001831054,0.0768109970092774,0.007),
(0.0264990005493164,0.0751640014648438,0.004),(0.0264990005493164,0.0751640014648438,
0.007),(0.0264990005493164,0.0768359985351563,0.004),(0.0264990005493164,
0.0768359985351563,0.007),(0.0265139999389649,0.0740599975585938,0.003),
(0.0265139999389649,0.0740599975585938,0.004),(0.0265139999389649,0.0779400024414063,
0.003),(0.0265139999389649,0.0779400024414063,0.004),(0.0265400009155273,
0.0751399993896484,0.004),(0.0265400009155273,0.0751399993896484,0.007),
(0.0265400009155273,0.0768600006103516,0.004),(0.0265400009155273,0.0768600006103516,
0.007),(0.0265830001831054,0.0751190032958984,0.004),(0.0265830001831054,
0.0751190032958984,0.007),(0.0265830001831054,0.0768809967041016,0.004),
(0.0265830001831054,0.0768809967041016,0.007),(0.0266100006103515,0.0740380020141602,
0.003),(0.0266100006103515,0.0740380020141602,0.004),(0.0266100006103515,
0.0779619979858399,0.003),(0.0266100006103515,0.0779619979858399,0.004),
(0.0266270008087158,0.0750989990234375,0.007),(0.0266270008087159,0.0750989990234375,
0.004),(0.0266270008087159,0.0769010009765625,0.004),(0.0266270008087159,
0.0769010009765625,0.007),(0.0266720008850098,0.0750820007324219,0.004),
(0.0266720008850098,0.0750820007324219,0.007),(0.0266720008850098,0.0769179992675781,
0.004),(0.0266720008850098,0.0769179992675781,0.007),(0.0267070007324219,
0.0740220031738281,0.003),(0.0267070007324219,0.0740220031738281,0.004),
(0.0267070007324219,0.0779779968261719,0.003),(0.0267070007324219,0.0779779968261719,
0.004),(0.0267169990539551,0.0750670013427734,0.004),(0.0267169990539551,
0.0750670013427734,0.007),(0.0267169990539551,0.0769329986572266,0.004),
(0.0267169990539551,0.0769329986572266,0.007),(0.0267630004882813,0.0750540008544922,
0.004),(0.0267630004882813,0.0750540008544922,0.007),(0.0267630004882813,
0.0769459991455078,0.004),(0.0267630004882813,0.0769459991455078,0.007),
(0.0268040008544922,0.0740100021362305,0.003),(0.0268040008544922,0.0740100021362305,
0.004),(0.0268040008544922,0.0779899978637695,0.003),(0.0268040008544922,
0.0779899978637695,0.004),(0.0268099994659424,0.0750439987182617,0.004),
(0.0268099994659424,0.0750439987182617,0.007),(0.0268099994659424,0.0769560012817383,
0.004),(0.0268099994659424,0.0769560012817383,0.007),(0.0268570003509521,
0.075036003112793,0.004),(0.0268570003509521,0.075036003112793,0.007),(0.0268570003509521,
0.076963996887207,0.004),(0.0268570003509521,0.076963996887207,0.007),(0.0269020004272461,
0.0740019989013672,0.003),(0.0269020004272461,0.0740019989013672,0.004),
(0.0269020004272461,0.0779980010986328,0.003),(0.0269020004272461,0.0779980010986328,
0.004),(0.0269039993286133,0.0750299987792969,0.004),(0.0269039993286133,
0.0750299987792969,0.007),(0.0269039993286133,0.0769700012207031,0.007),
(0.0269039993286133,0.0769700012207032,0.004),(0.0269519996643066,0.0750260009765625,
0.004),(0.0269519996643066,0.0750260009765625,0.007),(0.0269519996643066,
0.0769739990234375,0.004),(0.0269519996643066,0.0769739990234375,0.007),
(0.027,0.074,0.003),(0.027,0.074,0.004),(0.027,0.0750250015258789,0.004),
(0.027,0.0750250015258789,0.007),(0.027,0.0769749984741211,0.004),(0.027,
0.0769749984741211,0.007),(0.027,0.078,0.003),(0.027,0.078,0.004),(0.0270480003356934,
0.0750260009765625,0.004),(0.0270480003356934,0.0750260009765625,0.007),
(0.0270480003356934,0.0769739990234375,0.004),(0.0270480003356934,0.0769739990234375,
0.007),(0.0270960006713868,0.0750299987792969,0.004),(0.0270960006713868,
0.0750299987792969,0.007),(0.0270960006713868,0.0769700012207031,0.004),
(0.0270960006713868,0.0769700012207031,0.007),(0.0270979995727539,0.0740019989013672,
0.003),(0.0270979995727539,0.0740019989013672,0.004),(0.0270979995727539,
0.0779980010986328,0.003),(0.0270979995727539,0.0779980010986328,0.004),
(0.0271429996490478,0.075036003112793,0.004),(0.0271429996490478,0.075036003112793,
0.007),(0.0271429996490478,0.076963996887207,0.004),(0.0271429996490478,
0.076963996887207,0.007),(0.0271900005340576,0.0750439987182617,0.004),
(0.0271900005340576,0.0750439987182617,0.007),(0.0271900005340576,0.0769560012817383,
0.004),(0.0271900005340576,0.0769560012817383,0.007),(0.0271959991455078,
0.0740100021362305,0.003),(0.0271959991455078,0.0740100021362305,0.004),
(0.0271959991455078,0.0779899978637695,0.003),(0.0271959991455078,0.0779899978637695,
0.004),(0.0272369995117188,0.0750540008544922,0.004),(0.0272369995117188,
0.0750540008544922,0.007),(0.0272369995117188,0.0769459991455078,0.004),
(0.0272369995117188,0.0769459991455078,0.007),(0.0272830009460449,0.0750670013427734,
0.004),(0.0272830009460449,0.0750670013427734,0.007),(0.0272830009460449,
0.0769329986572266,0.004),(0.0272830009460449,0.0769329986572266,0.007),
(0.0272929992675781,0.0740220031738281,0.003),(0.0272929992675781,0.0740220031738281,
0.004),(0.0272929992675781,0.0779779968261719,0.003),(0.0272929992675781,
0.0779779968261719,0.004),(0.0273279991149902,0.0750820007324219,0.004),
(0.0273279991149902,0.0750820007324219,0.007),(0.0273279991149902,0.0769179992675781,
0.004),(0.0273279991149902,0.0769179992675781,0.007),(0.0273729991912842,
0.0750989990234375,0.004),(0.0273729991912842,0.0750989990234375,0.007),
(0.0273729991912842,0.0769010009765625,0.004),(0.0273729991912842,0.0769010009765625,
0.007),(0.0273899993896484,0.0740380020141602,0.003),(0.0273899993896484,
0.0740380020141602,0.004),(0.0273899993896484,0.0779619979858399,0.003),
(0.0273899993896484,0.0779619979858399,0.004),(0.0274169998168946,0.0751190032958984,
0.004),(0.0274169998168946,0.0751190032958984,0.007),(0.0274169998168946,
0.0768809967041016,0.004),(0.0274169998168946,0.0768809967041016,0.007),
(0.0274599990844726,0.0751399993896484,0.004),(0.0274599990844726,0.0751399993896484,
0.007),(0.0274599990844726,0.0768600006103516,0.004),(0.0274599990844726,
0.0768600006103516,0.007),(0.0274860000610351,0.0740599975585938,0.003),
(0.0274860000610351,0.0740599975585938,0.004),(0.0274860000610351,0.0779400024414063,
0.003),(0.0274860000610351,0.0779400024414063,0.004),(0.0275009994506836,
0.0751640014648438,0.004),(0.0275009994506836,0.0751640014648438,0.007),
(0.0275009994506836,0.0768359985351563,0.004),(0.0275009994506836,0.0768359985351563,
0.007),(0.0275419998168946,0.0751890029907227,0.004),(0.0275419998168946,
0.0751890029907227,0.007),(0.0275419998168946,0.0768109970092774,0.004),
(0.0275419998168946,0.0768109970092774,0.007),(0.0275809993743896,0.0740859985351563,
0.003),(0.0275809993743896,0.0740859985351563,0.004),(0.0275809993743896,
0.0752170028686524,0.004),(0.0275809993743896,0.0752170028686524,0.007),
(0.0275809993743896,0.0767829971313477,0.004),(0.0275809993743896,0.0767829971313477,
0.007),(0.0275809993743896,0.0779140014648437,0.004),(0.0275809993743896,
0.0779140014648438,0.003),(0.0276189994812012,0.0752460021972656,0.004),
(0.0276189994812012,0.0752460021972656,0.007),(0.0276189994812012,0.0767539978027344,
0.004),(0.0276189994812012,0.0767539978027344,0.007),(0.0276550006866455,
0.0752779998779297,0.004),(0.0276550006866455,0.0752779998779297,0.007),
(0.0276550006866455,0.0767220001220703,0.004),(0.0276550006866455,0.0767220001220703,
0.007),(0.027673999786377,0.0741169967651367,0.003),(0.027673999786377,
0.0741169967651367,0.004),(0.027673999786377,0.0778830032348633,0.003),
(0.027673999786377,0.0778830032348633,0.004),(0.0276889991760254,0.0753109970092774,
0.004),(0.0276889991760254,0.0753109970092774,0.007),(0.0276889991760254,
0.0766890029907227,0.004),(0.0276889991760254,0.0766890029907227,0.007),
(0.0277220001220703,0.0753450012207031,0.004),(0.0277220001220703,0.0753450012207031,
0.007),(0.0277220001220703,0.0766549987792969,0.004),(0.0277220001220703,
0.0766549987792969,0.007),(0.027753999710083,0.0753809967041016,0.004),
(0.027753999710083,0.0753809967041016,0.007),(0.027753999710083,0.0766190032958984,
0.004),(0.027753999710083,0.0766190032958984,0.007),(0.0277649993896484,
0.0741520004272461,0.003),(0.0277649993896484,0.0741520004272461,0.004),
(0.0277649993896484,0.0778479995727539,0.003),(0.0277649993896484,0.0778479995727539,
0.004),(0.0277830009460449,0.0754189987182617,0.004),(0.0277830009460449,
0.0754189987182617,0.007),(0.0277830009460449,0.0765810012817383,0.004),
(0.0277830009460449,0.0765810012817383,0.007),(0.0278110008239746,0.0754580001831055,
0.004),(0.0278110008239746,0.0754580001831055,0.007),(0.0278110008239746,
0.0765419998168945,0.004),(0.0278110008239746,0.0765419998168945,0.007),
(0.0278360004425049,0.0754990005493164,0.004),(0.0278360004425049,0.0754990005493164,
0.007),(0.0278360004425049,0.0765009994506836,0.004),(0.0278360004425049,
0.0765009994506836,0.007),(0.0278549995422364,0.0741920013427734,0.003),
(0.0278549995422364,0.0741920013427734,0.004),(0.0278549995422364,0.0778079986572266,
0.003),(0.0278549995422364,0.0778079986572266,0.004),(0.0278600006103515,
0.0755400009155273,0.007),(0.0278600006103515,0.0755400009155274,0.004),
(0.0278600006103515,0.0764599990844727,0.004),(0.0278600006103515,0.0764599990844727,
0.007),(0.0278810005187989,0.0755830001831055,0.004),(0.0278810005187989,
0.0755830001831055,0.007),(0.0278810005187989,0.0764169998168945,0.004),
(0.0278810005187989,0.0764169998168945,0.007),(0.0279009990692138,0.0756269989013672,
0.004),(0.0279009990692138,0.0756269989013672,0.007),(0.0279009990692138,
0.0763730010986328,0.004),(0.0279009990692138,0.0763730010986328,0.007),
(0.0279179992675782,0.0756719970703125,0.004),(0.0279179992675782,0.0756719970703125,
0.007),(0.0279179992675782,0.0763280029296875,0.004),(0.0279179992675782,
0.0763280029296875,0.007),(0.0279330005645752,0.0757170028686524,0.004),
(0.0279330005645752,0.0757170028686524,0.007),(0.0279330005645752,0.0762829971313477,
0.004),(0.0279330005645752,0.0762829971313477,0.007),(0.0279430007934571,
0.0742360000610352,0.003),(0.0279430007934571,0.0742360000610352,0.004),
(0.0279430007934571,0.0777639999389649,0.003),(0.0279430007934571,0.0777639999389649,
0.004),(0.0279459991455078,0.0757630004882813,0.007),(0.0279459991455078,
0.0762369995117188,0.007),(0.0279459991455079,0.0757630004882812,0.004),
(0.0279459991455079,0.0762369995117188,0.004),(0.0279559993743896,0.0758099975585937,
0.004),(0.0279559993743896,0.0758099975585937,0.007),(0.0279559993743896,
0.0761900024414063,0.004),(0.0279559993743896,0.0761900024414063,0.007),
(0.0279640007019043,0.0758570022583008,0.004),(0.0279640007019043,0.0758570022583008,
0.007),(0.0279640007019043,0.0761429977416992,0.004),(0.0279640007019043,
0.0761429977416992,0.007),(0.0279699993133545,0.0759039993286133,0.004),
(0.0279699993133545,0.0759039993286133,0.007),(0.0279699993133545,0.0760960006713867,
0.004),(0.0279699993133545,0.0760960006713867,0.007),(0.0279740009307862,
0.0759520034790039,0.004),(0.0279740009307862,0.0759520034790039,0.007),
(0.0279740009307862,0.0760479965209961,0.004),(0.0279740009307862,0.0760479965209961,
0.007),(0.0279750003814698,0.076,0.004),(0.0279750003814698,0.076,0.007),
(0.0280279998779297,0.0742850036621094,0.003),(0.0280279998779297,0.0742850036621094,
0.004),(0.0280279998779297,0.0777149963378906,0.003),(0.0280279998779297,
0.0777149963378906,0.004),(0.0281110000610351,0.0743369979858398,0.003),
(0.0281110000610351,0.0743369979858398,0.004),(0.0281110000610351,0.0776630020141602,
0.003),(0.0281110000610351,0.0776630020141602,0.004),(0.0281909999847412,
0.0743939971923828,0.003),(0.0281909999847412,0.0743939971923828,0.004),
(0.0281909999847412,0.0776060028076172,0.003),(0.0281909999847412,0.0776060028076172,
0.004),(0.0282689990997314,0.0744540023803711,0.003),(0.0282689990997314,
0.0744540023803711,0.004),(0.0282689990997314,0.0775459976196289,0.003),
(0.0282689990997314,0.0775459976196289,0.004),(0.0283430004119873,0.0745179977416992,
0.003),(0.0283430004119873,0.0745179977416992,0.004),(0.0283430004119873,
0.0774820022583008,0.003),(0.0283430004119873,0.0774820022583008,0.004),
(0.0284139995574951,0.0745859985351563,0.003),(0.0284139995574951,0.0774140014648438,
0.003),(0.0284139995574951,0.0774140014648438,0.004),(0.0284139995574951,
0.0745859985351563,0.004),(0.0284820003509521,0.0746569976806641,0.003),
(0.0284820003509521,0.0746569976806641,0.004),(0.0284820003509521,0.0773430023193359,
0.003),(0.0284820003509521,0.0773430023193359,0.004),(0.0285459995269775,
0.0747310028076172,0.003),(0.0285459995269775,0.0747310028076172,0.004),
(0.0285459995269775,0.0772689971923828,0.003),(0.0285459995269775,0.0772689971923828,
0.004),(0.0286060009002686,0.0748089981079102,0.003),(0.0286060009002686,
0.0748089981079102,0.004),(0.0286060009002686,0.0771910018920898,0.003),
(0.0286060009002686,0.0771910018920898,0.004),(0.0286630001068115,0.0748889999389649,
0.003),(0.0286630001068115,0.0748889999389649,0.004),(0.0286630001068115,
0.0771110000610352,0.003),(0.0286630001068115,0.0771110000610352,0.004),
(0.0287150001525879,0.0749720001220703,0.003),(0.0287150001525879,0.0749720001220703,
0.004),(0.0287150001525879,0.0770279998779297,0.003),(0.0287150001525879,
0.0770279998779297,0.004),(0.0287639999389648,0.075056999206543,0.003),
(0.0287639999389648,0.075056999206543,0.004),(0.0287639999389648,0.076943000793457,
0.003),(0.0287639999389648,0.076943000793457,0.004),(0.0288080005645752,
0.0751449966430664,0.003),(0.0288080005645752,0.0751449966430664,0.004),
(0.0288080005645752,0.0768550033569336,0.003),(0.0288080005645752,0.0768550033569336,
0.004),(0.0288479995727539,0.0752350006103516,0.003),(0.0288479995727539,
0.0752350006103516,0.004),(0.0288479995727539,0.0767649993896484,0.003),
(0.0288479995727539,0.0767649993896484,0.004),(0.028882999420166,0.0753259963989258,
0.003),(0.028882999420166,0.0753259963989258,0.004),(0.028882999420166,
0.0766740036010742,0.003),(0.028882999420166,0.0766740036010742,0.004),
(0.0289139995574951,0.0754189987182617,0.003),(0.0289139995574951,0.0754189987182617,
0.004),(0.0289139995574951,0.0765810012817383,0.003),(0.0289139995574951,
0.0765810012817383,0.004),(0.0289400005340576,0.0755139999389649,0.003),
(0.0289400005340576,0.0755139999389649,0.004),(0.0289400005340576,0.0764860000610352,
0.003),(0.0289400005340576,0.0764860000610352,0.004),(0.0289619998931885,
0.0756100006103516,0.003),(0.0289619998931885,0.0756100006103516,0.004),
(0.0289619998931885,0.0763899993896484,0.003),(0.0289619998931885,0.0763899993896484,
0.004),(0.0289780006408691,0.0757070007324219,0.003),(0.0289780006408691,
0.0757070007324219,0.004),(0.0289780006408691,0.0762929992675781,0.003),
(0.0289780006408691,0.0762929992675781,0.004),(0.0289899997711182,0.0758040008544922,
0.003),(0.0289899997711182,0.0758040008544922,0.004),(0.0289899997711182,
0.0761959991455078,0.003),(0.0289899997711182,0.0761959991455078,0.004),
(0.0289979991912842,0.0759020004272461,0.003),(0.0289979991912842,0.0759020004272461,
0.004),(0.0289979991912842,0.0760979995727539,0.003),(0.0289979991912842,
0.0760979995727539,0.004),(0.029,0.076,0.003),(0.029,0.076,0.004)));
#66=COORDINATES_LIST('',512,((0.011,0.076,0.003),(0.011,0.076,0.004),(0.0110019998550415,
0.0759020004272461,0.003),(0.0110019998550415,0.0759020004272461,0.004),
(0.0110019998550415,0.0760979995727539,0.003),(0.0110019998550415,0.0760979995727539,
0.004),(0.0110100002288818,0.0758040008544922,0.003),(0.0110100002288818,
0.0758040008544922,0.004),(0.0110100002288818,0.0761959991455078,0.003),
(0.0110100002288818,0.0761959991455078,0.004),(0.0110220003128052,0.0757070007324219,
0.003),(0.0110220003128052,0.0757070007324219,0.004),(0.0110220003128052,
0.0762929992675781,0.003),(0.0110220003128052,0.0762929992675781,0.004),
(0.0110380001068115,0.0756100006103516,0.003),(0.0110380001068115,0.0756100006103516,
0.004),(0.0110380001068115,0.0763899993896484,0.003),(0.0110380001068115,
0.0763899993896484,0.004),(0.0110600004196167,0.0755139999389649,0.003),
(0.0110600004196167,0.0755139999389649,0.004),(0.0110600004196167,0.0764860000610352,
0.003),(0.0110600004196167,0.0764860000610352,0.004),(0.0110860004425049,
0.0754189987182617,0.003),(0.0110860004425049,0.0754189987182617,0.004),
(0.0110860004425049,0.0765810012817383,0.003),(0.0110860004425049,0.0765810012817383,
0.004),(0.0111169996261597,0.0753259963989258,0.003),(0.0111169996261597,
0.0753259963989258,0.004),(0.0111169996261597,0.0766740036010742,0.003),
(0.0111169996261597,0.0766740036010742,0.004),(0.0111520004272461,0.0752350006103516,
0.003),(0.0111520004272461,0.0752350006103516,0.004),(0.0111520004272461,
0.0767649993896484,0.003),(0.0111520004272461,0.0767649993896484,0.004),
(0.0111920003890991,0.0751449966430664,0.003),(0.0111920003890991,0.0751449966430664,
0.004),(0.0111920003890991,0.0768550033569335,0.003),(0.0111920003890991,
0.0768550033569336,0.004),(0.0112360000610352,0.075056999206543,0.003),
(0.0112360000610352,0.075056999206543,0.004),(0.0112360000610352,0.076943000793457,
0.003),(0.0112360000610352,0.076943000793457,0.004),(0.0112849998474121,
0.0749720001220703,0.003),(0.0112849998474121,0.0770279998779297,0.003),
(0.0112849998474121,0.0749720001220703,0.004),(0.0112849998474121,0.0770279998779297,
0.004),(0.0113369998931885,0.0748889999389649,0.003),(0.0113369998931885,
0.0748889999389649,0.004),(0.0113369998931885,0.0771110000610352,0.003),
(0.0113369998931885,0.0771110000610352,0.004),(0.0113940000534058,0.0748089981079102,
0.003),(0.0113940000534058,0.0748089981079102,0.004),(0.0113940000534058,
0.0771910018920898,0.003),(0.0113940000534058,0.0771910018920898,0.004),
(0.0114540004730225,0.0747310028076172,0.003),(0.0114540004730225,0.0747310028076172,
0.004),(0.0114540004730225,0.0772689971923828,0.003),(0.0114540004730225,
0.0772689971923828,0.004),(0.0115179996490478,0.0746569976806641,0.003),
(0.0115179996490478,0.0746569976806641,0.004),(0.0115179996490478,0.0773430023193359,
0.003),(0.0115179996490478,0.0773430023193359,0.004),(0.0115860004425049,
0.0745859985351563,0.003),(0.0115860004425049,0.0745859985351563,0.004),
(0.0115860004425049,0.0774140014648438,0.003),(0.0115860004425049,0.0774140014648438,
0.004),(0.0116569995880127,0.0745179977416992,0.003),(0.0116569995880127,
0.0745179977416992,0.004),(0.0116569995880127,0.0774820022583008,0.003),
(0.0116569995880127,0.0774820022583008,0.004),(0.0117309999465942,0.0744540023803711,
0.003),(0.0117309999465942,0.0744540023803711,0.004),(0.0117309999465942,
0.0775459976196289,0.003),(0.0117309999465942,0.0775459976196289,0.004),
(0.0118090000152588,0.0743939971923828,0.003),(0.0118090000152588,0.0743939971923828,
0.004),(0.0118090000152588,0.0776060028076172,0.003),(0.0118090000152588,
0.0776060028076172,0.004),(0.0118889999389648,0.0743369979858398,0.003),
(0.0118889999389648,0.0743369979858398,0.004),(0.0118889999389648,0.0776630020141602,
0.003),(0.0118889999389648,0.0776630020141602,0.004),(0.0119720001220703,
0.0742850036621094,0.003),(0.0119720001220703,0.0742850036621094,0.004),
(0.0119720001220703,0.0777149963378906,0.003),(0.0119720001220703,0.0777149963378906,
0.004),(0.0120249996185303,0.076,0.004),(0.0120249996185303,0.076,0.007),
(0.0120260000228882,0.0759520034790039,0.004),(0.0120260000228882,0.0759520034790039,
0.007),(0.0120260000228882,0.0760479965209961,0.004),(0.0120260000228882,
0.0760479965209961,0.007),(0.0120299997329712,0.0759039993286133,0.004),
(0.0120299997329712,0.0759039993286133,0.007),(0.0120299997329712,0.0760960006713867,
0.004),(0.0120299997329712,0.0760960006713867,0.007),(0.01203600025177,
0.0758570022583008,0.004),(0.01203600025177,0.0758570022583008,0.007),(0.01203600025177,
0.0761429977416992,0.004),(0.01203600025177,0.0761429977416992,0.007),(0.012043999671936,
0.0758099975585937,0.004),(0.012043999671936,0.0758099975585937,0.007),
(0.012043999671936,0.0761900024414063,0.004),(0.012043999671936,0.0761900024414063,
0.007),(0.0120539999008179,0.0757630004882812,0.004),(0.0120539999008179,
0.0757630004882813,0.007),(0.0120539999008179,0.0762369995117188,0.004),
(0.0120539999008179,0.0762369995117188,0.007),(0.0120570001602173,0.0742360000610352,
0.003),(0.0120570001602173,0.0742360000610352,0.004),(0.0120570001602173,
0.0777639999389649,0.003),(0.0120570001602173,0.0777639999389649,0.004),
(0.0120670003890991,0.0757170028686524,0.004),(0.0120670003890991,0.0757170028686524,
0.007),(0.0120670003890991,0.0762829971313477,0.004),(0.0120670003890991,
0.0762829971313477,0.007),(0.0120819997787476,0.0756719970703125,0.004),
(0.0120819997787476,0.0756719970703125,0.007),(0.0120819997787476,0.0763280029296875,
0.004),(0.0120819997787476,0.0763280029296875,0.007),(0.0120989999771118,
0.0756269989013672,0.004),(0.0120989999771118,0.0756269989013672,0.007),
(0.0120989999771118,0.0763730010986328,0.004),(0.0120989999771118,0.0763730010986328,
0.007),(0.0121190004348755,0.0755830001831055,0.004),(0.0121190004348755,
0.0755830001831055,0.007),(0.0121190004348755,0.0764169998168945,0.004),
(0.0121190004348755,0.0764169998168945,0.007),(0.0121400003433227,0.0764599990844727,
0.007),(0.0121400003433228,0.0755400009155274,0.004),(0.0121400003433228,
0.0755400009155274,0.007),(0.0121400003433228,0.0764599990844727,0.004),
(0.0121450004577637,0.0741920013427734,0.003),(0.0121450004577637,0.0778079986572266,
0.003),(0.0121450004577637,0.0778079986572266,0.004),(0.0121450004577637,
0.0741920013427734,0.004),(0.0121639995574951,0.0754990005493164,0.004),
(0.0121639995574951,0.0754990005493164,0.007),(0.0121639995574951,0.0765009994506836,
0.004),(0.0121639995574951,0.0765009994506836,0.007),(0.0121890001296997,
0.0754580001831055,0.004),(0.0121890001296997,0.0754580001831055,0.007),
(0.0121890001296997,0.0765419998168945,0.004),(0.0121890001296997,0.0765419998168945,
0.007),(0.0122170000076294,0.0754189987182617,0.004),(0.0122170000076294,
0.0754189987182617,0.007),(0.0122170000076294,0.0765810012817383,0.004),
(0.0122170000076294,0.0765810012817383,0.007),(0.0122349996566772,0.0741520004272461,
0.003),(0.0122349996566772,0.0741520004272461,0.004),(0.0122349996566772,
0.0778479995727539,0.003),(0.0122349996566772,0.0778479995727539,0.004),
(0.012246000289917,0.0753809967041016,0.004),(0.012246000289917,0.0753809967041016,
0.007),(0.012246000289917,0.0766190032958984,0.004),(0.012246000289917,
0.0766190032958984,0.007),(0.0122779998779297,0.0753450012207031,0.004),
(0.0122779998779297,0.0753450012207031,0.007),(0.0122779998779297,0.0766549987792969,
0.004),(0.0122779998779297,0.0766549987792969,0.007),(0.0123109998703003,
0.0753109970092774,0.004),(0.0123109998703003,0.0753109970092774,0.007),
(0.0123109998703003,0.0766890029907224,0.007),(0.0123109998703003,0.0766890029907227,
0.004),(0.012326000213623,0.0741169967651367,0.003),(0.012326000213623,
0.0741169967651367,0.004),(0.012326000213623,0.0778830032348633,0.003),
(0.012326000213623,0.0778830032348633,0.004),(0.0123450002670288,0.0752779998779297,
0.004),(0.0123450002670288,0.0752779998779297,0.007),(0.0123450002670288,
0.0767220001220703,0.004),(0.0123450002670288,0.0767220001220703,0.007),
(0.0123809995651245,0.0752460021972656,0.004),(0.0123809995651245,0.0752460021972656,
0.007),(0.0123809995651245,0.0767539978027344,0.004),(0.0123809995651245,
0.0767539978027344,0.007),(0.012418999671936,0.0740859985351563,0.003),
(0.012418999671936,0.0740859985351563,0.004),(0.012418999671936,0.0752170028686524,
0.004),(0.012418999671936,0.0752170028686524,0.007),(0.012418999671936,
0.0767829971313477,0.004),(0.012418999671936,0.0767829971313477,0.007),
(0.012418999671936,0.0779140014648437,0.004),(0.012418999671936,0.0779140014648438,
0.003),(0.0124580001831055,0.0751890029907227,0.004),(0.0124580001831055,
0.0751890029907227,0.007),(0.0124580001831055,0.0768109970092774,0.004),
(0.0124580001831055,0.0768109970092774,0.007),(0.0124989995956421,0.0751640014648438,
0.004),(0.0124989995956421,0.0751640014648438,0.007),(0.0124989995956421,
0.0768359985351563,0.004),(0.0124989995956421,0.0768359985351563,0.007),
(0.0125139999389648,0.0740599975585938,0.003),(0.0125139999389648,0.0740599975585938,
0.004),(0.0125139999389648,0.0779400024414063,0.003),(0.0125139999389648,
0.0779400024414063,0.004),(0.012539999961853,0.0751399993896484,0.004),
(0.012539999961853,0.0751399993896484,0.007),(0.012539999961853,0.0768600006103516,
0.004),(0.012539999961853,0.0768600006103516,0.007),(0.0125830001831055,
0.0751190032958984,0.004),(0.0125830001831055,0.0751190032958984,0.007),
(0.0125830001831055,0.0768809967041016,0.004),(0.0125830001831055,0.0768809967041016,
0.007),(0.0126099996566772,0.0740380020141602,0.003),(0.0126099996566772,
0.0740380020141602,0.004),(0.0126099996566772,0.0779619979858399,0.003),
(0.0126099996566772,0.0779619979858399,0.004),(0.0126269998550415,0.0750989990234375,
0.004),(0.0126269998550415,0.0750989990234375,0.007),(0.0126269998550415,
0.0769010009765625,0.004),(0.0126269998550415,0.0769010009765625,0.007),
(0.0126719999313354,0.0750820007324219,0.004),(0.0126719999313354,0.0750820007324219,
0.007),(0.0126719999313354,0.0769179992675781,0.004),(0.0126719999313354,
0.0769179992675781,0.007),(0.0127069997787476,0.0740220031738281,0.003),
(0.0127069997787476,0.0740220031738281,0.004),(0.0127069997787476,0.0779779968261719,
0.003),(0.0127069997787476,0.0779779968261719,0.004),(0.0127170000076294,
0.0750670013427734,0.004),(0.0127170000076294,0.0750670013427734,0.007),
(0.0127170000076294,0.0769329986572266,0.004),(0.0127170000076294,0.0769329986572266,
0.007),(0.0127629995346069,0.0750540008544922,0.004),(0.0127629995346069,
0.0750540008544922,0.007),(0.0127629995346069,0.0769459991455078,0.004),
(0.0127629995346069,0.0769459991455078,0.007),(0.0128039999008179,0.0740100021362305,
0.003),(0.0128039999008179,0.0740100021362305,0.004),(0.0128039999008179,
0.0779899978637695,0.003),(0.0128039999008179,0.0779899978637695,0.004),
(0.0128100004196167,0.0750439987182617,0.004),(0.0128100004196167,0.0750439987182617,
0.007),(0.0128100004196167,0.0769560012817383,0.004),(0.0128100004196167,
0.0769560012817383,0.007),(0.0128570003509521,0.075036003112793,0.004),
(0.0128570003509521,0.075036003112793,0.007),(0.0128570003509521,0.076963996887207,
0.004),(0.0128570003509521,0.076963996887207,0.007),(0.0129020004272461,
0.0740019989013672,0.003),(0.0129020004272461,0.0740019989013672,0.004),
(0.0129020004272461,0.0779980010986328,0.003),(0.0129020004272461,0.0779980010986328,
0.004),(0.0129040002822876,0.0750299987792969,0.004),(0.0129040002822876,
0.0750299987792969,0.007),(0.0129040002822876,0.0769700012207031,0.004),
(0.0129040002822876,0.0769700012207031,0.007),(0.0129519996643066,0.0750260009765625,
0.004),(0.0129519996643066,0.0750260009765625,0.007),(0.0129519996643066,
0.0769739990234375,0.004),(0.0129519996643066,0.0769739990234375,0.007),
(0.013,0.074,0.003),(0.013,0.074,0.004),(0.013,0.0750250015258789,0.004),
(0.013,0.0750250015258789,0.007),(0.013,0.0769749984741211,0.004),(0.013,
0.0769749984741211,0.007),(0.013,0.078,0.003),(0.013,0.078,0.004),(0.0130480003356934,
0.0750260009765625,0.004),(0.0130480003356934,0.0750260009765625,0.007),
(0.0130480003356934,0.0769739990234375,0.004),(0.0130480003356934,0.0769739990234375,
0.007),(0.0130959997177124,0.0750299987792969,0.004),(0.0130959997177124,
0.0750299987792969,0.007),(0.0130959997177124,0.0769700012207031,0.007),
(0.0130959997177124,0.0769700012207032,0.004),(0.0130979995727539,0.0740019989013672,
0.003),(0.0130979995727539,0.0740019989013672,0.004),(0.0130979995727539,
0.0779980010986328,0.003),(0.0130979995727539,0.0779980010986328,0.004),
(0.0131429996490479,0.075036003112793,0.004),(0.0131429996490479,0.075036003112793,
0.007),(0.0131429996490479,0.076963996887207,0.004),(0.0131429996490479,
0.076963996887207,0.007),(0.0131899995803833,0.0750439987182617,0.004),
(0.0131899995803833,0.0750439987182617,0.007),(0.0131899995803833,0.0769560012817383,
0.004),(0.0131899995803833,0.0769560012817383,0.007),(0.0131960000991821,
0.0740100021362305,0.003),(0.0131960000991821,0.0740100021362305,0.004),
(0.0131960000991821,0.0779899978637695,0.003),(0.0131960000991821,0.0779899978637695,
0.004),(0.0132370004653931,0.0750540008544922,0.004),(0.0132370004653931,
0.0750540008544922,0.007),(0.0132370004653931,0.0769459991455078,0.004),
(0.0132370004653931,0.0769459991455078,0.007),(0.0132829999923706,0.0750670013427734,
0.004),(0.0132829999923706,0.0750670013427734,0.007),(0.0132829999923706,
0.0769329986572266,0.004),(0.0132829999923706,0.0769329986572266,0.007),
(0.0132930002212524,0.0740220031738281,0.003),(0.0132930002212524,0.0740220031738281,
0.004),(0.0132930002212524,0.0779779968261719,0.003),(0.0132930002212524,
0.0779779968261719,0.004),(0.0133280000686645,0.0750820007324219,0.004),
(0.0133280000686645,0.0750820007324219,0.007),(0.0133280000686645,0.0769179992675781,
0.004),(0.0133280000686645,0.0769179992675781,0.007),(0.0133730001449585,
0.0750989990234375,0.004),(0.0133730001449585,0.0750989990234375,0.007),
(0.0133730001449585,0.0769010009765625,0.004),(0.0133730001449585,0.0769010009765625,
0.007),(0.0133900003433228,0.0740380020141602,0.003),(0.0133900003433228,
0.0740380020141602,0.004),(0.0133900003433228,0.0779619979858399,0.003),
(0.0133900003433228,0.0779619979858399,0.004),(0.0134169998168945,0.0751190032958984,
0.004),(0.0134169998168945,0.0751190032958984,0.007),(0.0134169998168945,
0.0768809967041016,0.004),(0.0134169998168945,0.0768809967041016,0.007),
(0.013460000038147,0.0751399993896484,0.004),(0.013460000038147,0.0751399993896484,
0.007),(0.013460000038147,0.0768600006103516,0.004),(0.013460000038147,
0.0768600006103516,0.007),(0.0134860000610352,0.0740599975585938,0.003),
(0.0134860000610352,0.0740599975585938,0.004),(0.0134860000610352,0.0779400024414063,
0.003),(0.0134860000610352,0.0779400024414063,0.004),(0.0135010004043579,
0.0751640014648438,0.004),(0.0135010004043579,0.0751640014648438,0.007),
(0.0135010004043579,0.0768359985351563,0.004),(0.0135010004043579,0.0768359985351563,
0.007),(0.0135419998168945,0.0751890029907227,0.007),(0.0135419998168945,
0.0768109970092774,0.007),(0.0135419998168945,0.0751890029907227,0.004),
(0.0135419998168945,0.0768109970092773,0.004),(0.013581000328064,0.0740859985351563,
0.003),(0.013581000328064,0.0740859985351563,0.004),(0.013581000328064,
0.0752170028686524,0.004),(0.013581000328064,0.0752170028686524,0.007),
(0.013581000328064,0.0767829971313476,0.007),(0.013581000328064,0.0767829971313477,
0.004),(0.013581000328064,0.0779140014648437,0.004),(0.013581000328064,
0.0779140014648438,0.003),(0.0136190004348755,0.0752460021972656,0.004),
(0.0136190004348755,0.0752460021972656,0.007),(0.0136190004348755,0.0767539978027344,
0.004),(0.0136190004348755,0.0767539978027344,0.007),(0.0136549997329712,
0.0752779998779297,0.004),(0.0136549997329712,0.0752779998779297,0.007),
(0.0136549997329712,0.0767220001220703,0.004),(0.0136549997329712,0.0767220001220703,
0.007),(0.0136739997863769,0.0741169967651367,0.003),(0.0136739997863769,
0.0778830032348633,0.003),(0.013673999786377,0.0741169967651367,0.004),
(0.013673999786377,0.0778830032348633,0.004),(0.0136890001296997,0.0753109970092774,
0.004),(0.0136890001296997,0.0753109970092774,0.007),(0.0136890001296997,
0.0766890029907227,0.004),(0.0136890001296997,0.0766890029907227,0.007),
(0.0137220001220703,0.0753450012207031,0.004),(0.0137220001220703,0.0753450012207031,
0.007),(0.0137220001220703,0.0766549987792969,0.004),(0.0137220001220703,
0.0766549987792969,0.007),(0.013753999710083,0.0753809967041016,0.004),
(0.013753999710083,0.0753809967041016,0.007),(0.013753999710083,0.0766190032958984,
0.004),(0.013753999710083,0.0766190032958984,0.007),(0.0137650003433227,
0.0741520004272461,0.003),(0.0137650003433227,0.0741520004272461,0.004),
(0.0137650003433227,0.0778479995727539,0.003),(0.0137650003433227,0.0778479995727539,
0.004),(0.0137829999923706,0.0754189987182617,0.004),(0.0137829999923706,
0.0754189987182617,0.007),(0.0137829999923706,0.0765810012817383,0.004),
(0.0137829999923706,0.0765810012817383,0.007),(0.0138109998703003,0.0754580001831055,
0.004),(0.0138109998703003,0.0754580001831055,0.007),(0.0138109998703003,
0.0765419998168945,0.004),(0.0138109998703003,0.0765419998168945,0.007),
(0.0138360004425049,0.0754990005493164,0.004),(0.0138360004425049,0.0754990005493164,
0.007),(0.0138360004425049,0.0765009994506836,0.004),(0.0138360004425049,
0.0765009994506836,0.007),(0.0138549995422363,0.0741920013427734,0.003),
(0.0138549995422363,0.0741920013427734,0.004),(0.0138549995422363,0.0778079986572266,
0.004),(0.0138549995422363,0.0778079986572263,0.003),(0.0138599996566772,
0.0755400009155273,0.007),(0.0138599996566772,0.0755400009155274,0.004),
(0.0138599996566772,0.0764599990844727,0.004),(0.0138599996566772,0.0764599990844727,
0.007),(0.0138809995651245,0.0755830001831055,0.004),(0.0138809995651245,
0.0755830001831055,0.007),(0.0138809995651245,0.0764169998168945,0.004),
(0.0138809995651245,0.0764169998168945,0.007),(0.0139010000228882,0.0756269989013672,
0.004),(0.0139010000228882,0.0756269989013672,0.007),(0.0139010000228882,
0.0763730010986328,0.004),(0.0139010000228882,0.0763730010986328,0.007),
(0.0139180002212524,0.0756719970703125,0.004),(0.0139180002212524,0.0756719970703125,
0.007),(0.0139180002212524,0.0763280029296875,0.004),(0.0139180002212524,
0.0763280029296875,0.007),(0.0139329996109009,0.0757170028686524,0.004),
(0.0139329996109009,0.0757170028686524,0.007),(0.0139329996109009,0.0762829971313477,
0.004),(0.0139329996109009,0.0762829971313477,0.007),(0.0139429998397827,
0.0742360000610352,0.003),(0.0139429998397827,0.0742360000610352,0.004),
(0.0139429998397827,0.0777639999389649,0.003),(0.0139429998397827,0.0777639999389649,
0.004),(0.0139460000991821,0.0757630004882812,0.004),(0.0139460000991821,
0.0757630004882812,0.007),(0.0139460000991821,0.0762369995117188,0.004),
(0.0139460000991821,0.0762369995117188,0.007),(0.013956000328064,0.0758099975585937,
0.004),(0.013956000328064,0.0758099975585937,0.007),(0.013956000328064,
0.0761900024414063,0.004),(0.013956000328064,0.0761900024414063,0.007),
(0.01396399974823,0.0758570022583008,0.004),(0.01396399974823,0.0758570022583008,
0.007),(0.01396399974823,0.0761429977416992,0.004),(0.01396399974823,0.0761429977416992,
0.007),(0.0139700002670288,0.0759039993286133,0.004),(0.0139700002670288,
0.0759039993286133,0.007),(0.0139700002670288,0.0760960006713867,0.004),
(0.0139700002670288,0.0760960006713867,0.007),(0.0139739999771118,0.0759520034790039,
0.004),(0.0139739999771118,0.0759520034790039,0.007),(0.0139739999771118,
0.0760479965209961,0.004),(0.0139739999771118,0.0760479965209961,0.007),
(0.0139750003814697,0.076,0.004),(0.0139750003814697,0.076,0.007),(0.0140279998779297,
0.0742850036621094,0.003),(0.0140279998779297,0.0742850036621094,0.004),
(0.0140279998779297,0.0777149963378906,0.003),(0.0140279998779297,0.0777149963378906,
0.004),(0.0141110000610352,0.0743369979858398,0.003),(0.0141110000610352,
0.0743369979858398,0.004),(0.0141110000610352,0.0776630020141602,0.003),
(0.0141110000610352,0.0776630020141602,0.004),(0.0141909999847412,0.0743939971923828,
0.003),(0.0141909999847412,0.0743939971923828,0.004),(0.0141909999847412,
0.0776060028076172,0.003),(0.0141909999847412,0.0776060028076172,0.004),
(0.0142690000534058,0.0744540023803711,0.003),(0.0142690000534058,0.0744540023803711,
0.004),(0.0142690000534058,0.0775459976196289,0.003),(0.0142690000534058,
0.0775459976196289,0.004),(0.0143430004119873,0.0745179977416992,0.003),
(0.0143430004119873,0.0745179977416992,0.004),(0.0143430004119873,0.0774820022583008,
0.003),(0.0143430004119873,0.0774820022583008,0.004),(0.0144139995574951,
0.0745859985351563,0.003),(0.0144139995574951,0.0745859985351563,0.004),
(0.0144139995574951,0.0774140014648438,0.003),(0.0144139995574951,0.0774140014648438,
0.004),(0.0144820003509521,0.0746569976806641,0.003),(0.0144820003509521,
0.0746569976806641,0.004),(0.0144820003509521,0.0773430023193359,0.003),
(0.0144820003509521,0.0773430023193359,0.004),(0.0145459995269775,0.0747310028076172,
0.003),(0.0145459995269775,0.0747310028076172,0.004),(0.0145459995269775,
0.0772689971923828,0.003),(0.0145459995269775,0.0772689971923828,0.004),
(0.0146059999465942,0.0748089981079102,0.003),(0.0146059999465942,0.0748089981079102,
0.004),(0.0146059999465942,0.0771910018920898,0.003),(0.0146059999465942,
0.0771910018920898,0.004),(0.0146630001068115,0.0748889999389649,0.003),
(0.0146630001068115,0.0748889999389649,0.004),(0.0146630001068115,0.0771110000610352,
0.003),(0.0146630001068115,0.0771110000610352,0.004),(0.0147150001525879,
0.0749720001220703,0.003),(0.0147150001525879,0.0749720001220703,0.004),
(0.0147150001525879,0.0770279998779297,0.003),(0.0147150001525879,0.0770279998779297,
0.004),(0.0147639999389648,0.075056999206543,0.003),(0.0147639999389648,
0.075056999206543,0.004),(0.0147639999389648,0.076943000793457,0.003),(0.0147639999389648,
0.076943000793457,0.004),(0.0148079996109009,0.0751449966430664,0.003),
(0.0148079996109009,0.0751449966430664,0.004),(0.0148079996109009,0.0768550033569336,
0.003),(0.0148079996109009,0.0768550033569336,0.004),(0.0148479995727539,
0.0752350006103516,0.003),(0.0148479995727539,0.0752350006103516,0.004),
(0.0148479995727539,0.0767649993896484,0.003),(0.0148479995727539,0.0767649993896484,
0.004),(0.0148830003738403,0.0753259963989258,0.003),(0.0148830003738403,
0.0753259963989258,0.004),(0.0148830003738403,0.0766740036010742,0.003),
(0.0148830003738403,0.0766740036010742,0.004),(0.0149139995574951,0.0754189987182617,
0.003),(0.0149139995574951,0.0754189987182617,0.004),(0.0149139995574951,
0.0765810012817383,0.003),(0.0149139995574951,0.0765810012817383,0.004),
(0.0149399995803833,0.0755139999389649,0.003),(0.0149399995803833,0.0755139999389649,
0.004),(0.0149399995803833,0.0764860000610352,0.003),(0.0149399995803833,
0.0764860000610352,0.004),(0.0149619998931885,0.0756100006103516,0.004),
(0.0149619998931885,0.0756100006103516,0.003),(0.0149619998931885,0.0763899993896484,
0.003),(0.0149619998931885,0.0763899993896484,0.004),(0.0149779996871948,
0.0757070007324219,0.003),(0.0149779996871948,0.0757070007324219,0.004),
(0.0149779996871948,0.0762929992675781,0.003),(0.0149779996871948,0.0762929992675781,
0.004),(0.0149899997711182,0.0758040008544922,0.003),(0.0149899997711182,
0.0758040008544922,0.004),(0.0149899997711182,0.0761959991455078,0.003),
(0.0149899997711182,0.0761959991455078,0.004),(0.0149980001449585,0.0759020004272461,
0.003),(0.0149980001449585,0.0759020004272461,0.004),(0.0149980001449585,
0.0760979995727539,0.003),(0.0149980001449585,0.0760979995727539,0.004),
(0.015,0.076,0.003),(0.015,0.076,0.004)));
#67=TESSELLATED_SHELL('Part 3',(#61),$);
#68=TESSELLATED_SHELL('Part 1',(#62),$);
#69=TESSELLATED_SHELL('Part 2',(#63),$);
#70=SHAPE_DEFINITION_REPRESENTATION(#106,#73);
#71=SHAPE_DEFINITION_REPRESENTATION(#107,#74);
#72=SHAPE_DEFINITION_REPRESENTATION(#108,#75);
#73=SHAPE_REPRESENTATION('Part 3',(#76),#91);
#74=SHAPE_REPRESENTATION('Part 1',(#77),#92);
#75=SHAPE_REPRESENTATION('Part 2',(#78),#93);
#76=AXIS2_PLACEMENT_3D('',#85,#79,#80);
#77=AXIS2_PLACEMENT_3D('',#86,#81,#82);
#78=AXIS2_PLACEMENT_3D('',#87,#83,#84);
#79=DIRECTION('',(0.,0.,1.));
#80=DIRECTION('',(1.,0.,0.));
#81=DIRECTION('',(0.,0.,1.));
#82=DIRECTION('',(1.,0.,0.));
#83=DIRECTION('',(0.,0.,1.));
#84=DIRECTION('',(1.,0.,0.));
#85=CARTESIAN_POINT('',(0.,0.,0.));
#86=CARTESIAN_POINT('',(0.,0.,0.));
#87=CARTESIAN_POINT('',(0.,0.,0.));
#88=MECHANICAL_DESIGN_GEOMETRIC_PRESENTATION_REPRESENTATION('',(#16,#17),
#91);
#89=MECHANICAL_DESIGN_GEOMETRIC_PRESENTATION_REPRESENTATION('',(#18,#19),
#92);
#90=MECHANICAL_DESIGN_GEOMETRIC_PRESENTATION_REPRESENTATION('',(#20,#21),
#93);
#91=(
GEOMETRIC_REPRESENTATION_CONTEXT(3)
GLOBAL_UNCERTAINTY_ASSIGNED_CONTEXT((#94))
GLOBAL_UNIT_ASSIGNED_CONTEXT((#103,#100,#97))
REPRESENTATION_CONTEXT('Part 3','TOP_LEVEL_ASSEMBLY_PART')
);
#92=(
GEOMETRIC_REPRESENTATION_CONTEXT(3)
GLOBAL_UNCERTAINTY_ASSIGNED_CONTEXT((#95))
GLOBAL_UNIT_ASSIGNED_CONTEXT((#104,#101,#98))
REPRESENTATION_CONTEXT('Part 1','TOP_LEVEL_ASSEMBLY_PART')
);
#93=(
GEOMETRIC_REPRESENTATION_CONTEXT(3)
GLOBAL_UNCERTAINTY_ASSIGNED_CONTEXT((#96))
GLOBAL_UNIT_ASSIGNED_CONTEXT((#105,#102,#99))
REPRESENTATION_CONTEXT('Part 2','TOP_LEVEL_ASSEMBLY_PART')
);
#94=UNCERTAINTY_MEASURE_WITH_UNIT(LENGTH_MEASURE(1.E-8),#103,
'DISTANCE_ACCURACY_VALUE','Maximum Tolerance applied to model');
#95=UNCERTAINTY_MEASURE_WITH_UNIT(LENGTH_MEASURE(1.E-8),#104,
'DISTANCE_ACCURACY_VALUE','Maximum Tolerance applied to model');
#96=UNCERTAINTY_MEASURE_WITH_UNIT(LENGTH_MEASURE(1.E-8),#105,
'DISTANCE_ACCURACY_VALUE','Maximum Tolerance applied to model');
#97=(
NAMED_UNIT(*)
SI_UNIT($,.STERADIAN.)
SOLID_ANGLE_UNIT()
);
#98=(
NAMED_UNIT(*)
SI_UNIT($,.STERADIAN.)
SOLID_ANGLE_UNIT()
);
#99=(
NAMED_UNIT(*)
SI_UNIT($,.STERADIAN.)
SOLID_ANGLE_UNIT()
);
#100=(
NAMED_UNIT(*)
PLANE_ANGLE_UNIT()
SI_UNIT($,.RADIAN.)
);
#101=(
NAMED_UNIT(*)
PLANE_ANGLE_UNIT()
SI_UNIT($,.RADIAN.)
);
#102=(
NAMED_UNIT(*)
PLANE_ANGLE_UNIT()
SI_UNIT($,.RADIAN.)
);
#103=(
LENGTH_UNIT()
NAMED_UNIT(*)
SI_UNIT($,.METRE.)
);
#104=(
LENGTH_UNIT()
NAMED_UNIT(*)
SI_UNIT($,.METRE.)
);
#105=(
LENGTH_UNIT()
NAMED_UNIT(*)
SI_UNIT($,.METRE.)
);
#106=PRODUCT_DEFINITION_SHAPE('','',#109);
#107=PRODUCT_DEFINITION_SHAPE('','',#110);
#108=PRODUCT_DEFINITION_SHAPE('','',#111);
#109=PRODUCT_DEFINITION('','',#115,#112);
#110=PRODUCT_DEFINITION('','',#116,#113);
#111=PRODUCT_DEFINITION('','',#117,#114);
#112=PRODUCT_DEFINITION_CONTEXT('',#133,'design');
#113=PRODUCT_DEFINITION_CONTEXT('',#134,'design');
#114=PRODUCT_DEFINITION_CONTEXT('',#135,'design');
#115=PRODUCT_DEFINITION_FORMATION_WITH_SPECIFIED_SOURCE('','',#121,
 .NOT_KNOWN.);
#116=PRODUCT_DEFINITION_FORMATION_WITH_SPECIFIED_SOURCE('','',#122,
 .NOT_KNOWN.);
#117=PRODUCT_DEFINITION_FORMATION_WITH_SPECIFIED_SOURCE('','',#123,
 .NOT_KNOWN.);
#118=PRODUCT_RELATED_PRODUCT_CATEGORY('','',(#121));
#119=PRODUCT_RELATED_PRODUCT_CATEGORY('','',(#122));
#120=PRODUCT_RELATED_PRODUCT_CATEGORY('','',(#123));
#121=PRODUCT('Part 3','Part 3','Part 3',(#127));
#122=PRODUCT('Part 1','Part 1','Part 1',(#128));
#123=PRODUCT('Part 2','Part 2','Part 2',(#129));
#124=PRODUCT_CATEGORY('','');
#125=PRODUCT_CATEGORY('','');
#126=PRODUCT_CATEGORY('','');
#127=PRODUCT_CONTEXT('',#133,'mechanical');
#128=PRODUCT_CONTEXT('',#134,'mechanical');
#129=PRODUCT_CONTEXT('',#135,'mechanical');
#130=APPLICATION_PROTOCOL_DEFINITION('international standard',
'ap242_managed_model_based_3d_engineering',2020,#133);
#131=APPLICATION_PROTOCOL_DEFINITION('international standard',
'ap242_managed_model_based_3d_engineering',2020,#134);
#132=APPLICATION_PROTOCOL_DEFINITION('international standard',
'ap242_managed_model_based_3d_engineering',2020,#135);
#133=APPLICATION_CONTEXT('managed model based 3d engineering');
#134=APPLICATION_CONTEXT('managed model based 3d engineering');
#135=APPLICATION_CONTEXT('managed model based 3d engineering');
ENDSEC;
END-ISO-10303-21;
